rowKind,namespace,path,version,name,gitIntroduction,gitBlobOid,byteSha256,normalizedTextSha256,supabaseHistoryVersion,currentLedgerVerified,historicalGeneratedIdentity,timestampDeltaSecondsLedgerMinusRepository,drizzleHistoryIdentity,alternateRepositoryIdentities,ledgerStatementHashRelationship,installedObjectEvidence,confidence,classification,proposedAction,historyEvidence,runnerRisk,replaySafety
"repository","drizzle","drizzle/migrations/0000_combat2_legacy_browser_privileges.sql","0000","combat2_legacy_browser_privileges","{""commit"":""beff5bde0b9cf69767ee880d4c2324740d863803"",""time"":""2026-10-03T10:00:17Z""}","8387794e0fea37b4baec858d7f509a089e30fc9e","73df81b17ee54a0294e231d2f91a70ecc3a9da37508c027f00674d8181b92b65","73df81b17ee54a0294e231d2f91a70ecc3a9da37508c027f00674d8181b92b65","","true","","","{""id"":1,""hash"":""73df81b17ee54a0294e231d2f91a70ecc3a9da37508c027f00674d8181b92b65"",""createdAt"":1791021613818,""journalTag"":""0000_combat2_legacy_browser_privileges""}","[{""path"":""supabase/migrations/20261002190000_combat2_legacy_browser_privileges.sql"",""version"":""20261002190000"",""byteIdentical"":true}]","not_exported_in_001B; no reconstructed ledger bytes assumed","docs/operations/progression-001B-evidence-report.md:H0 five function ACLs/full MD5s","fresh_001B_effect_and_exact_drizzle_artifact","installed_but_unrecorded_canonical","no_action","docs/operations/progression-001B-evidence-report.md:H0","recorded hash/journal; actual next hosted runner route unverified","not_approved; source SQL may mutate data/DDL/privileges or require historical predecessor state"
"repository","supabase","supabase/migrations/20260211212345_41f57ff6-5254-4fb2-99cf-eccf43f00fc5.sql","20260211212345","41f57ff6-5254-4fb2-99cf-eccf43f00fc5","{""commit"":""a69f6ad505fb78a57d7ac3c752da45dd53c90c2f"",""time"":""2026-02-11T21:28:03Z""}","91f5566be036e736934b3cbe1e0534ebd83c41a3","9ef011b1bc3489b2ddc787e0fe5d49f0bf4aee3c9651a09267ad1684e1550cbc","9ef011b1bc3489b2ddc787e0fe5d49f0bf4aee3c9651a09267ad1684e1550cbc","","false","","","","[]","not_exported_in_001B; no reconstructed ledger bytes assumed","","unresolved_current_ledger","ambiguous","requires_installed_inspection","","version-based runner may see source identity as pending; exact planned-set/status evidence required","not_approved; source SQL may mutate data/DDL/privileges or require historical predecessor state"
"repository","supabase","supabase/migrations/20260211213427_af0668d3-3a2a-4574-a516-79882c654335.sql","20260211213427","af0668d3-3a2a-4574-a516-79882c654335","{""commit"":""6f2d0b61bf7def448c9d3ff58697bad13746b07b"",""time"":""2026-02-11T21:34:35Z""}","7431af946a75eadc9e01300166e3f211cca96362","cc019326be31af080cecf7cc1e742ea1130778da3596ebf7353b0e6ecec78f52","cc019326be31af080cecf7cc1e742ea1130778da3596ebf7353b0e6ecec78f52","","false","","","","[]","not_exported_in_001B; no reconstructed ledger bytes assumed","","unresolved_current_ledger","ambiguous","requires_installed_inspection","","version-based runner may see source identity as pending; exact planned-set/status evidence required","not_approved; source SQL may mutate data/DDL/privileges or require historical predecessor state"
"repository","supabase","supabase/migrations/20260211222621_a6ae4566-dbc0-4782-9892-8703be5a3273.sql","20260211222621","a6ae4566-dbc0-4782-9892-8703be5a3273","{""commit"":""f99b9a43161bc7ff2cf37f74ec71f17685992937"",""time"":""2026-02-11T22:26:40Z""}","6aad9073a7d07affba622d75ed90d72755c839da","d2b403fa030b79e1963fb404d675df24968eaeb366375d04837e725bf6909d93","d2b403fa030b79e1963fb404d675df24968eaeb366375d04837e725bf6909d93","","false","","","","[]","not_exported_in_001B; no reconstructed ledger bytes assumed","","unresolved_current_ledger","ambiguous","requires_installed_inspection","","version-based runner may see source identity as pending; exact planned-set/status evidence required","not_approved; source SQL may mutate data/DDL/privileges or require historical predecessor state"
"repository","supabase","supabase/migrations/20260211222634_9c7b6d59-af26-4a62-bd4e-4848ddca83af.sql","20260211222634","9c7b6d59-af26-4a62-bd4e-4848ddca83af","{""commit"":""f99b9a43161bc7ff2cf37f74ec71f17685992937"",""time"":""2026-02-11T22:26:40Z""}","17817efaf13685ba7e5fb789b77ad32a03f5ccb3","f8e8b64788ec3d2fe75f4b8db3c7c051345121b02f364633db590fa22a9e0a5a","523a467ebf5319b13962062ea3a0be4ff15fd0916f23a2c685033c3fbee2ba77","","false","","","","[]","not_exported_in_001B; no reconstructed ledger bytes assumed","","unresolved_current_ledger","ambiguous","requires_installed_inspection","","version-based runner may see source identity as pending; exact planned-set/status evidence required","not_approved; source SQL may mutate data/DDL/privileges or require historical predecessor state"
"repository","supabase","supabase/migrations/20260211230009_495daff8-5d23-4eb6-bc8e-8067a9ff7ca7.sql","20260211230009","495daff8-5d23-4eb6-bc8e-8067a9ff7ca7","{""commit"":""9e4a8724c628085060ee887c142995cf0e3bcf2f"",""time"":""2026-02-11T23:02:58Z""}","063136879009f7ee776e829622343e66c6d57e89","1899486ad8be5d92f085a11336392434b700f30684b91c8bb5f0318eab3ad93f","1899486ad8be5d92f085a11336392434b700f30684b91c8bb5f0318eab3ad93f","","false","","","","[]","not_exported_in_001B; no reconstructed ledger bytes assumed","","unresolved_current_ledger","ambiguous","requires_installed_inspection","","version-based runner may see source identity as pending; exact planned-set/status evidence required","not_approved; source SQL may mutate data/DDL/privileges or require historical predecessor state"
"repository","supabase","supabase/migrations/20260212092159_6e63f535-2ef9-4e05-9cea-d87a44570baf.sql","20260212092159","6e63f535-2ef9-4e05-9cea-d87a44570baf","{""commit"":""11272f78f7394a75ce3395f6a41485c3e3f6963d"",""time"":""2026-02-12T09:24:48Z""}","a17192cf81ada1a5475d58f3172f3f8e9a2f484a","b5cefcd750253da177133397865a565089257b93f30cd7daa135fa993c27c440","b5cefcd750253da177133397865a565089257b93f30cd7daa135fa993c27c440","","false","","","","[]","not_exported_in_001B; no reconstructed ledger bytes assumed","","unresolved_current_ledger","ambiguous","requires_installed_inspection","","version-based runner may see source identity as pending; exact planned-set/status evidence required","not_approved; source SQL may mutate data/DDL/privileges or require historical predecessor state"
"repository","supabase","supabase/migrations/20260212093000_efd21152-e2e1-4883-97a6-e2aa8f1bdd1a.sql","20260212093000","efd21152-e2e1-4883-97a6-e2aa8f1bdd1a","{""commit"":""09d2b0b0fc72de586a22b811c41b97a12d9a5efe"",""time"":""2026-02-12T09:30:41Z""}","69b79fbfa5a1c3ffe7a6568a034484514b4c9776","cd2b9db33303c6b06fe5fb5cee9ebbbd74325cdbcd5df694488633fb0a78036f","cd2b9db33303c6b06fe5fb5cee9ebbbd74325cdbcd5df694488633fb0a78036f","","false","","","","[]","not_exported_in_001B; no reconstructed ledger bytes assumed","","unresolved_current_ledger","ambiguous","requires_installed_inspection","","version-based runner may see source identity as pending; exact planned-set/status evidence required","not_approved; source SQL may mutate data/DDL/privileges or require historical predecessor state"
"repository","supabase","supabase/migrations/20260212095635_1e9031c2-1769-4819-93d1-42a3df960c2b.sql","20260212095635","1e9031c2-1769-4819-93d1-42a3df960c2b","{""commit"":""41364c1d3d8ad09c197dad58c53849bb2859d9ff"",""time"":""2026-02-12T09:58:18Z""}","214e98cfcb9823826d9fe0a388f657e073032efb","424c40b6350b9f66a3f91ca2cfbb4e6651a033eadfa08c52f147cc262505b718","424c40b6350b9f66a3f91ca2cfbb4e6651a033eadfa08c52f147cc262505b718","","false","","","","[]","not_exported_in_001B; no reconstructed ledger bytes assumed","","unresolved_current_ledger","ambiguous","requires_installed_inspection","","version-based runner may see source identity as pending; exact planned-set/status evidence required","not_approved; source SQL may mutate data/DDL/privileges or require historical predecessor state"
"repository","supabase","supabase/migrations/20260212101935_87b8c7db-df89-484d-b6f5-9af2c509986a.sql","20260212101935","87b8c7db-df89-484d-b6f5-9af2c509986a","{""commit"":""489a7ea63100075ebd14920f3f9c6421d18ae96c"",""time"":""2026-02-12T10:19:46Z""}","4c0290bbe35a97a95e6d3c8f592edf08e47dc59a","ea271b8e08c7c8348bdcff81c6f1b73d9af9688da995fd59c84f66750e5ea7e7","ea271b8e08c7c8348bdcff81c6f1b73d9af9688da995fd59c84f66750e5ea7e7","","false","","","","[]","not_exported_in_001B; no reconstructed ledger bytes assumed","","unresolved_current_ledger","ambiguous","requires_installed_inspection","","version-based runner may see source identity as pending; exact planned-set/status evidence required","not_approved; source SQL may mutate data/DDL/privileges or require historical predecessor state"
"repository","supabase","supabase/migrations/20260212102924_f25217f7-f802-477a-9a68-7bcaad5c6afa.sql","20260212102924","f25217f7-f802-477a-9a68-7bcaad5c6afa","{""commit"":""b91094d7732f85663a3bedde919893ac4f833dc2"",""time"":""2026-02-12T10:29:39Z""}","e95608b778bf0e455e64d76da3656134d5d729cb","589636ebb0e07129c371ec328b0707d58cc4545d3bb139232ee027bf6139fd84","589636ebb0e07129c371ec328b0707d58cc4545d3bb139232ee027bf6139fd84","","false","","","","[]","not_exported_in_001B; no reconstructed ledger bytes assumed","","unresolved_current_ledger","ambiguous","requires_installed_inspection","","version-based runner may see source identity as pending; exact planned-set/status evidence required","not_approved; source SQL may mutate data/DDL/privileges or require historical predecessor state"
"repository","supabase","supabase/migrations/20260212104049_e020049a-c74a-483e-9039-d60c5b0a61bc.sql","20260212104049","e020049a-c74a-483e-9039-d60c5b0a61bc","{""commit"":""e5275a1351d0a5e7565b20b59c02422ffe21ef30"",""time"":""2026-02-12T10:41:25Z""}","8516fb67efe58b84bdc7fdbd8e69104227a69f0d","bae6d392e67c02c76008c545923a6662aa221683de6fd85637d20cb570f19942","bae6d392e67c02c76008c545923a6662aa221683de6fd85637d20cb570f19942","","false","","","","[]","not_exported_in_001B; no reconstructed ledger bytes assumed","","unresolved_current_ledger","ambiguous","requires_installed_inspection","","version-based runner may see source identity as pending; exact planned-set/status evidence required","not_approved; source SQL may mutate data/DDL/privileges or require historical predecessor state"
"repository","supabase","supabase/migrations/20260212104724_7502debb-fd4a-4480-8567-509e964118b8.sql","20260212104724","7502debb-fd4a-4480-8567-509e964118b8","{""commit"":""adc0965e8c99fddb9026549f64c34557d9a79c13"",""time"":""2026-02-12T10:47:31Z""}","5ae43c8d1ca0d9990469917fa72f6788ec938dc4","6c2e0b95b478c78a950df3dad09077dae766d94fc8908a0b0a68a11cb14b2e8c","6c2e0b95b478c78a950df3dad09077dae766d94fc8908a0b0a68a11cb14b2e8c","","false","","","","[]","not_exported_in_001B; no reconstructed ledger bytes assumed","","unresolved_current_ledger","ambiguous","requires_installed_inspection","","version-based runner may see source identity as pending; exact planned-set/status evidence required","not_approved; source SQL may mutate data/DDL/privileges or require historical predecessor state"
"repository","supabase","supabase/migrations/20260212135928_9f0b6363-e7b6-4eb9-9470-ccdd6f14635b.sql","20260212135928","9f0b6363-e7b6-4eb9-9470-ccdd6f14635b","{""commit"":""018b99b77d77798346537cbf245b10eff33caefc"",""time"":""2026-02-12T14:00:08Z""}","53394a26a82881abba147c4b81991879efff99d4","453f6f065832104bb48059d5d65363ca582620dd1a95dfbd4882de4ba72e685c","244347bfadb434ba67796d51dd1de56ec8714982cb5078551a1346d6284e6fe0","","false","","","","[]","not_exported_in_001B; no reconstructed ledger bytes assumed","","unresolved_current_ledger","ambiguous","requires_installed_inspection","","version-based runner may see source identity as pending; exact planned-set/status evidence required","not_approved; source SQL may mutate data/DDL/privileges or require historical predecessor state"
"repository","supabase","supabase/migrations/20260212170446_059a448f-8b99-4c92-8293-6825191f88e8.sql","20260212170446","059a448f-8b99-4c92-8293-6825191f88e8","{""commit"":""3eaa0ac9e281f55910a1d89e1a6680844e191f8a"",""time"":""2026-02-12T17:04:55Z""}","6fdaba40c8250b1cb7e78eec11087a9c5c093ca1","44828657c8ffc7edc4c53f6121efcd2c3cd1dc4fc42e075f73fbcfb824a59077","44828657c8ffc7edc4c53f6121efcd2c3cd1dc4fc42e075f73fbcfb824a59077","","false","","","","[]","not_exported_in_001B; no reconstructed ledger bytes assumed","","unresolved_current_ledger","ambiguous","requires_installed_inspection","","version-based runner may see source identity as pending; exact planned-set/status evidence required","not_approved; source SQL may mutate data/DDL/privileges or require historical predecessor state"
"repository","supabase","supabase/migrations/20260212171313_ac339e24-903e-4f67-a232-2af786115c95.sql","20260212171313","ac339e24-903e-4f67-a232-2af786115c95","{""commit"":""f00f2f17ec4fc318785e57c37340020a98b45d82"",""time"":""2026-02-12T17:13:19Z""}","5338d11498df64a3eea7cc498149b91dea5f8ce2","9ca6313ff06f387de485a741c6a7f78d5d54bbbdbc38e3ffef15378e22a31c17","9ca6313ff06f387de485a741c6a7f78d5d54bbbdbc38e3ffef15378e22a31c17","","false","","","","[]","not_exported_in_001B; no reconstructed ledger bytes assumed","","unresolved_current_ledger","ambiguous","requires_installed_inspection","","version-based runner may see source identity as pending; exact planned-set/status evidence required","not_approved; source SQL may mutate data/DDL/privileges or require historical predecessor state"
"repository","supabase","supabase/migrations/20260212171712_c83f6018-c4c7-4893-8660-a1041f9f49bc.sql","20260212171712","c83f6018-c4c7-4893-8660-a1041f9f49bc","{""commit"":""94783bf2e064d40c531b80d896b63985a3683bc2"",""time"":""2026-02-12T17:17:21Z""}","2fe7e8b0e6d1135e1fab09d6b56db30365eaa1e1","28ac108aa298747bb41e810a8151222c7cafa10673533df56227e2b0b6db47af","28ac108aa298747bb41e810a8151222c7cafa10673533df56227e2b0b6db47af","","false","","","","[]","not_exported_in_001B; no reconstructed ledger bytes assumed","","unresolved_current_ledger","ambiguous","requires_installed_inspection","","version-based runner may see source identity as pending; exact planned-set/status evidence required","not_approved; source SQL may mutate data/DDL/privileges or require historical predecessor state"
"repository","supabase","supabase/migrations/20260212171757_aeb0db63-02ed-44dc-9e3a-fe6a4a6973c5.sql","20260212171757","aeb0db63-02ed-44dc-9e3a-fe6a4a6973c5","{""commit"":""6db23dca6c769615b921756841195ff66b400f2d"",""time"":""2026-02-12T17:18:48Z""}","9f9b7d5750b9d9aeedfd0b6644d06bb8a2d825b9","4e56f63b0c7552de8821004e67c5fe58d08f7194058c6feffedc4b1a79d1d172","4e56f63b0c7552de8821004e67c5fe58d08f7194058c6feffedc4b1a79d1d172","","false","","","","[]","not_exported_in_001B; no reconstructed ledger bytes assumed","","unresolved_current_ledger","ambiguous","requires_installed_inspection","","version-based runner may see source identity as pending; exact planned-set/status evidence required","not_approved; source SQL may mutate data/DDL/privileges or require historical predecessor state"
"repository","supabase","supabase/migrations/20260212192940_fc13d0bb-4a7d-4c8e-9fe8-0aaad9ed63a6.sql","20260212192940","fc13d0bb-4a7d-4c8e-9fe8-0aaad9ed63a6","{""commit"":""0b2bb41cae4f839b886a42146cf5c7d6cc33d303"",""time"":""2026-02-12T19:29:48Z""}","1dead00a568f7401dd539278e4b1aa169c0923b9","15ebe6da6ec96b4e2a3a434e648a1d21a7b2cbf7a26b6ab884a0bc417a806e54","84bcb49dfba74b041cb1843f7a61d67cc80efa2acc886f60b200c27222272b9d","","false","","","","[]","not_exported_in_001B; no reconstructed ledger bytes assumed","","unresolved_current_ledger","ambiguous","requires_installed_inspection","","version-based runner may see source identity as pending; exact planned-set/status evidence required","not_approved; source SQL may mutate data/DDL/privileges or require historical predecessor state"
"repository","supabase","supabase/migrations/20260212194159_215f60cb-fddc-4b9f-aee1-48ad9257f993.sql","20260212194159","215f60cb-fddc-4b9f-aee1-48ad9257f993","{""commit"":""7191c34dc41cc60a94cbe7137164a817d3a97b61"",""time"":""2026-02-12T19:42:48Z""}","25a978a6e525f778b9b6bee3f80ddcccf43677ec","52627df6960d2e2522477a1f462bed7a5b41db52454fea22efca2a5f4a3902aa","b96117bc45c47848723793b1e853bec16793fc3a41f5a0aad84e6ad51407e81a","","false","","","","[]","not_exported_in_001B; no reconstructed ledger bytes assumed","","unresolved_current_ledger","ambiguous","requires_installed_inspection","","version-based runner may see source identity as pending; exact planned-set/status evidence required","not_approved; source SQL may mutate data/DDL/privileges or require historical predecessor state"
"repository","supabase","supabase/migrations/20260212204225_bd70d5a9-8a6b-467e-b731-2e26d9f8459b.sql","20260212204225","bd70d5a9-8a6b-467e-b731-2e26d9f8459b","{""commit"":""34c96546b6691c3a3592027612e7c1737658796f"",""time"":""2026-02-12T20:42:44Z""}","b0ef1bf49d6900ab309e06337dec38d8b904231a","4def76e1a134489c2a0bafae323f1a716ab73386c5e06f67fd4a0c247745ad52","f668179e72de573de76bb6547238fdfc0d9ae2ae7a4892c691d40e89e775cdf8","","false","","","","[]","not_exported_in_001B; no reconstructed ledger bytes assumed","","unresolved_current_ledger","ambiguous","requires_installed_inspection","","version-based runner may see source identity as pending; exact planned-set/status evidence required","not_approved; source SQL may mutate data/DDL/privileges or require historical predecessor state"
"repository","supabase","supabase/migrations/20260212205330_b357558c-2cf0-4c9c-b879-beb9eee4a87d.sql","20260212205330","b357558c-2cf0-4c9c-b879-beb9eee4a87d","{""commit"":""135ae183910d3672c25dd63520dfdd23ecfc91d6"",""time"":""2026-02-12T20:54:08Z""}","436bfd1cb71a60fa933fa209f2cee05d7576faba","99b707823f0d1b53370aea6b49ef6c56162859afe3646ccd16269909814819e2","99b707823f0d1b53370aea6b49ef6c56162859afe3646ccd16269909814819e2","","false","","","","[]","not_exported_in_001B; no reconstructed ledger bytes assumed","","unresolved_current_ledger","ambiguous","requires_installed_inspection","","version-based runner may see source identity as pending; exact planned-set/status evidence required","not_approved; source SQL may mutate data/DDL/privileges or require historical predecessor state"
"repository","supabase","supabase/migrations/20260212205612_82b21b30-3200-4359-9184-8fb3c9cecf69.sql","20260212205612","82b21b30-3200-4359-9184-8fb3c9cecf69","{""commit"":""4f5cf7c1950a4ed5d9e5fd90c049b0fe8d4c65dd"",""time"":""2026-02-12T20:56:32Z""}","ca77371f60c3cbd04df6f0a9652fef00d2a8ebbd","f59a5bbac742ad6ed0301f75d9441dde63cab0635a70fee2af94a64b95384496","f59a5bbac742ad6ed0301f75d9441dde63cab0635a70fee2af94a64b95384496","","false","","","","[]","not_exported_in_001B; no reconstructed ledger bytes assumed","","unresolved_current_ledger","ambiguous","requires_installed_inspection","","version-based runner may see source identity as pending; exact planned-set/status evidence required","not_approved; source SQL may mutate data/DDL/privileges or require historical predecessor state"
"repository","supabase","supabase/migrations/20260212224152_81ff0949-9f2b-4ce0-87fe-d0d6fb805990.sql","20260212224152","81ff0949-9f2b-4ce0-87fe-d0d6fb805990","{""commit"":""9e38be67038fb29d3b81f9e136c386dae8a7019d"",""time"":""2026-02-12T22:43:08Z""}","a228f8f66d123526ca2d2938d2e53a4134c7f08b","41b6a5dcd8a299f4948f0d3d1b6d9c100cde6de1bc50846d37fc51acf27fb177","41b6a5dcd8a299f4948f0d3d1b6d9c100cde6de1bc50846d37fc51acf27fb177","","false","","","","[]","not_exported_in_001B; no reconstructed ledger bytes assumed","","unresolved_current_ledger","ambiguous","requires_installed_inspection","","version-based runner may see source identity as pending; exact planned-set/status evidence required","not_approved; source SQL may mutate data/DDL/privileges or require historical predecessor state"
"repository","supabase","supabase/migrations/20260213094539_d4d4f4fc-2638-4896-9279-36790cac6dab.sql","20260213094539","d4d4f4fc-2638-4896-9279-36790cac6dab","{""commit"":""33eba89007619fd6394ee07831fc75f25fb4e94d"",""time"":""2026-02-13T09:46:26Z""}","d1265a58c926f2dd9b1c29f52477dde4fd594585","26bc4effa18af66731188c5d2713a4fb55f8342cf31c6f83dad9010a3a33b587","26bc4effa18af66731188c5d2713a4fb55f8342cf31c6f83dad9010a3a33b587","","false","","","","[]","not_exported_in_001B; no reconstructed ledger bytes assumed","","unresolved_current_ledger","ambiguous","requires_installed_inspection","","version-based runner may see source identity as pending; exact planned-set/status evidence required","not_approved; source SQL may mutate data/DDL/privileges or require historical predecessor state"
"repository","supabase","supabase/migrations/20260213134442_4bea63e6-918c-4d65-8448-6777381fcafb.sql","20260213134442","4bea63e6-918c-4d65-8448-6777381fcafb","{""commit"":""7f160cd62d671fef618833f1f664d08ea0b00b69"",""time"":""2026-02-13T13:46:43Z""}","908b72c020bfd459094c0c3e0b3d716aeea35bdd","1c12f5113d94c06e8f11c1247da97a2de30a27caa447305e7ed69368c0d8efba","20edbcbe9ca43991ea6108222688e6a422b108e78848525d05edef745032cee3","","false","","","","[]","not_exported_in_001B; no reconstructed ledger bytes assumed","","unresolved_current_ledger","ambiguous","requires_installed_inspection","","version-based runner may see source identity as pending; exact planned-set/status evidence required","not_approved; source SQL may mutate data/DDL/privileges or require historical predecessor state"
"repository","supabase","supabase/migrations/20260213142629_aa4f9fa2-4fd6-455e-962a-e2ab0ea0efc9.sql","20260213142629","aa4f9fa2-4fd6-455e-962a-e2ab0ea0efc9","{""commit"":""371bdb83b13bb928c0f10c7d18ca9e50450ffdef"",""time"":""2026-02-13T14:26:37Z""}","0fc09a3aa79b758d883957c318530c869740285e","261e972d8b95e09d941f72549b79dcdb24dc3c686f8d29ec5efae0453d42b46f","9e320c1b4d8dd05b30483229c9e8e9078507990018b145c8b6d38d0c00e8ae73","","false","","","","[]","not_exported_in_001B; no reconstructed ledger bytes assumed","","unresolved_current_ledger","ambiguous","requires_installed_inspection","","version-based runner may see source identity as pending; exact planned-set/status evidence required","not_approved; source SQL may mutate data/DDL/privileges or require historical predecessor state"
"repository","supabase","supabase/migrations/20260213183731_f04e1f11-0770-4b2c-a14c-5ff48debf295.sql","20260213183731","f04e1f11-0770-4b2c-a14c-5ff48debf295","{""commit"":""5a03169789425cf8ff798d453288eb75bee2a14d"",""time"":""2026-02-13T18:38:54Z""}","eeb0347c7cd9c40a71e8aa150ce7e92a9ac8a7db","d531706a89874ef6b8e5f2bd3127015f3b62e1c714f179583c60f4571cefd84d","9bb97880856102379083f80a630f72d3c6dec41a49a632ac09ac9126f20f4c96","","false","","","","[]","not_exported_in_001B; no reconstructed ledger bytes assumed","","unresolved_current_ledger","ambiguous","requires_installed_inspection","","version-based runner may see source identity as pending; exact planned-set/status evidence required","not_approved; source SQL may mutate data/DDL/privileges or require historical predecessor state"
"repository","supabase","supabase/migrations/20260213214741_3b9fa8ce-f60f-45da-945a-4355cb78a893.sql","20260213214741","3b9fa8ce-f60f-45da-945a-4355cb78a893","{""commit"":""49574e09eed59798dfba6a28face1e65eb83cc77"",""time"":""2026-02-13T21:49:59Z""}","08b9ccdc5cd949115cdad268da1a36cc1274e5ae","2c777b9feeb5bcf0889bf5d06c0c4a2dc6f640a8b65d90de5c0f59d59ab91285","2c777b9feeb5bcf0889bf5d06c0c4a2dc6f640a8b65d90de5c0f59d59ab91285","","false","","","","[]","not_exported_in_001B; no reconstructed ledger bytes assumed","","unresolved_current_ledger","ambiguous","requires_installed_inspection","","version-based runner may see source identity as pending; exact planned-set/status evidence required","not_approved; source SQL may mutate data/DDL/privileges or require historical predecessor state"
"repository","supabase","supabase/migrations/20260213221111_5eff32ac-c4f0-400e-adf9-d263749153b5.sql","20260213221111","5eff32ac-c4f0-400e-adf9-d263749153b5","{""commit"":""8fdef43f5f8c48199f5e66163172c991fffdc256"",""time"":""2026-02-13T22:13:24Z""}","e2f96fa6f8532fe41fab6b65bfe51ab8b4b594bc","05723de19a30e966111a62eb14fc16832a1c30392c4baa8cde6be75b9169fdc2","05723de19a30e966111a62eb14fc16832a1c30392c4baa8cde6be75b9169fdc2","","false","","","","[]","not_exported_in_001B; no reconstructed ledger bytes assumed","","unresolved_current_ledger","ambiguous","requires_installed_inspection","","version-based runner may see source identity as pending; exact planned-set/status evidence required","not_approved; source SQL may mutate data/DDL/privileges or require historical predecessor state"
"repository","supabase","supabase/migrations/20260214214449_a7e099c5-2415-45d4-b319-50b7cc1b739d.sql","20260214214449","a7e099c5-2415-45d4-b319-50b7cc1b739d","{""commit"":""b608503b85488a0b023a150a9c66540752be898f"",""time"":""2026-02-14T21:47:24Z""}","8b4d6097a478893c853b4ee375eb8441d803b346","1ff57e185a4a8ed2d8f540cf61cd8786dfd1bfef2d4a14562d29ac5306a35e55","1ff57e185a4a8ed2d8f540cf61cd8786dfd1bfef2d4a14562d29ac5306a35e55","","false","","","","[]","not_exported_in_001B; no reconstructed ledger bytes assumed","","unresolved_current_ledger","ambiguous","requires_installed_inspection","","version-based runner may see source identity as pending; exact planned-set/status evidence required","not_approved; source SQL may mutate data/DDL/privileges or require historical predecessor state"
"repository","supabase","supabase/migrations/20260214223611_ca4efa3d-9ccc-49f3-8aa8-a404261825c2.sql","20260214223611","ca4efa3d-9ccc-49f3-8aa8-a404261825c2","{""commit"":""3f2270c37dbc84e3c6f3b1cf0e50ad293e4b04de"",""time"":""2026-02-14T22:36:44Z""}","cbdbfb39758b779ebd0dcb4838b5e3ac03cfc91b","7c31b5c344b17394cddfcbeea040c142148a2ec23f25ed980987cf04f7d05892","7c31b5c344b17394cddfcbeea040c142148a2ec23f25ed980987cf04f7d05892","","false","","","","[]","not_exported_in_001B; no reconstructed ledger bytes assumed","","unresolved_current_ledger","ambiguous","requires_installed_inspection","","version-based runner may see source identity as pending; exact planned-set/status evidence required","not_approved; source SQL may mutate data/DDL/privileges or require historical predecessor state"
"repository","supabase","supabase/migrations/20260214225833_1da980a6-149d-4525-9786-03d136d582cd.sql","20260214225833","1da980a6-149d-4525-9786-03d136d582cd","{""commit"":""a391c2dc64e28db93146b03309c2ba29ff647f31"",""time"":""2026-02-14T22:59:41Z""}","f30c5cfa09d9d3752a3c5ceec4cb43041d410c3d","172a069027e4d39872f860b5b8019bcbda3915fc2d70e5be398ea8c1972276d9","2540dad5eb91167f2bd73d40d4c16f561879f41d928c321632c12fb05c93318d","","false","","","","[]","not_exported_in_001B; no reconstructed ledger bytes assumed","","unresolved_current_ledger","ambiguous","requires_installed_inspection","","version-based runner may see source identity as pending; exact planned-set/status evidence required","not_approved; source SQL may mutate data/DDL/privileges or require historical predecessor state"
"repository","supabase","supabase/migrations/20260215002151_446b5eb0-10d4-4bcd-b534-06f72b4204bb.sql","20260215002151","446b5eb0-10d4-4bcd-b534-06f72b4204bb","{""commit"":""f88cb80f13a4e2b95a56f66825b3ede8f7de8aef"",""time"":""2026-02-15T00:23:13Z""}","5143e5bd9bf1a593a9b1f85e13f92ab25e62da85","90a340075ba7ac8f5159272265175b56506dc1a0e6e770010990005a7f40ca41","90a340075ba7ac8f5159272265175b56506dc1a0e6e770010990005a7f40ca41","","false","","","","[]","not_exported_in_001B; no reconstructed ledger bytes assumed","","unresolved_current_ledger","ambiguous","requires_installed_inspection","","version-based runner may see source identity as pending; exact planned-set/status evidence required","not_approved; source SQL may mutate data/DDL/privileges or require historical predecessor state"
"repository","supabase","supabase/migrations/20260215091228_fce1ea0c-a649-4361-959e-c677e1011267.sql","20260215091228","fce1ea0c-a649-4361-959e-c677e1011267","{""commit"":""fc2d88c53ae3dffd1028503694684850c873cbc8"",""time"":""2026-02-15T09:14:19Z""}","36cd44f169e331b8567e05e40427331e223b4be7","a331a8ae18e7db96598f20b1c41895d76aea154573834112d5d570e51f4ed359","a331a8ae18e7db96598f20b1c41895d76aea154573834112d5d570e51f4ed359","","false","","","","[]","not_exported_in_001B; no reconstructed ledger bytes assumed","","unresolved_current_ledger","ambiguous","requires_installed_inspection","","version-based runner may see source identity as pending; exact planned-set/status evidence required","not_approved; source SQL may mutate data/DDL/privileges or require historical predecessor state"
"repository","supabase","supabase/migrations/20260215220546_51581ad2-cbb6-4343-9c89-78edfa7ecc3b.sql","20260215220546","51581ad2-cbb6-4343-9c89-78edfa7ecc3b","{""commit"":""602677bdc180d7506cebc110c3842cbf2ec62b84"",""time"":""2026-02-15T22:07:20Z""}","2a4b275f30a7f3fb22d6cb9fa209486ab8f97182","166e324c09e1a3234212b2886d8476d5654819bb886650a0d5e763ac607960a6","166e324c09e1a3234212b2886d8476d5654819bb886650a0d5e763ac607960a6","","false","","","","[]","not_exported_in_001B; no reconstructed ledger bytes assumed","","unresolved_current_ledger","ambiguous","requires_installed_inspection","","version-based runner may see source identity as pending; exact planned-set/status evidence required","not_approved; source SQL may mutate data/DDL/privileges or require historical predecessor state"
"repository","supabase","supabase/migrations/20260216173103_8a9cf996-5fc7-40e8-b1c5-024ba6e90fc1.sql","20260216173103","8a9cf996-5fc7-40e8-b1c5-024ba6e90fc1","{""commit"":""0ab722567e6a081253450b0c4a8e1b0bb8f53aeb"",""time"":""2026-02-16T17:32:13Z""}","82ee1ed0f7a6b72179e1ceb9b7de2915a09eac5d","a6a9e035cc24528926ad7ee8adbdf90f734efbbe4a121814f781993c21c1da65","efbf51f392948bb9fedac393158789b0dcb24378c6047cdbde7c5deff968a631","","false","","","","[]","not_exported_in_001B; no reconstructed ledger bytes assumed","","unresolved_current_ledger","ambiguous","requires_installed_inspection","","version-based runner may see source identity as pending; exact planned-set/status evidence required","not_approved; source SQL may mutate data/DDL/privileges or require historical predecessor state"
"repository","supabase","supabase/migrations/20260216184142_33bf34e6-6969-41a1-b724-1ab89c8dc5d2.sql","20260216184142","33bf34e6-6969-41a1-b724-1ab89c8dc5d2","{""commit"":""5df8a2a3d11e6d053d762042029113e2875a3220"",""time"":""2026-02-16T18:42:23Z""}","bb86d022f4fa9553f272ddfc4ca1f61dcc58f777","e93d5ac170d9d0fe852f3833917ea2964f6582273caae789a39a049257d037e6","874b5f2fbdb068469c670b114ee56cf95a780fe5a66e20526c49283fa0f5ce0d","","false","","","","[]","not_exported_in_001B; no reconstructed ledger bytes assumed","","unresolved_current_ledger","ambiguous","requires_installed_inspection","","version-based runner may see source identity as pending; exact planned-set/status evidence required","not_approved; source SQL may mutate data/DDL/privileges or require historical predecessor state"
"repository","supabase","supabase/migrations/20260216222035_9fcfe1ee-dcf2-4c7d-a120-0792dcf2c44b.sql","20260216222035","9fcfe1ee-dcf2-4c7d-a120-0792dcf2c44b","{""commit"":""ed5ffa45a1b2bcc185794a1d80b5894bdadcf027"",""time"":""2026-02-16T22:20:45Z""}","e22735131098da9f1862a202861b5472fb8dbe64","a25b3a8972a4846e753b81a3e7f2d8d9e1eded3e9bfe69d89b349b3201a0402c","ae2e65ff556c37b61ceda88807f53093040278c546643101a94532dd65ec9ecc","","false","","","","[]","not_exported_in_001B; no reconstructed ledger bytes assumed","","unresolved_current_ledger","ambiguous","requires_installed_inspection","","version-based runner may see source identity as pending; exact planned-set/status evidence required","not_approved; source SQL may mutate data/DDL/privileges or require historical predecessor state"
"repository","supabase","supabase/migrations/20260217220342_ace83eb7-55b3-4cd5-9b4f-5b2f1fb74781.sql","20260217220342","ace83eb7-55b3-4cd5-9b4f-5b2f1fb74781","{""commit"":""3a964287ec6c9b9ac26f84d7d86153eda37be86e"",""time"":""2026-02-17T22:03:51Z""}","78cbc2b1084afe6fb7d0a5779acaa51906312756","4764de2a32b5a7619b7dea78cd2d4c861b947d31b84498ada4f7cb4aa0e4e0e1","4764de2a32b5a7619b7dea78cd2d4c861b947d31b84498ada4f7cb4aa0e4e0e1","","false","","","","[]","not_exported_in_001B; no reconstructed ledger bytes assumed","","unresolved_current_ledger","ambiguous","requires_installed_inspection","","version-based runner may see source identity as pending; exact planned-set/status evidence required","not_approved; source SQL may mutate data/DDL/privileges or require historical predecessor state"
"repository","supabase","supabase/migrations/20260217221230_e18bffb2-5ec6-49cb-863c-ad88a45321a8.sql","20260217221230","e18bffb2-5ec6-49cb-863c-ad88a45321a8","{""commit"":""50fa92d085a15061c3c90a922e610ebc145eb8ef"",""time"":""2026-02-17T22:13:00Z""}","9d1cf5b306fd665595085eca1b87f93356b15cb6","1a79d2832d45ef24328854f4b7c4dfb04dc29c9b5a7a9954a6886a742e52802c","1a79d2832d45ef24328854f4b7c4dfb04dc29c9b5a7a9954a6886a742e52802c","","false","","","","[]","not_exported_in_001B; no reconstructed ledger bytes assumed","","unresolved_current_ledger","ambiguous","requires_installed_inspection","","version-based runner may see source identity as pending; exact planned-set/status evidence required","not_approved; source SQL may mutate data/DDL/privileges or require historical predecessor state"
"repository","supabase","supabase/migrations/20260218080636_ae9a8eba-ed28-4206-9081-82e3d599e28b.sql","20260218080636","ae9a8eba-ed28-4206-9081-82e3d599e28b","{""commit"":""669eb5bb403c9dcebf41f2f7bb50968e2a14a53f"",""time"":""2026-02-18T08:06:44Z""}","dab4614132d357128ea0d9423abe1eb27a1c5280","76d610c2a93f5815876ac2826073ca99dfed44d42cc349048ab2be13ecb60ce4","02323400081bbf2cffd1fb0d861be83090ffcef93aac7a0ef4f1fb657e722d52","","false","","","","[]","not_exported_in_001B; no reconstructed ledger bytes assumed","","unresolved_current_ledger","ambiguous","requires_installed_inspection","","version-based runner may see source identity as pending; exact planned-set/status evidence required","not_approved; source SQL may mutate data/DDL/privileges or require historical predecessor state"
"repository","supabase","supabase/migrations/20260219133303_06c22d29-cf9e-4b4c-8b1a-d841bf52b87d.sql","20260219133303","06c22d29-cf9e-4b4c-8b1a-d841bf52b87d","{""commit"":""7320bbff9e7dff356a8b9d0a523da50d30f1a585"",""time"":""2026-02-19T13:33:21Z""}","e7f040b51de03820905e884ca273965b83a6e22a","289b5e166c8c067dea10b90a94693dd65fd7065804226415c620cb6999a692ed","289b5e166c8c067dea10b90a94693dd65fd7065804226415c620cb6999a692ed","","false","","","","[]","not_exported_in_001B; no reconstructed ledger bytes assumed","","unresolved_current_ledger","ambiguous","requires_installed_inspection","","version-based runner may see source identity as pending; exact planned-set/status evidence required","not_approved; source SQL may mutate data/DDL/privileges or require historical predecessor state"
"repository","supabase","supabase/migrations/20260219140123_4502fa9a-df22-4e3a-9a8f-bc20239d57fd.sql","20260219140123","4502fa9a-df22-4e3a-9a8f-bc20239d57fd","{""commit"":""baed872a4c561ea18f11ac75db802a84988a7de2"",""time"":""2026-02-19T14:02:15Z""}","ccf88a8415b275070dbfab42659adf9b2e2c9b0b","105350feeff786b97b014f5e4c7c67897bb10521eab7a4082ce9f6732cc938bf","105350feeff786b97b014f5e4c7c67897bb10521eab7a4082ce9f6732cc938bf","","false","","","","[]","not_exported_in_001B; no reconstructed ledger bytes assumed","","unresolved_current_ledger","ambiguous","requires_installed_inspection","","version-based runner may see source identity as pending; exact planned-set/status evidence required","not_approved; source SQL may mutate data/DDL/privileges or require historical predecessor state"
"repository","supabase","supabase/migrations/20260219140204_33954b58-0e13-4765-8305-0644dd52b4fe.sql","20260219140204","33954b58-0e13-4765-8305-0644dd52b4fe","{""commit"":""baed872a4c561ea18f11ac75db802a84988a7de2"",""time"":""2026-02-19T14:02:15Z""}","0a0bd9443fc6bbd3c2b616b274495054d826a525","67e44fb705fb5e48ac19e6a72313f5a27cde5da3fc96f392d93c0e9c4c5a42d7","67e44fb705fb5e48ac19e6a72313f5a27cde5da3fc96f392d93c0e9c4c5a42d7","","false","","","","[]","not_exported_in_001B; no reconstructed ledger bytes assumed","","unresolved_current_ledger","ambiguous","requires_installed_inspection","","version-based runner may see source identity as pending; exact planned-set/status evidence required","not_approved; source SQL may mutate data/DDL/privileges or require historical predecessor state"
"repository","supabase","supabase/migrations/20260219163326_d0626821-63b2-4e87-bb64-c3db5dfb6777.sql","20260219163326","d0626821-63b2-4e87-bb64-c3db5dfb6777","{""commit"":""61456ae6e47943615208231317e6af03b69728c8"",""time"":""2026-02-19T16:33:38Z""}","3c457bea955c5f32e4486077492ec636a02909c2","266d67de83bd2100d835bc86a89196eb19b9262419a855b129c84dff51248281","266d67de83bd2100d835bc86a89196eb19b9262419a855b129c84dff51248281","","false","","","","[]","not_exported_in_001B; no reconstructed ledger bytes assumed","","unresolved_current_ledger","ambiguous","requires_installed_inspection","","version-based runner may see source identity as pending; exact planned-set/status evidence required","not_approved; source SQL may mutate data/DDL/privileges or require historical predecessor state"
"repository","supabase","supabase/migrations/20260219211107_400fd821-d08b-4b57-b262-e9062029fc8c.sql","20260219211107","400fd821-d08b-4b57-b262-e9062029fc8c","{""commit"":""6ae2759e9fc5d688da5333ae3276585bbd02d091"",""time"":""2026-02-19T21:11:31Z""}","9a2ba45a80544dccfd11dbc15b333966a2c6f383","ac4ced697b86dde39f35e4b33cb5cf117a146d92a31fb4ad06c6a0643376a49e","ac4ced697b86dde39f35e4b33cb5cf117a146d92a31fb4ad06c6a0643376a49e","","false","","","","[]","not_exported_in_001B; no reconstructed ledger bytes assumed","","unresolved_current_ledger","ambiguous","requires_installed_inspection","","version-based runner may see source identity as pending; exact planned-set/status evidence required","not_approved; source SQL may mutate data/DDL/privileges or require historical predecessor state"
"repository","supabase","supabase/migrations/20260219214748_8803e551-b132-4eee-b78b-53e3ba39b774.sql","20260219214748","8803e551-b132-4eee-b78b-53e3ba39b774","{""commit"":""7afebd1626ee5b5275455518e2c92e86a7f239f6"",""time"":""2026-02-19T21:48:22Z""}","368d51c9825e22197a3a2ce3944e9f81c3843a37","6847326a8ff6d0701b684221e6cbc71ff13ff8c2bd8a078b3babfcfcd664a4cf","6847326a8ff6d0701b684221e6cbc71ff13ff8c2bd8a078b3babfcfcd664a4cf","","false","","","","[]","not_exported_in_001B; no reconstructed ledger bytes assumed","","unresolved_current_ledger","ambiguous","requires_installed_inspection","","version-based runner may see source identity as pending; exact planned-set/status evidence required","not_approved; source SQL may mutate data/DDL/privileges or require historical predecessor state"
"repository","supabase","supabase/migrations/20260219215455_795d5ebe-d68b-4c63-b05b-aa669a48cba8.sql","20260219215455","795d5ebe-d68b-4c63-b05b-aa669a48cba8","{""commit"":""b28ff2b8c15cee2aaa9738710d5ccb293140864c"",""time"":""2026-02-19T21:55:04Z""}","c4ac297110e0215bc543396fb9475eeb90184407","9054b5dac235fd0e9e2722d567772edd2f094c51b17b1d64e15e03c2c415d095","9054b5dac235fd0e9e2722d567772edd2f094c51b17b1d64e15e03c2c415d095","","false","","","","[]","not_exported_in_001B; no reconstructed ledger bytes assumed","","unresolved_current_ledger","ambiguous","requires_installed_inspection","","version-based runner may see source identity as pending; exact planned-set/status evidence required","not_approved; source SQL may mutate data/DDL/privileges or require historical predecessor state"
"repository","supabase","supabase/migrations/20260219221543_a3074739-33f1-46f2-8dcf-7e12055a9ef3.sql","20260219221543","a3074739-33f1-46f2-8dcf-7e12055a9ef3","{""commit"":""1ac43bceb7de968b3901ea94d7f0e9418aeb7170"",""time"":""2026-02-19T22:16:01Z""}","0b59aaafc0fcc9c16b51401d4cf78ae05535ceb7","2cf9481c14fca78f8bd5ca896251506689b757c115d093548952ab8585b6065f","2cf9481c14fca78f8bd5ca896251506689b757c115d093548952ab8585b6065f","","false","","","","[]","not_exported_in_001B; no reconstructed ledger bytes assumed","","unresolved_current_ledger","ambiguous","requires_installed_inspection","","version-based runner may see source identity as pending; exact planned-set/status evidence required","not_approved; source SQL may mutate data/DDL/privileges or require historical predecessor state"
"repository","supabase","supabase/migrations/20260219221838_821fd2c8-28ac-4faf-b88f-4eccb71100ef.sql","20260219221838","821fd2c8-28ac-4faf-b88f-4eccb71100ef","{""commit"":""27f9e1a344126144f9c0cacb5b004b18804a5804"",""time"":""2026-02-19T22:19:00Z""}","e2e75ed0f4f7c739e8b93b7084814ed5e0baedba","56125d6919c7436fc737c3f12857224fa6d66f162ea4ab5c2ad5ab90df52cdd8","56125d6919c7436fc737c3f12857224fa6d66f162ea4ab5c2ad5ab90df52cdd8","","false","","","","[]","not_exported_in_001B; no reconstructed ledger bytes assumed","","unresolved_current_ledger","ambiguous","requires_installed_inspection","","version-based runner may see source identity as pending; exact planned-set/status evidence required","not_approved; source SQL may mutate data/DDL/privileges or require historical predecessor state"
"repository","supabase","supabase/migrations/20260219224348_3f7e8cc9-9786-476a-8344-0fd561116ae5.sql","20260219224348","3f7e8cc9-9786-476a-8344-0fd561116ae5","{""commit"":""9af03c59edebedcbd4da96ed5cc1acc21ed409f8"",""time"":""2026-02-19T22:44:28Z""}","5698b155c87ad0574dfb5d28ceceed05fa30bf12","78cde3bdca533c2e7ef5634772493a7d8bfa6ca1a499656bb6c09effeaa48268","78cde3bdca533c2e7ef5634772493a7d8bfa6ca1a499656bb6c09effeaa48268","","false","","","","[]","not_exported_in_001B; no reconstructed ledger bytes assumed","","unresolved_current_ledger","ambiguous","requires_installed_inspection","","version-based runner may see source identity as pending; exact planned-set/status evidence required","not_approved; source SQL may mutate data/DDL/privileges or require historical predecessor state"
"repository","supabase","supabase/migrations/20260220001651_7e21fe51-5b97-4c01-8b80-41fb4a6fd80a.sql","20260220001651","7e21fe51-5b97-4c01-8b80-41fb4a6fd80a","{""commit"":""dac953d011e11111870af70035acffd481f140f9"",""time"":""2026-02-20T00:17:21Z""}","0e4ea416d0d080e9fea6b52383e0fa869698f11d","259a9ed79945c101facb1ce2632ed0bdf1b6302a5470c79ad21dc6147af12ae5","259a9ed79945c101facb1ce2632ed0bdf1b6302a5470c79ad21dc6147af12ae5","","false","","","","[]","not_exported_in_001B; no reconstructed ledger bytes assumed","","unresolved_current_ledger","ambiguous","requires_installed_inspection","","version-based runner may see source identity as pending; exact planned-set/status evidence required","not_approved; source SQL may mutate data/DDL/privileges or require historical predecessor state"
"repository","supabase","supabase/migrations/20260220110012_8f7413bd-64ce-4ae1-aed0-4b94f07f79c7.sql","20260220110012","8f7413bd-64ce-4ae1-aed0-4b94f07f79c7","{""commit"":""438199f7a162b12823ce0613493e7e6d3f97c173"",""time"":""2026-02-20T11:03:13Z""}","6e17854826226e6e36982cc3b51cd61400d84e1b","f7ad7e447625741fd0c1fd8faa9f6e59e9ad961f40a88fb4f3ddf7b781135d98","f7ad7e447625741fd0c1fd8faa9f6e59e9ad961f40a88fb4f3ddf7b781135d98","","false","","","","[]","not_exported_in_001B; no reconstructed ledger bytes assumed","","unresolved_current_ledger","ambiguous","requires_installed_inspection","","version-based runner may see source identity as pending; exact planned-set/status evidence required","not_approved; source SQL may mutate data/DDL/privileges or require historical predecessor state"
"repository","supabase","supabase/migrations/20260220125719_fe542395-d14a-477e-9b06-551f93b01766.sql","20260220125719","fe542395-d14a-477e-9b06-551f93b01766","{""commit"":""bde470a579abae4b34cdfc84b99f2fb1bc64bbec"",""time"":""2026-02-20T13:01:39Z""}","c67118506d5b97d889ae3e18628889181664f676","b3024e96afa1bfdb8fd2cb85a2604cfd79fd68ca1a780bd4ded121320db34030","b3024e96afa1bfdb8fd2cb85a2604cfd79fd68ca1a780bd4ded121320db34030","","false","","","","[]","not_exported_in_001B; no reconstructed ledger bytes assumed","","unresolved_current_ledger","ambiguous","requires_installed_inspection","","version-based runner may see source identity as pending; exact planned-set/status evidence required","not_approved; source SQL may mutate data/DDL/privileges or require historical predecessor state"
"repository","supabase","supabase/migrations/20260220164857_829bfa36-8cd3-41b5-a999-637a6bbd0c3e.sql","20260220164857","829bfa36-8cd3-41b5-a999-637a6bbd0c3e","{""commit"":""e06247a8db993d0abfe5c68cc5ae25eb81d2c36e"",""time"":""2026-02-20T16:49:18Z""}","7f5059a445c63cf8c9830e0a6ddd41c8c1ee9910","de4f2a6a4835f0ae3e65a3fc9c8e5a9bcdde252bc8d10d7f7a26d00f790dd97d","de4f2a6a4835f0ae3e65a3fc9c8e5a9bcdde252bc8d10d7f7a26d00f790dd97d","","false","","","","[]","not_exported_in_001B; no reconstructed ledger bytes assumed","","unresolved_current_ledger","ambiguous","requires_installed_inspection","","version-based runner may see source identity as pending; exact planned-set/status evidence required","not_approved; source SQL may mutate data/DDL/privileges or require historical predecessor state"
"repository","supabase","supabase/migrations/20260220185538_ee454996-c7e9-4afd-be62-b73eda880289.sql","20260220185538","ee454996-c7e9-4afd-be62-b73eda880289","{""commit"":""ea491661e26b4b71b0eb4b63fc44fd4cea63a293"",""time"":""2026-02-20T18:56:38Z""}","753f95fa6b0c861507faf963fd51e00accc95e34","b2635e60ab4c8219ec35ca4833dd2af380906d323181fe97fc4057fae679215e","b2635e60ab4c8219ec35ca4833dd2af380906d323181fe97fc4057fae679215e","","false","","","","[]","not_exported_in_001B; no reconstructed ledger bytes assumed","","unresolved_current_ledger","ambiguous","requires_installed_inspection","","version-based runner may see source identity as pending; exact planned-set/status evidence required","not_approved; source SQL may mutate data/DDL/privileges or require historical predecessor state"
"repository","supabase","supabase/migrations/20260220191655_a0b60e98-fb1c-46fd-888d-8748276ca5bb.sql","20260220191655","a0b60e98-fb1c-46fd-888d-8748276ca5bb","{""commit"":""6f4d0fb7bd5efc0cae04799bff33cd4fd4a221e9"",""time"":""2026-02-20T19:19:59Z""}","b511fbe1d29fdd8b173bdebada1526056268e61a","c4394d53fdcbcb03557a20bfad59034f39f16813d18c3d817c906e6afa043284","c4394d53fdcbcb03557a20bfad59034f39f16813d18c3d817c906e6afa043284","","false","","","","[]","not_exported_in_001B; no reconstructed ledger bytes assumed","","unresolved_current_ledger","ambiguous","requires_installed_inspection","","version-based runner may see source identity as pending; exact planned-set/status evidence required","not_approved; source SQL may mutate data/DDL/privileges or require historical predecessor state"
"repository","supabase","supabase/migrations/20260221073516_64467e97-a4dc-49f1-a097-2eca055ae24d.sql","20260221073516","64467e97-a4dc-49f1-a097-2eca055ae24d","{""commit"":""04f80eaab9b6d4307ea80b35f85025b1814220c2"",""time"":""2026-02-21T07:35:35Z""}","493737524fd55b5d28f09a727b61bcbe6a032fd4","504f667dfb04eed15cc4c53aa27ed6c08334ff82492b2b29086258be79996360","a3fafafd0a7e40154dae21f0d2c5b1ab1e737159499c6239d24da661e3d8402f","","false","","","","[]","not_exported_in_001B; no reconstructed ledger bytes assumed","","unresolved_current_ledger","ambiguous","requires_installed_inspection","","version-based runner may see source identity as pending; exact planned-set/status evidence required","not_approved; source SQL may mutate data/DDL/privileges or require historical predecessor state"
"repository","supabase","supabase/migrations/20260221220030_496d54c4-d626-4f8b-813d-0bf97d3d191e.sql","20260221220030","496d54c4-d626-4f8b-813d-0bf97d3d191e","{""commit"":""0d1aa783d1e138799adbe7880a5ee23e843dbc58"",""time"":""2026-02-21T22:03:04Z""}","1bbb21215bd3d72c7f933e03ab8eee3625ce7f4f","f3c94bc73cd4930df7621f7e14e2f7a94629c6e8b4b1431d72558f18f4a097ce","e1742de16fbbbee789f46aabc0ea4e4d51844d53d434bfba63744f5d6b6d5a96","","false","","","","[]","not_exported_in_001B; no reconstructed ledger bytes assumed","","unresolved_current_ledger","ambiguous","requires_installed_inspection","","version-based runner may see source identity as pending; exact planned-set/status evidence required","not_approved; source SQL may mutate data/DDL/privileges or require historical predecessor state"
"repository","supabase","supabase/migrations/20260221225522_62e0c8b6-04eb-4dff-aed1-06a4128fbb0d.sql","20260221225522","62e0c8b6-04eb-4dff-aed1-06a4128fbb0d","{""commit"":""0a72a65a03ac7e6b827bfae25203d99355b6c029"",""time"":""2026-02-21T22:55:34Z""}","a30283cd237d6884337cddc060f6a67072699a87","7d1d52b65b93ba92de0c3062865f82483e53c3d408a1aa6939e5d84c5f0956e1","7d1d52b65b93ba92de0c3062865f82483e53c3d408a1aa6939e5d84c5f0956e1","","false","","","","[]","not_exported_in_001B; no reconstructed ledger bytes assumed","","unresolved_current_ledger","ambiguous","requires_installed_inspection","","version-based runner may see source identity as pending; exact planned-set/status evidence required","not_approved; source SQL may mutate data/DDL/privileges or require historical predecessor state"
"repository","supabase","supabase/migrations/20260222170545_1ad806a8-2cfb-4754-8a2a-2bf27b0ebd79.sql","20260222170545","1ad806a8-2cfb-4754-8a2a-2bf27b0ebd79","{""commit"":""014900a86118aa1606f7cb1e98e22132ea04f070"",""time"":""2026-02-22T17:05:57Z""}","da3551b9b149592c8ffacf03a03001867d46fc3b","7996e91048e4d4a6343403c3eda6a2420086109b5d5dc34cfa70bd52fda1735f","4fb38c50d73c8315d702c3036e729ed5a8831903794e650e8cad9a8d7427cbe7","","false","","","","[]","not_exported_in_001B; no reconstructed ledger bytes assumed","","unresolved_current_ledger","ambiguous","requires_installed_inspection","","version-based runner may see source identity as pending; exact planned-set/status evidence required","not_approved; source SQL may mutate data/DDL/privileges or require historical predecessor state"
"repository","supabase","supabase/migrations/20260224122019_035a0abf-325d-4d95-8e9f-e93c3fc869ff.sql","20260224122019","035a0abf-325d-4d95-8e9f-e93c3fc869ff","{""commit"":""fc3c9d6ea620d5dad0f440f6c96e0a4d7528735b"",""time"":""2026-02-24T12:23:03Z""}","80b06a92def37531a212cf6fcc4d6387be39dbdf","cafd509caddff1423a664a59834671690dad1938f63ad6c88d83822a02a0a4b1","cafd509caddff1423a664a59834671690dad1938f63ad6c88d83822a02a0a4b1","","false","","","","[]","not_exported_in_001B; no reconstructed ledger bytes assumed","","unresolved_current_ledger","ambiguous","requires_installed_inspection","","version-based runner may see source identity as pending; exact planned-set/status evidence required","not_approved; source SQL may mutate data/DDL/privileges or require historical predecessor state"
"repository","supabase","supabase/migrations/20260226104845_14f04a34-2879-46e3-aa61-1da7cc6079d6.sql","20260226104845","14f04a34-2879-46e3-aa61-1da7cc6079d6","{""commit"":""ea14b96454945bda78bfacfc4ca56a74e4f76dcc"",""time"":""2026-02-26T10:50:50Z""}","c10a128c6d58b786c9879fb268a2faf50f97fca5","79614752d3193c07426c70659e505c5083df9524804bc07d4da4d3932346dd75","79614752d3193c07426c70659e505c5083df9524804bc07d4da4d3932346dd75","","false","","","","[]","not_exported_in_001B; no reconstructed ledger bytes assumed","","unresolved_current_ledger","ambiguous","requires_installed_inspection","","version-based runner may see source identity as pending; exact planned-set/status evidence required","not_approved; source SQL may mutate data/DDL/privileges or require historical predecessor state"
"repository","supabase","supabase/migrations/20260226115217_9bf3ea2a-7c29-4021-adb0-471953901831.sql","20260226115217","9bf3ea2a-7c29-4021-adb0-471953901831","{""commit"":""b001ee9d0d4fb009916a88769248bd367a577b47"",""time"":""2026-02-26T11:55:55Z""}","39df0ff7789aa0c89da4ad86e279249be4e03df4","7980d443bcc81f7e73f617672bb588f01ac6851f6ee27cdbf2f87567458187ca","7980d443bcc81f7e73f617672bb588f01ac6851f6ee27cdbf2f87567458187ca","","false","","","","[]","not_exported_in_001B; no reconstructed ledger bytes assumed","","unresolved_current_ledger","ambiguous","requires_installed_inspection","","version-based runner may see source identity as pending; exact planned-set/status evidence required","not_approved; source SQL may mutate data/DDL/privileges or require historical predecessor state"
"repository","supabase","supabase/migrations/20260227140858_21d1a91c-889e-483c-bb4b-082948fae049.sql","20260227140858","21d1a91c-889e-483c-bb4b-082948fae049","{""commit"":""cc8994d3110d4d339c025292338bf98e41ea7587"",""time"":""2026-02-27T14:09:07Z""}","bde3659c694ca4dbf2adf49f5da8083b44653dab","86fb75d55806f525f877abff5614345b1423de5ea087ce255e8fd89941084809","be98792eb0614e27e0fc4bb564551268821ea2015c2dbe469e2701a762870e07","","false","","","","[]","not_exported_in_001B; no reconstructed ledger bytes assumed","","unresolved_current_ledger","ambiguous","requires_installed_inspection","","version-based runner may see source identity as pending; exact planned-set/status evidence required","not_approved; source SQL may mutate data/DDL/privileges or require historical predecessor state"
"repository","supabase","supabase/migrations/20260302163721_f4b05465-80b8-4de5-a096-a7a2c7aeface.sql","20260302163721","f4b05465-80b8-4de5-a096-a7a2c7aeface","{""commit"":""e25eb49108fadb0dfdbf93fcec3dca6ac222ca00"",""time"":""2026-03-02T16:39:21Z""}","bd0a692cad6f26c286e9971557337b8c0a86f2ad","d2bf78a3d8a63d43a0c7a6fa50b276e7a5d2e463748da250454545039c14e55e","d2bf78a3d8a63d43a0c7a6fa50b276e7a5d2e463748da250454545039c14e55e","","false","","","","[]","not_exported_in_001B; no reconstructed ledger bytes assumed","","unresolved_current_ledger","ambiguous","requires_installed_inspection","","version-based runner may see source identity as pending; exact planned-set/status evidence required","not_approved; source SQL may mutate data/DDL/privileges or require historical predecessor state"
"repository","supabase","supabase/migrations/20260303112702_3889782c-6e80-418a-90df-01c90b80f7df.sql","20260303112702","3889782c-6e80-418a-90df-01c90b80f7df","{""commit"":""2bb9830f53f7c72cedadd7aea2a04db558015a62"",""time"":""2026-03-03T11:28:00Z""}","a5316219faf879e60f94ff0663a155f3f4b66935","3f52d248986eb3d4d772df999a77f7c5a40edde5face327241658f866fe1194e","c91ad98be96378268f0a11400e3a94327b07243368ad1ef71addea82e71e7438","","false","","","","[]","not_exported_in_001B; no reconstructed ledger bytes assumed","","unresolved_current_ledger","ambiguous","requires_installed_inspection","","version-based runner may see source identity as pending; exact planned-set/status evidence required","not_approved; source SQL may mutate data/DDL/privileges or require historical predecessor state"
"repository","supabase","supabase/migrations/20260303171955_64df7909-005f-4cd8-aa02-a30487f6e719.sql","20260303171955","64df7909-005f-4cd8-aa02-a30487f6e719","{""commit"":""c616839eaf9b063ff9a6184567c7d56eab6b34c8"",""time"":""2026-03-03T17:20:35Z""}","b893412f7d690ec29e674def49996d71af200abf","4a91f1688611c66e946a8c975c8cb75f4e88d4f2684f6fb7a81241e7f64a77bd","f1b6ee6220a56046d154ceaafb33f13e6fc7e07d36cbf9eed7243c6df24760f2","","false","","","","[]","not_exported_in_001B; no reconstructed ledger bytes assumed","","unresolved_current_ledger","ambiguous","requires_installed_inspection","","version-based runner may see source identity as pending; exact planned-set/status evidence required","not_approved; source SQL may mutate data/DDL/privileges or require historical predecessor state"
"repository","supabase","supabase/migrations/20260305230152_cb556f4f-f2e2-4472-8dd8-875bb259349b.sql","20260305230152","cb556f4f-f2e2-4472-8dd8-875bb259349b","{""commit"":""a8f13d30f29ce0597bd7a34599d377f2f517673d"",""time"":""2026-03-05T23:02:01Z""}","3985c00088768603eea9247fa5c3b131d72fb641","93ba46a6421e07bb71b0e42ef4e5fc752305198db5c2e9110c3e4b1346c80236","93ba46a6421e07bb71b0e42ef4e5fc752305198db5c2e9110c3e4b1346c80236","","false","","","","[]","not_exported_in_001B; no reconstructed ledger bytes assumed","","unresolved_current_ledger","ambiguous","requires_installed_inspection","","version-based runner may see source identity as pending; exact planned-set/status evidence required","not_approved; source SQL may mutate data/DDL/privileges or require historical predecessor state"
"repository","supabase","supabase/migrations/20260306005656_3a7b417b-666a-4783-ad0f-b3f575da2553.sql","20260306005656","3a7b417b-666a-4783-ad0f-b3f575da2553","{""commit"":""8b540efc695188db23594a3184154fef1eb668fc"",""time"":""2026-03-06T00:59:20Z""}","e476bfc7900c21b7f52a8d80a2d368e15847a504","e5a325a45ffdb46c893c293535e724dbdf7f9fd98bfd47fa4643581a5219fd53","2a24ceeb5da8bd76ba6c31730da1f4f6c9fdbdb664732a074e2a076ad101ff56","","false","","","","[]","not_exported_in_001B; no reconstructed ledger bytes assumed","","unresolved_current_ledger","ambiguous","requires_installed_inspection","","version-based runner may see source identity as pending; exact planned-set/status evidence required","not_approved; source SQL may mutate data/DDL/privileges or require historical predecessor state"
"repository","supabase","supabase/migrations/20260306015635_dc4d6d1a-9580-4205-bae7-56b27af3bc0d.sql","20260306015635","dc4d6d1a-9580-4205-bae7-56b27af3bc0d","{""commit"":""1061ae6fcd9cfafcfdb3583e46e0e14151120c9a"",""time"":""2026-03-06T01:56:43Z""}","96f44b8bb44e5bda1cd80abe863b2dcf5b749190","54d239da773e4025c01abd808353efc1b268773640946a353fde34dfc0bae7f6","54d239da773e4025c01abd808353efc1b268773640946a353fde34dfc0bae7f6","","false","","","","[]","not_exported_in_001B; no reconstructed ledger bytes assumed","","unresolved_current_ledger","ambiguous","requires_installed_inspection","","version-based runner may see source identity as pending; exact planned-set/status evidence required","not_approved; source SQL may mutate data/DDL/privileges or require historical predecessor state"
"repository","supabase","supabase/migrations/20260306183611_f46928aa-9718-4a27-ab2f-132be32b6837.sql","20260306183611","f46928aa-9718-4a27-ab2f-132be32b6837","{""commit"":""a243b30512b3dd0c6dc16df83092c62f76f8422f"",""time"":""2026-03-06T18:36:19Z""}","bf4d253833d1a9b8236c13dde1ccaeae6ee448d6","2d9d19b0467da2b9faf32b560c7cbb7e8b9839e31930ec114865b86065e074e8","2d9d19b0467da2b9faf32b560c7cbb7e8b9839e31930ec114865b86065e074e8","","false","","","","[]","not_exported_in_001B; no reconstructed ledger bytes assumed","","unresolved_current_ledger","ambiguous","requires_installed_inspection","","version-based runner may see source identity as pending; exact planned-set/status evidence required","not_approved; source SQL may mutate data/DDL/privileges or require historical predecessor state"
"repository","supabase","supabase/migrations/20260309130156_61ab7d2d-8687-477f-8718-e08d43a5db9b.sql","20260309130156","61ab7d2d-8687-477f-8718-e08d43a5db9b","{""commit"":""2ad00f80fa656b4bad0893293bd0687ea4833bdf"",""time"":""2026-03-09T13:01:58Z""}","2548bacded13e3207085ada38fdb235e763f0742","50af9ca0c317887e052fa36a91a7b35ba6162aca907ed7d34e760099439cf752","50af9ca0c317887e052fa36a91a7b35ba6162aca907ed7d34e760099439cf752","","false","","","","[]","not_exported_in_001B; no reconstructed ledger bytes assumed","","unresolved_current_ledger","ambiguous","requires_installed_inspection","","version-based runner may see source identity as pending; exact planned-set/status evidence required","not_approved; source SQL may mutate data/DDL/privileges or require historical predecessor state"
"repository","supabase","supabase/migrations/20260309185343_31278271-5cf8-436f-b19e-f392a654266a.sql","20260309185343","31278271-5cf8-436f-b19e-f392a654266a","{""commit"":""09896a38c03dd110ef1de11a40f4b2580a9aefdc"",""time"":""2026-03-09T18:53:44Z""}","4f7b49d31fcce051fb53667ca5c9ef4a203119b7","c5f82103e7340a3829f35f16c666bd7b8b9490364b1e21dacbdebe1e0a47643f","72f876c8479c8f7b1bd1eaab5714ffee7d978714a41d2b5886a33fc4e60126eb","","false","","","","[]","not_exported_in_001B; no reconstructed ledger bytes assumed","","unresolved_current_ledger","ambiguous","requires_installed_inspection","","version-based runner may see source identity as pending; exact planned-set/status evidence required","not_approved; source SQL may mutate data/DDL/privileges or require historical predecessor state"
"repository","supabase","supabase/migrations/20260309203358_ff17ee13-a789-4ffc-abd6-7be1482240a6.sql","20260309203358","ff17ee13-a789-4ffc-abd6-7be1482240a6","{""commit"":""3bcaeea9d70ff46ddd175435b3284bde057c21fa"",""time"":""2026-03-09T20:34:00Z""}","2d42e971cf57a848f83a22790665ae90e5e18c5b","dccee99c7165b440905dca56b3d017941791660221f8f50adb9d338d73a54c8e","54ff126bb2832ec1d0cac64ca3b67bb1d7152289d5446b74495d2b0cf5e762b4","","false","","","","[]","not_exported_in_001B; no reconstructed ledger bytes assumed","","unresolved_current_ledger","ambiguous","requires_installed_inspection","","version-based runner may see source identity as pending; exact planned-set/status evidence required","not_approved; source SQL may mutate data/DDL/privileges or require historical predecessor state"
"repository","supabase","supabase/migrations/20260310014358_5cb549f1-f855-4c7a-8646-ffe650fa0940.sql","20260310014358","5cb549f1-f855-4c7a-8646-ffe650fa0940","{""commit"":""cb1f559b86704e0e51298b5015773c1654c54be7"",""time"":""2026-03-10T01:44:00Z""}","9dbcb26597c407b3f2f1c8ddd5b63bc3c69f8551","8c114b179e9f4b6944947ad1bfd313edadf91d3a142c145792391b31d9112ae7","8c114b179e9f4b6944947ad1bfd313edadf91d3a142c145792391b31d9112ae7","","false","","","","[]","not_exported_in_001B; no reconstructed ledger bytes assumed","","unresolved_current_ledger","ambiguous","requires_installed_inspection","","version-based runner may see source identity as pending; exact planned-set/status evidence required","not_approved; source SQL may mutate data/DDL/privileges or require historical predecessor state"
"repository","supabase","supabase/migrations/20260310134907_e17dc3cd-13e2-48ad-9039-a51f9c5c604e.sql","20260310134907","e17dc3cd-13e2-48ad-9039-a51f9c5c604e","{""commit"":""a033a799a6480ddfb21ea091a40debc84e2c04a1"",""time"":""2026-03-10T13:49:09Z""}","f47d762872580a443373600044ce7055f94b8ed0","a3087c9a3aa3c9a9e04757feaa7f8db3f811b1a583d84d712314b0759f194c0a","74a21f658b7be979fc662feb37463b9b08dbf789f6d5be13e6e934062ebbbb44","","false","","","","[]","not_exported_in_001B; no reconstructed ledger bytes assumed","","unresolved_current_ledger","ambiguous","requires_installed_inspection","","version-based runner may see source identity as pending; exact planned-set/status evidence required","not_approved; source SQL may mutate data/DDL/privileges or require historical predecessor state"
"repository","supabase","supabase/migrations/20260310192634_c75ffa4c-7a45-4b69-84c9-705ad92e8be1.sql","20260310192634","c75ffa4c-7a45-4b69-84c9-705ad92e8be1","{""commit"":""f8d9224415843438dc4f85b07982eb856542c48e"",""time"":""2026-03-10T19:26:37Z""}","e1ca5254b9ad05b4c4a8cfb43ecf55f9ab06df38","85770596d784f3a2b767c153a159cff0bcde4dc34634684f8115ffcae5531152","85770596d784f3a2b767c153a159cff0bcde4dc34634684f8115ffcae5531152","","false","","","","[]","not_exported_in_001B; no reconstructed ledger bytes assumed","","unresolved_current_ledger","ambiguous","requires_installed_inspection","","version-based runner may see source identity as pending; exact planned-set/status evidence required","not_approved; source SQL may mutate data/DDL/privileges or require historical predecessor state"
"repository","supabase","supabase/migrations/20260311104112_71a38a27-e356-4530-a255-67d971092f1e.sql","20260311104112","71a38a27-e356-4530-a255-67d971092f1e","{""commit"":""2453f11802f0556d1ecdd9bb677d4014b60979d7"",""time"":""2026-03-11T10:41:14Z""}","cd792219f591d7e5c989e047466e388cb07a89b6","9bf04580bd45789a091b10365dc8ba2dd52c750ecf2b0f1ba6fb950390cf94ea","ac9e671cefb4dad61b2f305716424bfc85adbc5c2dc02284f8d7a10d8622fd5f","","false","","","","[]","not_exported_in_001B; no reconstructed ledger bytes assumed","","unresolved_current_ledger","ambiguous","requires_installed_inspection","","version-based runner may see source identity as pending; exact planned-set/status evidence required","not_approved; source SQL may mutate data/DDL/privileges or require historical predecessor state"
"repository","supabase","supabase/migrations/20260311112715_32449826-43f4-4f89-a013-833a091da703.sql","20260311112715","32449826-43f4-4f89-a013-833a091da703","{""commit"":""69ecf5e0464dc59f4f236864b2bdb8d5d610175f"",""time"":""2026-03-11T11:27:16Z""}","80bc3d3c5e4de08c003dfe4e6435e33fff2ecb95","30445c0d0966ccb242777c736eb26e69f0e2abf1a7f2518a6f88858b9f1170e1","a6714a68805b9d7d1f9daba01686c5e9ef34624506f0530fed3829c67d119561","","false","","","","[]","not_exported_in_001B; no reconstructed ledger bytes assumed","","unresolved_current_ledger","ambiguous","requires_installed_inspection","","version-based runner may see source identity as pending; exact planned-set/status evidence required","not_approved; source SQL may mutate data/DDL/privileges or require historical predecessor state"
"repository","supabase","supabase/migrations/20260311115903_97fbb398-0421-4772-b723-bc8cd86859c6.sql","20260311115903","97fbb398-0421-4772-b723-bc8cd86859c6","{""commit"":""65100384c9205bb7060316b7593e26ec9916be6b"",""time"":""2026-03-11T11:59:04Z""}","7bfd066ea9e8921a83b7b781c8e1d801a02c605f","46698806581a63d2d120817ae4ee8dab817d8a3bd88cd0d57bf611c94d3d3dea","1618880d174d92fccee043c04deaef3880b186d373a8e21b0b41d870f82d2ba4","","false","","","","[]","not_exported_in_001B; no reconstructed ledger bytes assumed","","unresolved_current_ledger","ambiguous","requires_installed_inspection","","version-based runner may see source identity as pending; exact planned-set/status evidence required","not_approved; source SQL may mutate data/DDL/privileges or require historical predecessor state"
"repository","supabase","supabase/migrations/20260311141648_4006209a-2b22-4d5e-b36b-19f703a916a1.sql","20260311141648","4006209a-2b22-4d5e-b36b-19f703a916a1","{""commit"":""b22d9f87b0124b6d47fbf47a82f27a1d034a7e59"",""time"":""2026-03-11T14:16:49Z""}","91a64cb6e5bd8b5d1cd5f5e04f0248a8e7631681","5aead4f029fccb7ff9edfff98b34e65d9aa6f4ba9217be1fc0e9daf9d58b4663","27ddcd4c537b0f77fc4b96e7596fd70a83a2c9a3b83e449d3d4ac98317d5d67e","","false","","","","[]","not_exported_in_001B; no reconstructed ledger bytes assumed","","unresolved_current_ledger","ambiguous","requires_installed_inspection","","version-based runner may see source identity as pending; exact planned-set/status evidence required","not_approved; source SQL may mutate data/DDL/privileges or require historical predecessor state"
"repository","supabase","supabase/migrations/20260313164025_53507778-c667-4fb8-9768-53352a0e38ba.sql","20260313164025","53507778-c667-4fb8-9768-53352a0e38ba","{""commit"":""31c0d9a2221037e2c32de5d323bf6b0ab69460d2"",""time"":""2026-03-13T16:40:28Z""}","cd5a077d01fb5095f827eceaa041736eca24974b","28322bfb263057e2990b8e0edaf3e3fd6568da25b5a9ab1f6db11fbf24813c47","28322bfb263057e2990b8e0edaf3e3fd6568da25b5a9ab1f6db11fbf24813c47","","false","","","","[]","not_exported_in_001B; no reconstructed ledger bytes assumed","","unresolved_current_ledger","ambiguous","requires_installed_inspection","","version-based runner may see source identity as pending; exact planned-set/status evidence required","not_approved; source SQL may mutate data/DDL/privileges or require historical predecessor state"
"repository","supabase","supabase/migrations/20260317091701_213a587c-6b10-4630-9dc2-79b1f4730744.sql","20260317091701","213a587c-6b10-4630-9dc2-79b1f4730744","{""commit"":""be202e27c689ad1beb8e386923f359b8f82d88ce"",""time"":""2026-03-17T09:17:02Z""}","9bb6c7e05b3c7da25f4e0cb6cc9f31ad2737e167","f070136f583ca1a37a1991bcdff21b78bbf679f34d2072cbde1e015c0581d505","f070136f583ca1a37a1991bcdff21b78bbf679f34d2072cbde1e015c0581d505","","false","","","","[]","not_exported_in_001B; no reconstructed ledger bytes assumed","","unresolved_current_ledger","ambiguous","requires_installed_inspection","","version-based runner may see source identity as pending; exact planned-set/status evidence required","not_approved; source SQL may mutate data/DDL/privileges or require historical predecessor state"
"repository","supabase","supabase/migrations/20260317092906_80e48719-75eb-4b3a-8a66-daa792be4cf8.sql","20260317092906","80e48719-75eb-4b3a-8a66-daa792be4cf8","{""commit"":""bc58657a2cfcb76bf8452757dd838757b92e2578"",""time"":""2026-03-17T09:29:07Z""}","8f9ea7d36bc7f68f3434b41a8d2e867f0ab81df8","2a15cc1046ce650b880f1464c859cadcd0553cc51bfc539a47c3c6184ad0ce67","2a15cc1046ce650b880f1464c859cadcd0553cc51bfc539a47c3c6184ad0ce67","","false","","","","[]","not_exported_in_001B; no reconstructed ledger bytes assumed","","unresolved_current_ledger","ambiguous","requires_installed_inspection","","version-based runner may see source identity as pending; exact planned-set/status evidence required","not_approved; source SQL may mutate data/DDL/privileges or require historical predecessor state"
"repository","supabase","supabase/migrations/20260317094520_3ffcd741-953f-4079-a141-c2e711eb9afe.sql","20260317094520","3ffcd741-953f-4079-a141-c2e711eb9afe","{""commit"":""f1cbd8c8367cfeb78e79a4b3b9d3c1d4937bf1d3"",""time"":""2026-03-17T09:45:21Z""}","76d1fb6c06ae0df91ddfbddc81fe0de0024534d0","1a2219e7e1759f3869e92e156c81397c21c7cc6a1129a9a0c13f0cbe17f2e9f1","1a2219e7e1759f3869e92e156c81397c21c7cc6a1129a9a0c13f0cbe17f2e9f1","","false","","","","[]","not_exported_in_001B; no reconstructed ledger bytes assumed","","unresolved_current_ledger","ambiguous","requires_installed_inspection","","version-based runner may see source identity as pending; exact planned-set/status evidence required","not_approved; source SQL may mutate data/DDL/privileges or require historical predecessor state"
"repository","supabase","supabase/migrations/20260317101118_fb985c3b-0988-4e4e-8f5c-2680944c913f.sql","20260317101118","fb985c3b-0988-4e4e-8f5c-2680944c913f","{""commit"":""8190f1076c1df45574d212eb66f6dbff90c5ca1b"",""time"":""2026-03-17T10:11:19Z""}","1a601aa130c3a714ee3892f1c1711d8ac8c514d7","71a8e60a28cbc147e0989cad027f22b0bba4675ef76bdba01190a6d222dd5330","71a8e60a28cbc147e0989cad027f22b0bba4675ef76bdba01190a6d222dd5330","","false","","","","[]","not_exported_in_001B; no reconstructed ledger bytes assumed","","unresolved_current_ledger","ambiguous","requires_installed_inspection","","version-based runner may see source identity as pending; exact planned-set/status evidence required","not_approved; source SQL may mutate data/DDL/privileges or require historical predecessor state"
"repository","supabase","supabase/migrations/20260317101224_e672d319-220f-43de-8980-010beec2a909.sql","20260317101224","e672d319-220f-43de-8980-010beec2a909","{""commit"":""7427a722766149554a58261bf23806a74d66ca72"",""time"":""2026-03-17T10:12:26Z""}","494a6c224bd690e107f7a62d0b127fe46ff398f5","216746266d8ff5e8bd7596310338744c4bc49dba2b60a83842b3a7611ecfe4df","216746266d8ff5e8bd7596310338744c4bc49dba2b60a83842b3a7611ecfe4df","","false","","","","[]","not_exported_in_001B; no reconstructed ledger bytes assumed","","unresolved_current_ledger","ambiguous","requires_installed_inspection","","version-based runner may see source identity as pending; exact planned-set/status evidence required","not_approved; source SQL may mutate data/DDL/privileges or require historical predecessor state"
"repository","supabase","supabase/migrations/20260317103206_e3035193-6969-4590-9851-7788e0b34c8b.sql","20260317103206","e3035193-6969-4590-9851-7788e0b34c8b","{""commit"":""18a3007c4bb2fbc9919b7e86ed4b003b0a7b810e"",""time"":""2026-03-17T10:32:08Z""}","6660c1d240c2c651dda0ed12ac484c0b4876dd30","2026ebd4845e01e72c6fda9f9ea481436a5f703c016f313afaf748bbfa56cd85","2026ebd4845e01e72c6fda9f9ea481436a5f703c016f313afaf748bbfa56cd85","","false","","","","[]","not_exported_in_001B; no reconstructed ledger bytes assumed","","unresolved_current_ledger","ambiguous","requires_installed_inspection","","version-based runner may see source identity as pending; exact planned-set/status evidence required","not_approved; source SQL may mutate data/DDL/privileges or require historical predecessor state"
"repository","supabase","supabase/migrations/20260318063914_e304c82a-f559-4c7f-a079-0f480af4680c.sql","20260318063914","e304c82a-f559-4c7f-a079-0f480af4680c","{""commit"":""d56107d08e6ffef9c974a15e95b170a0e4260682"",""time"":""2026-03-18T06:39:15Z""}","6cab88038a415129926e26ea1a09796a9ecc18ad","f67ea880400a74ea5e501dfaf1fb7f36a6e50108327a94fe91c5ce077388adf2","658112764c8c61bec893d19267bd5a38ec61ead01ff905eaacc0988bdd637a4e","","false","","","","[]","not_exported_in_001B; no reconstructed ledger bytes assumed","","unresolved_current_ledger","ambiguous","requires_installed_inspection","","version-based runner may see source identity as pending; exact planned-set/status evidence required","not_approved; source SQL may mutate data/DDL/privileges or require historical predecessor state"
"repository","supabase","supabase/migrations/20260319081342_ccae093c-e535-4d35-b68f-c75cf6a2d329.sql","20260319081342","ccae093c-e535-4d35-b68f-c75cf6a2d329","{""commit"":""db54c54fb6c6d1c0507ab0792277f69f79e92b60"",""time"":""2026-03-19T08:13:44Z""}","15a15e7ffe860f49e5640648f31512cf3d489561","af150ffd158826549fdc8c213430f2c9f3239e8e508f5e92af6b3c7d328b07c3","af150ffd158826549fdc8c213430f2c9f3239e8e508f5e92af6b3c7d328b07c3","","false","","","","[]","not_exported_in_001B; no reconstructed ledger bytes assumed","","unresolved_current_ledger","ambiguous","requires_installed_inspection","","version-based runner may see source identity as pending; exact planned-set/status evidence required","not_approved; source SQL may mutate data/DDL/privileges or require historical predecessor state"
"repository","supabase","supabase/migrations/20260320095614_80d66eb6-0666-4c2d-89f0-76729b5f2987.sql","20260320095614","80d66eb6-0666-4c2d-89f0-76729b5f2987","{""commit"":""d579376cb0878891aff856c38c32f8b957b8e43e"",""time"":""2026-03-20T09:56:15Z""}","38d6675f37ee1b92270dc8281ae8cc4afbb98ace","95f5ee05edfee4dc209e686a246dc0039c8798ec2e4dad4be4828b8a19317951","40e5692023d5ce0009fbcc7d0f77568fb0f1339664ee47456f06704a719b6419","","false","","","","[]","not_exported_in_001B; no reconstructed ledger bytes assumed","","unresolved_current_ledger","ambiguous","requires_installed_inspection","","version-based runner may see source identity as pending; exact planned-set/status evidence required","not_approved; source SQL may mutate data/DDL/privileges or require historical predecessor state"
"repository","supabase","supabase/migrations/20260322001446_6828c935-7727-42fa-a511-22f393e2dd42.sql","20260322001446","6828c935-7727-42fa-a511-22f393e2dd42","{""commit"":""4d65a822718151615a33b617efc373852e106cce"",""time"":""2026-03-22T00:14:47Z""}","0073f6caed38d9eed33ae4dc7b53a5ea4e0c03d7","5d9d7a18831b5c5e5128f874deeabb19b42d1da6ed9dd7887c5f243ebeca2971","5d9d7a18831b5c5e5128f874deeabb19b42d1da6ed9dd7887c5f243ebeca2971","","false","","","","[]","not_exported_in_001B; no reconstructed ledger bytes assumed","","unresolved_current_ledger","ambiguous","requires_installed_inspection","","version-based runner may see source identity as pending; exact planned-set/status evidence required","not_approved; source SQL may mutate data/DDL/privileges or require historical predecessor state"
"repository","supabase","supabase/migrations/20260323004551_1b496bce-b48b-4cd9-a5d0-74137a9d28b5.sql","20260323004551","1b496bce-b48b-4cd9-a5d0-74137a9d28b5","{""commit"":""627c078c8887c58e54bcb47b4dfdb8dd2979af29"",""time"":""2026-03-23T00:45:52Z""}","eefff00d3652bde8da19cb078257d08b473b5d04","f88e6f11eb23972af64e1a5d7a9da0ef45f085a55cf9b1ce8ad4cca565495d55","f88e6f11eb23972af64e1a5d7a9da0ef45f085a55cf9b1ce8ad4cca565495d55","","false","","","","[]","not_exported_in_001B; no reconstructed ledger bytes assumed","","unresolved_current_ledger","ambiguous","requires_installed_inspection","","version-based runner may see source identity as pending; exact planned-set/status evidence required","not_approved; source SQL may mutate data/DDL/privileges or require historical predecessor state"
"repository","supabase","supabase/migrations/20260323114454_3580147d-b653-41e6-8c3e-37cccbb2294a.sql","20260323114454","3580147d-b653-41e6-8c3e-37cccbb2294a","{""commit"":""f74fd9ca9ee13d5f97972d098c81387778ed5fed"",""time"":""2026-03-23T11:44:55Z""}","327c8e957d3227ae62c09e4107864b3421e9ceb1","51c2b5e497e8bee7c3699fded35802ae3dd4e27dcf315334a22b0db2140071d7","51c2b5e497e8bee7c3699fded35802ae3dd4e27dcf315334a22b0db2140071d7","","false","","","","[]","not_exported_in_001B; no reconstructed ledger bytes assumed","","unresolved_current_ledger","ambiguous","requires_installed_inspection","","version-based runner may see source identity as pending; exact planned-set/status evidence required","not_approved; source SQL may mutate data/DDL/privileges or require historical predecessor state"
"repository","supabase","supabase/migrations/20260324222447_c58b4300-b955-4466-b689-5e888621b702.sql","20260324222447","c58b4300-b955-4466-b689-5e888621b702","{""commit"":""59041f4640de28eb3423830c6b2bdf8b9e248d45"",""time"":""2026-03-24T22:25:12Z""}","ae80caed15bd0c8ed6fba8e396030cdd0f00bc9d","a184a07620db317bf7d7edd0e119f60dbb788deb948dc487af4ea33a3fe36be7","06c3c615f7b667a1abe646974e1d2b16e89d8362295d671c37badc24809e2160","","false","","","","[]","not_exported_in_001B; no reconstructed ledger bytes assumed","","unresolved_current_ledger","ambiguous","requires_installed_inspection","","version-based runner may see source identity as pending; exact planned-set/status evidence required","not_approved; source SQL may mutate data/DDL/privileges or require historical predecessor state"
"repository","supabase","supabase/migrations/20260325000546_38b893e8-7467-4ff9-b30b-383fb2bba92b.sql","20260325000546","38b893e8-7467-4ff9-b30b-383fb2bba92b","{""commit"":""55d2f597fe8c541d921531fac250d568799da2cb"",""time"":""2026-03-25T00:05:52Z""}","3b8a06b24ef116c50f72bc2384512830aaa343d4","0fe35f0f3bc5862d89edf199bb4d931c020428ac6f0817a52a17f136e3c49393","9c8761cdd4908fae7336dbbd31c28350879fbe1d1689804d6f7a742e265b4d86","","false","","","","[]","not_exported_in_001B; no reconstructed ledger bytes assumed","","unresolved_current_ledger","ambiguous","requires_installed_inspection","","version-based runner may see source identity as pending; exact planned-set/status evidence required","not_approved; source SQL may mutate data/DDL/privileges or require historical predecessor state"
"repository","supabase","supabase/migrations/20260326230336_ea534412-3a77-49fe-a5b7-c4a2aff93457.sql","20260326230336","ea534412-3a77-49fe-a5b7-c4a2aff93457","{""commit"":""33e942d57f05179ade5cc6ff13dcdae4c2094d98"",""time"":""2026-03-26T23:03:37Z""}","d0e0f468ef75a74c5173ec9d08e47e7b65e31df6","85df2fcff0ea809eb9616e04252309f86851d3b08501b23990c748fc9077084d","e339e874eca8f2f20a7dcdd52650b035c811be90ff5491a8f1c339a866339d36","","false","","","","[]","not_exported_in_001B; no reconstructed ledger bytes assumed","","unresolved_current_ledger","ambiguous","requires_installed_inspection","","version-based runner may see source identity as pending; exact planned-set/status evidence required","not_approved; source SQL may mutate data/DDL/privileges or require historical predecessor state"
"repository","supabase","supabase/migrations/20260328211022_a2cdde3b-6ef2-4b4c-a90a-c674c2f2f9f4.sql","20260328211022","a2cdde3b-6ef2-4b4c-a90a-c674c2f2f9f4","{""commit"":""0717119d7de8cbc356a29efff74ef5170472062f"",""time"":""2026-03-28T21:10:24Z""}","9bfd5129ed20360b4d76829550102f1714d8f8f2","b32827e0c86cc5320143718c22a44a706ccfb0b3e6e2fb89bc34621a0c8d7738","d383e3a9033c00b508cc47bdec9935ec7679ca55d6130ef34bfc6083f4fd1265","","false","","","","[]","not_exported_in_001B; no reconstructed ledger bytes assumed","","unresolved_current_ledger","ambiguous","requires_installed_inspection","","version-based runner may see source identity as pending; exact planned-set/status evidence required","not_approved; source SQL may mutate data/DDL/privileges or require historical predecessor state"
"repository","supabase","supabase/migrations/20260329075004_email_infra.sql","20260329075004","email_infra","{""commit"":""ed1981f71ca488cc979210c5407df5a9a21d3e68"",""time"":""2026-03-29T07:50:05Z""}","e0f967a9b519598ffef5e67fa101effd829662c6","106bf80099d51bb075937a85280af5cc4fc46a3957f75a46da302efa2a235c9e","106bf80099d51bb075937a85280af5cc4fc46a3957f75a46da302efa2a235c9e","","false","","","","[]","not_exported_in_001B; no reconstructed ledger bytes assumed","","unresolved_current_ledger","ambiguous","requires_installed_inspection","","version-based runner may see source identity as pending; exact planned-set/status evidence required","not_approved; source SQL may mutate data/DDL/privileges or require historical predecessor state"
"repository","supabase","supabase/migrations/20260329075052_e797f5f5-957f-4c90-b981-51525716de8e.sql","20260329075052","e797f5f5-957f-4c90-b981-51525716de8e","{""commit"":""0fb812d36a2002da98ced93ca8cc14d48f6e36ab"",""time"":""2026-03-29T07:50:53Z""}","03fd3e51904feaaca8708ad6bc291c4aff32624b","0c11de126ad5961990186519ac80898cf4834a4174565dea5bb998fde7f949e9","db1f08f059111a7e62b6ec2d57358563dd06afc55b10d7cad62c8a5b522865d3","","false","","","","[]","not_exported_in_001B; no reconstructed ledger bytes assumed","","unresolved_current_ledger","ambiguous","requires_installed_inspection","","version-based runner may see source identity as pending; exact planned-set/status evidence required","not_approved; source SQL may mutate data/DDL/privileges or require historical predecessor state"
"repository","supabase","supabase/migrations/20260329161717_fe4153c2-bba3-44f6-b392-269238b5450e.sql","20260329161717","fe4153c2-bba3-44f6-b392-269238b5450e","{""commit"":""dd9c98173a6a0c6aa932d4dc73d04e3fdc301ad9"",""time"":""2026-03-29T16:17:19Z""}","99408051e7a2a670847582c8c5526fe9a66a622b","a1104ebf4b15fde934249d7d2a73c979dda11133d4401684ec8dfeb083bdd49f","a1104ebf4b15fde934249d7d2a73c979dda11133d4401684ec8dfeb083bdd49f","","false","","","","[]","not_exported_in_001B; no reconstructed ledger bytes assumed","","unresolved_current_ledger","ambiguous","requires_installed_inspection","","version-based runner may see source identity as pending; exact planned-set/status evidence required","not_approved; source SQL may mutate data/DDL/privileges or require historical predecessor state"
"repository","supabase","supabase/migrations/20260329161852_6247c025-9776-426e-9cdb-99076d9f1990.sql","20260329161852","6247c025-9776-426e-9cdb-99076d9f1990","{""commit"":""0fa17d6667e489906bd489d45111e7b77cc1132a"",""time"":""2026-03-29T16:18:53Z""}","8447daccaba4e79a74ac117ddbaf8b9cb95fe3f3","9f0c2309434a3a870475d00203e98f720508d57766fb2239883c18b2dbbaf352","9f0c2309434a3a870475d00203e98f720508d57766fb2239883c18b2dbbaf352","","false","","","","[]","not_exported_in_001B; no reconstructed ledger bytes assumed","","unresolved_current_ledger","ambiguous","requires_installed_inspection","","version-based runner may see source identity as pending; exact planned-set/status evidence required","not_approved; source SQL may mutate data/DDL/privileges or require historical predecessor state"
"repository","supabase","supabase/migrations/20260329162528_51bddc3f-74f8-43ba-ab35-e353c458988c.sql","20260329162528","51bddc3f-74f8-43ba-ab35-e353c458988c","{""commit"":""eaf1535e40e065acedc284763e2a883921474b12"",""time"":""2026-03-29T16:25:29Z""}","6628d222c091ecf70c10aa1dceadeb22a731e8ab","8a52a565b9762d8793d5f3ba166eb433e64dee575ea82f70d4a3095e548966fc","8a52a565b9762d8793d5f3ba166eb433e64dee575ea82f70d4a3095e548966fc","","false","","","","[]","not_exported_in_001B; no reconstructed ledger bytes assumed","","unresolved_current_ledger","ambiguous","requires_installed_inspection","","version-based runner may see source identity as pending; exact planned-set/status evidence required","not_approved; source SQL may mutate data/DDL/privileges or require historical predecessor state"
"repository","supabase","supabase/migrations/20260330000758_a3fc7560-6fdd-4494-901d-253903e4d91a.sql","20260330000758","a3fc7560-6fdd-4494-901d-253903e4d91a","{""commit"":""1384fba03015db8472f7ca6412d7596b109d2b8f"",""time"":""2026-03-30T00:08:00Z""}","aa5a653ce4b19f0fd915f84040d9cd0508c1c77d","4bd7b4bba5b6e11040f1f6fab9911bd7a6d45b821495ea37e8600b296b7d17fd","4bd7b4bba5b6e11040f1f6fab9911bd7a6d45b821495ea37e8600b296b7d17fd","","false","","","","[]","not_exported_in_001B; no reconstructed ledger bytes assumed","","unresolved_current_ledger","ambiguous","requires_installed_inspection","","version-based runner may see source identity as pending; exact planned-set/status evidence required","not_approved; source SQL may mutate data/DDL/privileges or require historical predecessor state"
"repository","supabase","supabase/migrations/20260330004545_07a84c6c-144d-4973-91d9-f2dea9972fcc.sql","20260330004545","07a84c6c-144d-4973-91d9-f2dea9972fcc","{""commit"":""1c9474334642b5a64c1d03a87f471a9c5dfc7d67"",""time"":""2026-03-30T00:45:46Z""}","660b4306d05cf5d905dc9531b62b19bad226738b","af9cec3a940f405f7f1ce35d8eb25908824bc6d22436c3c2e6002656c6820fd4","af9cec3a940f405f7f1ce35d8eb25908824bc6d22436c3c2e6002656c6820fd4","","false","","","","[]","not_exported_in_001B; no reconstructed ledger bytes assumed","","unresolved_current_ledger","ambiguous","requires_installed_inspection","","version-based runner may see source identity as pending; exact planned-set/status evidence required","not_approved; source SQL may mutate data/DDL/privileges or require historical predecessor state"
"repository","supabase","supabase/migrations/20260330113624_9c744440-a8d2-41fb-84ac-3e09bb49e9b3.sql","20260330113624","9c744440-a8d2-41fb-84ac-3e09bb49e9b3","{""commit"":""af29e5d50a698a8b7729a31b2a92122bbf633639"",""time"":""2026-03-30T11:36:25Z""}","1de6666e94e9ce98c628f7fcb2654500dc89aaa5","690bdba5036d3725a3730c48548500f635430a8447e49a6106f5e32a3feebade","690bdba5036d3725a3730c48548500f635430a8447e49a6106f5e32a3feebade","","false","","","","[]","not_exported_in_001B; no reconstructed ledger bytes assumed","","unresolved_current_ledger","ambiguous","requires_installed_inspection","","version-based runner may see source identity as pending; exact planned-set/status evidence required","not_approved; source SQL may mutate data/DDL/privileges or require historical predecessor state"
"repository","supabase","supabase/migrations/20260402002618_1cf78142-8b64-4eed-ac1a-ecf7371c8121.sql","20260402002618","1cf78142-8b64-4eed-ac1a-ecf7371c8121","{""commit"":""d3467a61417173dca55996e1b80d76f4f5210cb8"",""time"":""2026-04-02T00:26:20Z""}","d0573189ae8537ab81c817f4e61b9eca11bb9c89","f20545fca877f2bf7b88ba6debe3f9a5214506de348e48e2a904349c3f735628","9add9b72fd5c37b47b4c78d10012820104c6fca4e95041b68d1925110a925ce0","","false","","","","[]","not_exported_in_001B; no reconstructed ledger bytes assumed","","unresolved_current_ledger","ambiguous","requires_installed_inspection","","version-based runner may see source identity as pending; exact planned-set/status evidence required","not_approved; source SQL may mutate data/DDL/privileges or require historical predecessor state"
"repository","supabase","supabase/migrations/20260404064318_d5aa0fc7-c6ea-4ef7-a13e-9cf3ccf4c3dd.sql","20260404064318","d5aa0fc7-c6ea-4ef7-a13e-9cf3ccf4c3dd","{""commit"":""e8353989413adb116c0431a75736c8bcdf3e2697"",""time"":""2026-04-04T06:43:19Z""}","3b694ad56fee8f266c83af1c8c797df5d3e6d65b","b7c66f123403b4b620dd7963567e40da55f41a1c76884723d347a9b7a4b5e125","91b9dd5c23542012a2dd274daee47b163490fd1eeb58096748453d548a0fb7a6","","false","","","","[]","not_exported_in_001B; no reconstructed ledger bytes assumed","","unresolved_current_ledger","ambiguous","requires_installed_inspection","","version-based runner may see source identity as pending; exact planned-set/status evidence required","not_approved; source SQL may mutate data/DDL/privileges or require historical predecessor state"
"repository","supabase","supabase/migrations/20260404123212_63a5c619-d64e-4419-87e4-0e933e297841.sql","20260404123212","63a5c619-d64e-4419-87e4-0e933e297841","{""commit"":""924427d541f46f3f6544b6c56ed7f248c40076a3"",""time"":""2026-04-04T12:32:19Z""}","910046061a245d79dad696d3015c802f7601ec98","447145daa8058c7e83abdbba3c8c3e4ef515ee394c4b9c3d9f10770fcb898a62","447145daa8058c7e83abdbba3c8c3e4ef515ee394c4b9c3d9f10770fcb898a62","","false","","","","[]","not_exported_in_001B; no reconstructed ledger bytes assumed","","unresolved_current_ledger","ambiguous","requires_installed_inspection","","version-based runner may see source identity as pending; exact planned-set/status evidence required","not_approved; source SQL may mutate data/DDL/privileges or require historical predecessor state"
"repository","supabase","supabase/migrations/20260405100632_324a37fd-e457-4570-9ac6-c3bb089494b8.sql","20260405100632","324a37fd-e457-4570-9ac6-c3bb089494b8","{""commit"":""c2e9556319218fa6103d2c00561f6ef8784bf8af"",""time"":""2026-04-05T10:06:33Z""}","c9644d6044ef8101a0dd29560ae4ce7e22868a2c","518d024cc1c505eb25645e35f4de683803389f65cbe5d3dce60a3e4b30334382","518d024cc1c505eb25645e35f4de683803389f65cbe5d3dce60a3e4b30334382","","false","","","","[]","not_exported_in_001B; no reconstructed ledger bytes assumed","","unresolved_current_ledger","ambiguous","requires_installed_inspection","","version-based runner may see source identity as pending; exact planned-set/status evidence required","not_approved; source SQL may mutate data/DDL/privileges or require historical predecessor state"
"repository","supabase","supabase/migrations/20260406062930_4107fe45-4443-419e-b78a-ee2d61ef5557.sql","20260406062930","4107fe45-4443-419e-b78a-ee2d61ef5557","{""commit"":""b575217f4d6eaacbab9ffbdeac36707c3f5772e0"",""time"":""2026-04-06T06:29:31Z""}","644248ed755625bf9184ec6b12516b89fa514ecb","2170f1e563a18374bec2d17008df0368a7d3bc4ba31d7603d7b07e07a87a9a69","2170f1e563a18374bec2d17008df0368a7d3bc4ba31d7603d7b07e07a87a9a69","","false","","","","[]","not_exported_in_001B; no reconstructed ledger bytes assumed","","unresolved_current_ledger","ambiguous","requires_installed_inspection","","version-based runner may see source identity as pending; exact planned-set/status evidence required","not_approved; source SQL may mutate data/DDL/privileges or require historical predecessor state"
"repository","supabase","supabase/migrations/20260407104322_dc8bd2bc-f67b-4925-bcee-ebcaf712c1c4.sql","20260407104322","dc8bd2bc-f67b-4925-bcee-ebcaf712c1c4","{""commit"":""9985227d83a03c31c39623cd454cd579481fecb9"",""time"":""2026-04-07T10:43:25Z""}","3510d95c99c2a9e1e9977b4fd329615465673621","4e4e414b0f1ab0799b314cc2a280eb6aeda87dfe87c6cf2b3dbe5fc9a70d9bd8","018aa98c33e234f50f744987bdbb0cb3fb8908f2d71fba1f911e477c85569d1f","","false","","","","[]","not_exported_in_001B; no reconstructed ledger bytes assumed","","unresolved_current_ledger","ambiguous","requires_installed_inspection","","version-based runner may see source identity as pending; exact planned-set/status evidence required","not_approved; source SQL may mutate data/DDL/privileges or require historical predecessor state"
"repository","supabase","supabase/migrations/20260407205833_0b612b93-12db-45a2-bd82-10a2517178ea.sql","20260407205833","0b612b93-12db-45a2-bd82-10a2517178ea","{""commit"":""9e663bdd838289854517e3853616f97c3bc31ad8"",""time"":""2026-04-07T20:58:35Z""}","017aa2a2b62a13b4ab96f484c74b084066f52834","622c231bd47b66b1d75a0524cdca82af743671e5a9cebc2dd70a47676607d7b0","176258f39a7cfe0933012f879337919f22c974425c2d05464b23bc6581a4effd","","false","","","","[]","not_exported_in_001B; no reconstructed ledger bytes assumed","","unresolved_current_ledger","ambiguous","requires_installed_inspection","","version-based runner may see source identity as pending; exact planned-set/status evidence required","not_approved; source SQL may mutate data/DDL/privileges or require historical predecessor state"
"repository","supabase","supabase/migrations/20260410125550_6cf09885-ae5f-4fd8-8849-aeb05031da81.sql","20260410125550","6cf09885-ae5f-4fd8-8849-aeb05031da81","{""commit"":""3d32cfe3ceb5719b3b6046c64080a4757bf3764c"",""time"":""2026-04-10T12:55:55Z""}","ca5f4a9ce8a596b30945898cb6c749973e3b85ce","bbddf45cf8928247b37c3bc02f65e09887954d1b929a6db6354e859c7dce85d1","bbddf45cf8928247b37c3bc02f65e09887954d1b929a6db6354e859c7dce85d1","","false","","","","[]","not_exported_in_001B; no reconstructed ledger bytes assumed","","unresolved_current_ledger","ambiguous","requires_installed_inspection","","version-based runner may see source identity as pending; exact planned-set/status evidence required","not_approved; source SQL may mutate data/DDL/privileges or require historical predecessor state"
"repository","supabase","supabase/migrations/20260410130037_0968f6e6-d20c-4f2a-b878-108f6c7e0b23.sql","20260410130037","0968f6e6-d20c-4f2a-b878-108f6c7e0b23","{""commit"":""a4fb7bd9b9f74809720fc2d3bfb7b93d88615cb7"",""time"":""2026-04-10T13:00:41Z""}","acbfb4ca977c5e7c2b9edeb162d1b0c400276a3e","c2609a39b6ab3503ce72860330bf88c1aba201670bfec3c9e7acfd1d0ce118cc","c2609a39b6ab3503ce72860330bf88c1aba201670bfec3c9e7acfd1d0ce118cc","","false","","","","[]","not_exported_in_001B; no reconstructed ledger bytes assumed","","unresolved_current_ledger","ambiguous","requires_installed_inspection","","version-based runner may see source identity as pending; exact planned-set/status evidence required","not_approved; source SQL may mutate data/DDL/privileges or require historical predecessor state"
"repository","supabase","supabase/migrations/20260410131020_75486f78-bf18-4ce3-b060-b63d19ad7e9a.sql","20260410131020","75486f78-bf18-4ce3-b060-b63d19ad7e9a","{""commit"":""84d75c966b9f0c8225b3b615036fb0c5c5b55a94"",""time"":""2026-04-10T13:10:24Z""}","b504d3f43f346067f151c501e5f022dfa6c7173a","a779b3a3c6974bc9608bd642cdaf661edb4aa284a484b73193fd6c922d04ce28","674f21d13ca3e765b45eced689b39fbe107fee8f44b0748dd7d655cf008e6ceb","","false","","","","[]","not_exported_in_001B; no reconstructed ledger bytes assumed","","unresolved_current_ledger","ambiguous","requires_installed_inspection","","version-based runner may see source identity as pending; exact planned-set/status evidence required","not_approved; source SQL may mutate data/DDL/privileges or require historical predecessor state"
"repository","supabase","supabase/migrations/20260410131056_031fa181-946c-42eb-b61d-2b2f1b76724c.sql","20260410131056","031fa181-946c-42eb-b61d-2b2f1b76724c","{""commit"":""cd5f5560ee7d1fa18605c6b097d0e9dd312d7263"",""time"":""2026-04-10T13:10:58Z""}","e1625886bccebfd42c2eb30e2957d6f0b1ab13e7","80cac9c2b2ca915ba60a260cf13dc218ed24ea349cf9f7f84bd8468ee7ffa281","0bc67504459535ab74e74c3511ed1e18531fdaa344931fac2ffe4a9cd6765b82","","false","","","","[]","not_exported_in_001B; no reconstructed ledger bytes assumed","","unresolved_current_ledger","ambiguous","requires_installed_inspection","","version-based runner may see source identity as pending; exact planned-set/status evidence required","not_approved; source SQL may mutate data/DDL/privileges or require historical predecessor state"
"repository","supabase","supabase/migrations/20260410171533_2b3afbca-a4ec-4f0d-9b81-6cbc22976088.sql","20260410171533","2b3afbca-a4ec-4f0d-9b81-6cbc22976088","{""commit"":""f3f6c958bcbf8228576f3e6db07fe49b3ce4a1ee"",""time"":""2026-04-10T17:15:35Z""}","5f579e207d2ab7460e005e2d5105063500d9f600","d3517d4c40ac66b1161fe5c6e922128ab1f6791dad620e22472f73af92db8f71","123b6aef0b5f5b613e915bc9ee2972d187258b2ea4ff640cf78b182fcfd0fb9e","","false","","","","[]","not_exported_in_001B; no reconstructed ledger bytes assumed","","unresolved_current_ledger","ambiguous","requires_installed_inspection","","version-based runner may see source identity as pending; exact planned-set/status evidence required","not_approved; source SQL may mutate data/DDL/privileges or require historical predecessor state"
"repository","supabase","supabase/migrations/20260413173559_c17da5be-240f-4a3b-94d7-23f71fc6dc24.sql","20260413173559","c17da5be-240f-4a3b-94d7-23f71fc6dc24","{""commit"":""b9c463230a1f4be502ed096235e5fd219f3d0f4f"",""time"":""2026-04-13T17:36:01Z""}","d25ed758695ed47a77d3fd2c34a492f48abd62c9","c982901e2b86f240d81bfd43a2b662c99f5baa3ba9fdbebfe727656169bfe58c","bd2d921517c55cd83628811bc2eea0bd72b0538bc22ac0b9bb63caa49012ca25","","false","","","","[]","not_exported_in_001B; no reconstructed ledger bytes assumed","","unresolved_current_ledger","ambiguous","requires_installed_inspection","","version-based runner may see source identity as pending; exact planned-set/status evidence required","not_approved; source SQL may mutate data/DDL/privileges or require historical predecessor state"
"repository","supabase","supabase/migrations/20260415113404_79e2e2c7-a132-4735-beeb-eb5d95a08f37.sql","20260415113404","79e2e2c7-a132-4735-beeb-eb5d95a08f37","{""commit"":""43dd793f2df3f753511220c356950b94652975fb"",""time"":""2026-04-15T11:34:09Z""}","83ffebc3b7d947bc52aec0469b02071a95473ea3","6c46474a68541e77f1570dcfa427c45fa1336750a36d07329d1ac43fb95e378d","14281981be3718c6fa8ccf50cf505193973b3fb35d492b59f83f43367cbd76be","","false","","","","[]","not_exported_in_001B; no reconstructed ledger bytes assumed","","unresolved_current_ledger","ambiguous","requires_installed_inspection","","version-based runner may see source identity as pending; exact planned-set/status evidence required","not_approved; source SQL may mutate data/DDL/privileges or require historical predecessor state"
"repository","supabase","supabase/migrations/20260415195614_372efeb5-ea85-42b7-8c92-c267172a23fb.sql","20260415195614","372efeb5-ea85-42b7-8c92-c267172a23fb","{""commit"":""a760d51c898b0f5dd252f99b68838bfb7d6dcecf"",""time"":""2026-04-15T19:56:15Z""}","9a27fd6d577fe550361302640c29c1be0c28fb21","46cfe9ff2444a2b3af859136495312ff0cfcd7be39b72522a1bcbddd137be3f0","46cfe9ff2444a2b3af859136495312ff0cfcd7be39b72522a1bcbddd137be3f0","","false","","","","[]","not_exported_in_001B; no reconstructed ledger bytes assumed","","unresolved_current_ledger","ambiguous","requires_installed_inspection","","version-based runner may see source identity as pending; exact planned-set/status evidence required","not_approved; source SQL may mutate data/DDL/privileges or require historical predecessor state"
"repository","supabase","supabase/migrations/20260419002830_046afde7-36de-4c9f-9a9d-169022dbfb41.sql","20260419002830","046afde7-36de-4c9f-9a9d-169022dbfb41","{""commit"":""2259220e0a7f0e5633d7c1a1b0879a61cad3a0dd"",""time"":""2026-04-19T00:28:31Z""}","1be6a56029db463fe6fb63fa944451157eb91889","c944a94d36e531b1ae021d1ab1398d76688be62fb7eb5e72915085c34f20afbf","5ff1b045922bae7ee14e985f9fecad5e85cc6400cda749e8ce9e51184bc07bc8","","false","","","","[]","not_exported_in_001B; no reconstructed ledger bytes assumed","","unresolved_current_ledger","ambiguous","requires_installed_inspection","","version-based runner may see source identity as pending; exact planned-set/status evidence required","not_approved; source SQL may mutate data/DDL/privileges or require historical predecessor state"
"repository","supabase","supabase/migrations/20260419223039_fc6b84ca-4813-4902-8729-830cd4d02464.sql","20260419223039","fc6b84ca-4813-4902-8729-830cd4d02464","{""commit"":""48f5bb8161659be610138912c995d3b00f83cb45"",""time"":""2026-04-19T22:30:40Z""}","478a38ca958c3a655d6a8990f973f17a3c695ca2","5e4913e33fe9908f7a5b066e922957598ec7397f2b8ee473e4f237a67216d2ee","01b2231a454ad75ec560ad2a290ae350cf7d95e62bc5e37f9bb41e157b272d90","","false","","","","[]","not_exported_in_001B; no reconstructed ledger bytes assumed","","unresolved_current_ledger","ambiguous","requires_installed_inspection","","version-based runner may see source identity as pending; exact planned-set/status evidence required","not_approved; source SQL may mutate data/DDL/privileges or require historical predecessor state"
"repository","supabase","supabase/migrations/20260419223403_cb1d2b3c-83c5-4048-b1c4-147b99a681c1.sql","20260419223403","cb1d2b3c-83c5-4048-b1c4-147b99a681c1","{""commit"":""8098a1f8cb053e2672fea3094c44b124f6cf7d66"",""time"":""2026-04-19T22:34:10Z""}","02275e8c564df57b4f92520b6328458f9705b6a8","37f91a79e2abb8b958099aad076b545db75ec3f3f260425395138bb60e7ae2f3","1b326438282c04e4084b93dd5e24d8a12ca4a73de7301bdebeda863e14e12650","","false","","","","[]","not_exported_in_001B; no reconstructed ledger bytes assumed","","unresolved_current_ledger","ambiguous","requires_installed_inspection","","version-based runner may see source identity as pending; exact planned-set/status evidence required","not_approved; source SQL may mutate data/DDL/privileges or require historical predecessor state"
"repository","supabase","supabase/migrations/20260419224152_149d3181-5474-48d3-b6ea-64eaf250dd72.sql","20260419224152","149d3181-5474-48d3-b6ea-64eaf250dd72","{""commit"":""9a7b91bac2ad487a9db5572ab8fc2c2ad319ca23"",""time"":""2026-04-19T22:41:54Z""}","7a11d6afe06dbc96044e0d5662fbc7622d83a399","a9940cb16b1c1c332e5a51363e66562994a44167418b193bf43cfc2e6d386f0d","7d976c50e08c7dd5fb361e0641ecf3ed3f3c3aa1e93a084636cd05dc99f35e38","","false","","","","[]","not_exported_in_001B; no reconstructed ledger bytes assumed","","unresolved_current_ledger","ambiguous","requires_installed_inspection","","version-based runner may see source identity as pending; exact planned-set/status evidence required","not_approved; source SQL may mutate data/DDL/privileges or require historical predecessor state"
"repository","supabase","supabase/migrations/20260420095641_607f4635-a6d7-4bbe-a3f3-3102100df4b1.sql","20260420095641","607f4635-a6d7-4bbe-a3f3-3102100df4b1","{""commit"":""91694b3b8123819ddfa7e9655ba422e3d8a8afab"",""time"":""2026-04-20T09:56:42Z""}","3ac2bb9b44a99689a41178584fa11bc826048e5e","8491385cf98db71671bec541c8d14f88c83154ecee9b524869f2d6093afc7cbf","94dccdbd7f24350aa0f8354311210bf2fa2324ffcde51652470f38e38e35ffd9","","false","","","","[]","not_exported_in_001B; no reconstructed ledger bytes assumed","","unresolved_current_ledger","ambiguous","requires_installed_inspection","","version-based runner may see source identity as pending; exact planned-set/status evidence required","not_approved; source SQL may mutate data/DDL/privileges or require historical predecessor state"
"repository","supabase","supabase/migrations/20260420112154_285e3057-f390-442b-ba18-b6cd30921f9d.sql","20260420112154","285e3057-f390-442b-ba18-b6cd30921f9d","{""commit"":""f9c912503f868e5edb6e88e80815be44108c64e2"",""time"":""2026-04-20T11:21:55Z""}","2347f86fb6a4d81fc6945393f438f4bfcaa65a62","ffaef79e66f541e5f01d4cf3e7fa83ef1fa4bcf5523591f85df00b88d9ea1094","83607322a73d2ac1211cd06188cc68178510f568d7188342bd96c021d8705bf1","","false","","","","[]","not_exported_in_001B; no reconstructed ledger bytes assumed","","unresolved_current_ledger","ambiguous","requires_installed_inspection","","version-based runner may see source identity as pending; exact planned-set/status evidence required","not_approved; source SQL may mutate data/DDL/privileges or require historical predecessor state"
"repository","supabase","supabase/migrations/20260421100516_86ff5c37-5723-40b7-b78d-8992f1cd26b0.sql","20260421100516","86ff5c37-5723-40b7-b78d-8992f1cd26b0","{""commit"":""658fec415e175c3564cd15ef204fffe79aff48a6"",""time"":""2026-04-21T10:05:18Z""}","7e8af2935ea08fd13673ba4b6bb37673cf60a0a1","2bb9f33a170f6e0a2eb459afbc5242f3c0962f3176fc6478987d104295845733","639203353e14e1c3544232065dd14e3139f09ea892a074a21f19f5939746ef7b","","false","","","","[]","not_exported_in_001B; no reconstructed ledger bytes assumed","","unresolved_current_ledger","ambiguous","requires_installed_inspection","","version-based runner may see source identity as pending; exact planned-set/status evidence required","not_approved; source SQL may mutate data/DDL/privileges or require historical predecessor state"
"repository","supabase","supabase/migrations/20260424054855_a11aae53-ba28-4b77-a472-85c786ec1a74.sql","20260424054855","a11aae53-ba28-4b77-a472-85c786ec1a74","{""commit"":""4165c15bc0e23fa070e5d3c650d7cf3417fe7ff7"",""time"":""2026-04-24T05:48:57Z""}","4d4b577a6a28e45133523cb350bc4558cb66f4f1","40ee360d59b3a7ac83b8981a549c740e17a2e506acc15f0ed933590642dbaf3e","5247961be6a003bd95ced6714c7a5edcacd19ca3e9b1f72c2b186c8fa5504fd9","","false","","","","[]","not_exported_in_001B; no reconstructed ledger bytes assumed","","unresolved_current_ledger","ambiguous","requires_installed_inspection","","version-based runner may see source identity as pending; exact planned-set/status evidence required","not_approved; source SQL may mutate data/DDL/privileges or require historical predecessor state"
"repository","supabase","supabase/migrations/20260424062214_fdbfd7fa-f614-4278-b339-dd556632dff9.sql","20260424062214","fdbfd7fa-f614-4278-b339-dd556632dff9","{""commit"":""06d6c9d48505a9b0d9438611c1f163efb8c52119"",""time"":""2026-04-24T06:22:16Z""}","4ff3817c34fc0eff21c2c643bf056d942873c62f","f86b1f3f4c58ed14d6f9bbf2ad0f443daa4dd59d01656754100d1e3740f2b0a3","74ec022baffe1d4bd2edadbfe06d487ea79ab788aaaadb962e10509d91121eec","","false","","","","[]","not_exported_in_001B; no reconstructed ledger bytes assumed","","unresolved_current_ledger","ambiguous","requires_installed_inspection","","version-based runner may see source identity as pending; exact planned-set/status evidence required","not_approved; source SQL may mutate data/DDL/privileges or require historical predecessor state"
"repository","supabase","supabase/migrations/20260424064309_dff18803-7748-4a6e-ad18-da89a459c6d5.sql","20260424064309","dff18803-7748-4a6e-ad18-da89a459c6d5","{""commit"":""db0251576e365335b83952d176766bb394b1811f"",""time"":""2026-04-24T06:43:11Z""}","0b9bf90768038f8555f7dc93f1d65b0726e777e2","00720f666d5557ce528c0f39ec7ac0957d9235575aef0decfbcfb4a0d4dc9250","58be71376aa7f755f65001514022910e5f942f544feed9c33bab8655537e4b97","","false","","","","[]","not_exported_in_001B; no reconstructed ledger bytes assumed","","unresolved_current_ledger","ambiguous","requires_installed_inspection","","version-based runner may see source identity as pending; exact planned-set/status evidence required","not_approved; source SQL may mutate data/DDL/privileges or require historical predecessor state"
"repository","supabase","supabase/migrations/20260424065829_7750bc10-1721-4043-b6e7-29fa12b8e19b.sql","20260424065829","7750bc10-1721-4043-b6e7-29fa12b8e19b","{""commit"":""3791923fa5a05ea4b59ae1a7634009490da59def"",""time"":""2026-04-24T06:58:30Z""}","7d7ccdaddfb9ad1fb9ef9924656de2dac0ddb343","7b71b5e9b4be69d52fa33402634e385f6aa68aa7f4bbdf5272977bc889cc7184","74e72a59523b61de1c9c75de051b160ba28a23834258e8bb0994ae5b3da54c67","","false","","","","[]","not_exported_in_001B; no reconstructed ledger bytes assumed","","unresolved_current_ledger","ambiguous","requires_installed_inspection","","version-based runner may see source identity as pending; exact planned-set/status evidence required","not_approved; source SQL may mutate data/DDL/privileges or require historical predecessor state"
"repository","supabase","supabase/migrations/20260424235027_cd367659-533b-453c-bd24-ba544d55943b.sql","20260424235027","cd367659-533b-453c-bd24-ba544d55943b","{""commit"":""2e23db4c28d2e4a03fcf1431b6707adc5479091a"",""time"":""2026-04-24T23:50:28Z""}","162a61a2731d05dadc0559345cdd393396f0d664","becd39a75c88e47dc0e2f6b59d9a3b5693615171f6b132f106deee731dfe2a06","761a1dc3bc84d3cd4568c0129a2b62c5ee2fa4e44ea316475d3969dfb9b68d21","","false","","","","[]","not_exported_in_001B; no reconstructed ledger bytes assumed","","unresolved_current_ledger","ambiguous","requires_installed_inspection","","version-based runner may see source identity as pending; exact planned-set/status evidence required","not_approved; source SQL may mutate data/DDL/privileges or require historical predecessor state"
"repository","supabase","supabase/migrations/20260425062044_3f599d60-8f12-4920-a733-2f052433ec0e.sql","20260425062044","3f599d60-8f12-4920-a733-2f052433ec0e","{""commit"":""34072e7dc9a1d0d34c71cfef416e8cd561213ac8"",""time"":""2026-04-25T06:20:46Z""}","87d9e4cf016bdcee0dffba6975ab742511929b38","87c273d98f1497697199c266605ac39c4fec7fb2f3597827cfd7c4f85cd86ace","a1a0d4a0a4dcaa8f4d4d11f78ea1d91b1a178b2b8234a316133f24a9e12f8c8b","","false","","","","[]","not_exported_in_001B; no reconstructed ledger bytes assumed","","unresolved_current_ledger","ambiguous","requires_installed_inspection","","version-based runner may see source identity as pending; exact planned-set/status evidence required","not_approved; source SQL may mutate data/DDL/privileges or require historical predecessor state"
"repository","supabase","supabase/migrations/20260425082949_ecdb5768-acf2-4deb-877e-97cc444be8f8.sql","20260425082949","ecdb5768-acf2-4deb-877e-97cc444be8f8","{""commit"":""9838fa4676eec0e2968736b68aade6dd5930a2ce"",""time"":""2026-04-25T08:29:51Z""}","eb94f856bfcff862582d24aadb0bb6e1ea76ca4a","0a8690cf58b6ab07b2da26f770603f9731179699a6ef8311546533420e018d54","febb35368dc8d2e1c50a46047f855ccc0d5ee357bc1ae449d8af45ad8ac122c0","","false","","","","[]","not_exported_in_001B; no reconstructed ledger bytes assumed","","unresolved_current_ledger","ambiguous","requires_installed_inspection","","version-based runner may see source identity as pending; exact planned-set/status evidence required","not_approved; source SQL may mutate data/DDL/privileges or require historical predecessor state"
"repository","supabase","supabase/migrations/20260425083919_0084e769-4f16-4c5a-a189-ff48b8ae9148.sql","20260425083919","0084e769-4f16-4c5a-a189-ff48b8ae9148","{""commit"":""42671445b225c9271441a9dea7a5cd39c40c3024"",""time"":""2026-04-25T08:39:21Z""}","00bb329a859f59892915c8a55122d5001461301d","e262d1543c3ad292c78f1150e613b594ee3225a731673f6f735eeac41b81b323","9eb0b32d2d3bd026064a36ea5c2dd88480bfcbeede7bc453bd7dd8d9325f0bea","","false","","","","[]","not_exported_in_001B; no reconstructed ledger bytes assumed","","unresolved_current_ledger","ambiguous","requires_installed_inspection","","version-based runner may see source identity as pending; exact planned-set/status evidence required","not_approved; source SQL may mutate data/DDL/privileges or require historical predecessor state"
"repository","supabase","supabase/migrations/20260425112606_20c723f6-ff0b-4376-b98e-3a0e66774636.sql","20260425112606","20c723f6-ff0b-4376-b98e-3a0e66774636","{""commit"":""78a9d7edea2f25b49791065e058151d014d11f39"",""time"":""2026-04-25T11:26:07Z""}","aea6bb20edd028c2a92f42319fbc8291ed00577b","0e59e6556edcc64c127d665d953a252dedfac71d639021dffde5c3f0e16d8761","d5579a812c750e15d2c6fa38573c17e35d6d89d16c1f17d4a4ee67c0e536663a","","false","","","","[]","not_exported_in_001B; no reconstructed ledger bytes assumed","","unresolved_current_ledger","ambiguous","requires_installed_inspection","","version-based runner may see source identity as pending; exact planned-set/status evidence required","not_approved; source SQL may mutate data/DDL/privileges or require historical predecessor state"
"repository","supabase","supabase/migrations/20260425115634_4d0d1c15-cdde-4f99-a3f0-d622917ae63e.sql","20260425115634","4d0d1c15-cdde-4f99-a3f0-d622917ae63e","{""commit"":""02c9e0bf7d4351a25e6fcfab126ba9e6e6507f74"",""time"":""2026-04-25T11:56:36Z""}","559cd176aef63ec6dcbbf6eafbef30ab67f82b7a","d75220916d436223ea54f15f30cbb24160024950491b60267196a69fb6175b61","d75220916d436223ea54f15f30cbb24160024950491b60267196a69fb6175b61","","false","","","","[]","not_exported_in_001B; no reconstructed ledger bytes assumed","","unresolved_current_ledger","ambiguous","requires_installed_inspection","","version-based runner may see source identity as pending; exact planned-set/status evidence required","not_approved; source SQL may mutate data/DDL/privileges or require historical predecessor state"
"repository","supabase","supabase/migrations/20260427093923_5534b93b-2368-4ee2-a4cf-36e6ddefddc0.sql","20260427093923","5534b93b-2368-4ee2-a4cf-36e6ddefddc0","{""commit"":""05228757153c5713beca54b0d55bcf5d4f459b66"",""time"":""2026-04-27T09:39:25Z""}","8dc0c4a0fe480910701ce154cfc2918af4bcdd8d","3d6d2aecb6bc6c3c1cb0df2dcb44b6fd8ff7f5fda214c0cc807e6c33ad174c23","fe1c12df8109130a9ac61754ccf7a39193e02e52018fb94431d91afcc5849e5c","","false","","","","[]","not_exported_in_001B; no reconstructed ledger bytes assumed","","unresolved_current_ledger","ambiguous","requires_installed_inspection","","version-based runner may see source identity as pending; exact planned-set/status evidence required","not_approved; source SQL may mutate data/DDL/privileges or require historical predecessor state"
"repository","supabase","supabase/migrations/20260427203754_70f526eb-0795-4071-b88d-072b8a69eadb.sql","20260427203754","70f526eb-0795-4071-b88d-072b8a69eadb","{""commit"":""cd36fe568eaaffee38aaff7d5e0f83e1623047e8"",""time"":""2026-04-27T20:37:56Z""}","6c3a4037bb3d8955ff43adf98fa5953d2574e467","68014ac13fc2a85925751363a153503237d13f3aafd581035a4a7f427a8dc103","a91032afcef8e442feb8aff6b120fc425afad0de10001f74b1fd63e5cfe275b7","","false","","","","[]","not_exported_in_001B; no reconstructed ledger bytes assumed","","unresolved_current_ledger","ambiguous","requires_installed_inspection","","version-based runner may see source identity as pending; exact planned-set/status evidence required","not_approved; source SQL may mutate data/DDL/privileges or require historical predecessor state"
"repository","supabase","supabase/migrations/20260427215510_5c1bb3d8-1512-4776-90b0-6b7750e3bd6a.sql","20260427215510","5c1bb3d8-1512-4776-90b0-6b7750e3bd6a","{""commit"":""ff320a4e0a99d975200a1f215e4765e1fe9e22f1"",""time"":""2026-04-27T21:55:12Z""}","963c400a5b6c5b0789712be0f9ba289e76c0ef04","38658d1b380e0403c18a4a34aee004304ee66257f9008cb6be6b209a31b2fe5f","38658d1b380e0403c18a4a34aee004304ee66257f9008cb6be6b209a31b2fe5f","","false","","","","[]","not_exported_in_001B; no reconstructed ledger bytes assumed","","unresolved_current_ledger","ambiguous","requires_installed_inspection","","version-based runner may see source identity as pending; exact planned-set/status evidence required","not_approved; source SQL may mutate data/DDL/privileges or require historical predecessor state"
"repository","supabase","supabase/migrations/20260427222240_13723777-81a4-4460-a27d-81000cfeda38.sql","20260427222240","13723777-81a4-4460-a27d-81000cfeda38","{""commit"":""a299d225651f5787baa46b3c55be51658315dc11"",""time"":""2026-04-27T22:22:42Z""}","bb31dcc2124f942d5098516eaecd513a1f52e47e","5320d16bb8e93b5e70cf341d0d3850c1c4c68956a37186ee415ebe2cb30d5efc","79ac200ac93ec72afdb54856ddb29358bece0e855ce20c998a292390c33f2581","","false","","","","[]","not_exported_in_001B; no reconstructed ledger bytes assumed","","unresolved_current_ledger","ambiguous","requires_installed_inspection","","version-based runner may see source identity as pending; exact planned-set/status evidence required","not_approved; source SQL may mutate data/DDL/privileges or require historical predecessor state"
"repository","supabase","supabase/migrations/20260428071322_235eb44a-cad5-4b1f-863d-5381639308ee.sql","20260428071322","235eb44a-cad5-4b1f-863d-5381639308ee","{""commit"":""b530744552ad81ab2d780f176443c57e730ae659"",""time"":""2026-04-28T07:13:25Z""}","bac2e0c195ec24a494c0c4f69576bf52c6d5954f","fc92ff4d7c047b74813bd88a64e4f4599e3444174f3f00b95954ac1a4e4315ec","6b84b2945aef412ca3ca6547d005532d907d806219468beebbef660fdea7482b","","false","","","","[]","not_exported_in_001B; no reconstructed ledger bytes assumed","","unresolved_current_ledger","ambiguous","requires_installed_inspection","","version-based runner may see source identity as pending; exact planned-set/status evidence required","not_approved; source SQL may mutate data/DDL/privileges or require historical predecessor state"
"repository","supabase","supabase/migrations/20260428074535_379899d0-63ed-4aec-a27e-a1a5e628c7a5.sql","20260428074535","379899d0-63ed-4aec-a27e-a1a5e628c7a5","{""commit"":""3197852e642fe9f6bcc97cac5ff850c3dae1dc76"",""time"":""2026-04-28T07:45:36Z""}","c40c22290d931855e77a11ee7791b1537c2f3965","4c3e685644e382cf266037f8b6afada787bdd83b4f8b9777dc44560a26ffbc47","1621a2e416c2caea77663837b04ee3d145d0a33b81bad3976796ef51db830b30","","false","","","","[]","not_exported_in_001B; no reconstructed ledger bytes assumed","","unresolved_current_ledger","ambiguous","requires_installed_inspection","","version-based runner may see source identity as pending; exact planned-set/status evidence required","not_approved; source SQL may mutate data/DDL/privileges or require historical predecessor state"
"repository","supabase","supabase/migrations/20260428074551_0a07aef6-7435-4879-94cf-1e21ac0f4d51.sql","20260428074551","0a07aef6-7435-4879-94cf-1e21ac0f4d51","{""commit"":""5e5664e39fae93f3861369190dd387d85133e527"",""time"":""2026-04-28T07:45:52Z""}","fdb91974ba9b5a3834d5ab8b8412e05c9318d253","43d07db76bdf2dcd338850c8aaff77789bcf74bbfefcd3fda44f4efbe26f7e0f","2fdaa85195c6958c163e638e591a14c94c6eed5f4da9e64a8a829c2187958eb5","","false","","","","[]","not_exported_in_001B; no reconstructed ledger bytes assumed","","unresolved_current_ledger","ambiguous","requires_installed_inspection","","version-based runner may see source identity as pending; exact planned-set/status evidence required","not_approved; source SQL may mutate data/DDL/privileges or require historical predecessor state"
"repository","supabase","supabase/migrations/20260428113535_a99e9863-7d8b-4def-bfe2-a072880ecdd0.sql","20260428113535","a99e9863-7d8b-4def-bfe2-a072880ecdd0","{""commit"":""bab0f340b55e513c50a373e2c596f99dee3d48ff"",""time"":""2026-04-28T11:35:38Z""}","4dc7f4c9fee304af24cec2ca63d41a9b59cf64cd","3f80fbbbd3a8c65dc6eb0ccb3dd415615409297be291af72242899c24ed6e789","3f80fbbbd3a8c65dc6eb0ccb3dd415615409297be291af72242899c24ed6e789","","false","","","","[]","not_exported_in_001B; no reconstructed ledger bytes assumed","","unresolved_current_ledger","ambiguous","requires_installed_inspection","","version-based runner may see source identity as pending; exact planned-set/status evidence required","not_approved; source SQL may mutate data/DDL/privileges or require historical predecessor state"
"repository","supabase","supabase/migrations/20260428234013_5e1976e0-9d0a-4dd6-858f-4884a429e400.sql","20260428234013","5e1976e0-9d0a-4dd6-858f-4884a429e400","{""commit"":""2f501709a6453c85958487ce29b8df531a8bce9a"",""time"":""2026-04-28T23:40:15Z""}","7fc6ca319112805546d213b605120f93a6741d13","38403c9befb6f87eca8193135afb03efc114c713f4de35c8d6e43f15e680148e","1fc2bc1141097b9ca5c1068c1b652a8de9dfa3d73738e6f7f15e3c6340e95786","","false","","","","[]","not_exported_in_001B; no reconstructed ledger bytes assumed","","unresolved_current_ledger","ambiguous","requires_installed_inspection","","version-based runner may see source identity as pending; exact planned-set/status evidence required","not_approved; source SQL may mutate data/DDL/privileges or require historical predecessor state"
"repository","supabase","supabase/migrations/20260429000456_79d86b89-52a8-42be-b412-e4b612d8670f.sql","20260429000456","79d86b89-52a8-42be-b412-e4b612d8670f","{""commit"":""ce018f00f9c5d26f37daef6db21da23ee08d3cb1"",""time"":""2026-04-29T00:04:57Z""}","6791ed610cdc47eabd77b27ceaf3583bd89a0a1b","fbc90b7a8b72311346d4ae436371646197556e36603a21151f182cc67090d00b","e8a0fc510a1948ddd0cb7e04d4cac099346fad6122ee95b63c4a4de4b5bd6642","","false","","","","[]","not_exported_in_001B; no reconstructed ledger bytes assumed","","unresolved_current_ledger","ambiguous","requires_installed_inspection","","version-based runner may see source identity as pending; exact planned-set/status evidence required","not_approved; source SQL may mutate data/DDL/privileges or require historical predecessor state"
"repository","supabase","supabase/migrations/20260430152828_d2e66dab-151d-4310-8319-63abb42569bd.sql","20260430152828","d2e66dab-151d-4310-8319-63abb42569bd","{""commit"":""6230672676a4740f2a825c51a9defa5b2bf8981b"",""time"":""2026-04-30T15:28:31Z""}","babed46c1f97cbed87f8f5dec27c7913e196fa89","9d868de9f6e8441df497b7818c9a6f150c4f4dbe8891c434369cd8ce618c2e89","d95d2c23379bcb907390adbbedfc78a245fe759db83189d9f427ec196113e143","","false","","","","[]","not_exported_in_001B; no reconstructed ledger bytes assumed","","unresolved_current_ledger","ambiguous","requires_installed_inspection","","version-based runner may see source identity as pending; exact planned-set/status evidence required","not_approved; source SQL may mutate data/DDL/privileges or require historical predecessor state"
"repository","supabase","supabase/migrations/20260430152900_b863c265-b8c5-41e1-b947-b0ea4d22e7df.sql","20260430152900","b863c265-b8c5-41e1-b947-b0ea4d22e7df","{""commit"":""0c08355522ee574742e21ed9610a6e0bd5f20c81"",""time"":""2026-04-30T15:29:02Z""}","4645bee16fdb2df284f746681a268fe084349c2a","2b992ddb58918e4df41edee8e17888a404527534784a85667f12b4f52a8a4f6d","b3316c2c8ace02de454626049028342966e91eeafbb2c8c002e90bab5d21acf1","","false","","","","[]","not_exported_in_001B; no reconstructed ledger bytes assumed","","unresolved_current_ledger","ambiguous","requires_installed_inspection","","version-based runner may see source identity as pending; exact planned-set/status evidence required","not_approved; source SQL may mutate data/DDL/privileges or require historical predecessor state"
"repository","supabase","supabase/migrations/20260501093544_372dea1e-45ca-440d-91c5-45c423654cf4.sql","20260501093544","372dea1e-45ca-440d-91c5-45c423654cf4","{""commit"":""c3d097feb0a85791a547bb7082f8bf30a8e78e04"",""time"":""2026-05-01T09:35:46Z""}","e12599d66f5343c919e86814f992789daf8408f3","33a9dd680ed05f0dff08a15664019344cc4c0eb1b86a14cb05ab8df7a17c1d97","348d5ae072041a5f7d868fcb807e92d83ae0a0ac3c077953f950c63a1c2fde4c","","false","","","","[]","not_exported_in_001B; no reconstructed ledger bytes assumed","","unresolved_current_ledger","ambiguous","requires_installed_inspection","","version-based runner may see source identity as pending; exact planned-set/status evidence required","not_approved; source SQL may mutate data/DDL/privileges or require historical predecessor state"
"repository","supabase","supabase/migrations/20260501094334_abed6fa1-3a0d-4d0c-b5d3-6916e1901f37.sql","20260501094334","abed6fa1-3a0d-4d0c-b5d3-6916e1901f37","{""commit"":""ed363a57fafa32974d33e3880ea069f81d4ca4c5"",""time"":""2026-05-01T09:43:37Z""}","7b4c31d6a97112e4456e96a8bc4474953ca6b261","f1948e0893d8e040fee5087b045360c53487e66ce5c4f1cca3994665714a5c3c","ead44f5ad17c474e50d2a8782e0317997a06ef1650c7b2960ffdc61a0c8192ea","","false","","","","[]","not_exported_in_001B; no reconstructed ledger bytes assumed","","unresolved_current_ledger","ambiguous","requires_installed_inspection","","version-based runner may see source identity as pending; exact planned-set/status evidence required","not_approved; source SQL may mutate data/DDL/privileges or require historical predecessor state"
"repository","supabase","supabase/migrations/20260501215210_c4680f34-df6f-4048-b0a6-293b1f5fb1b1.sql","20260501215210","c4680f34-df6f-4048-b0a6-293b1f5fb1b1","{""commit"":""d01930f8aee8936893b9c1ecaaffd2ac5f2ef055"",""time"":""2026-05-01T21:52:12Z""}","3948aa07bacfc20c5c736f531bb97b2c96262410","c0179cf0dde8a467f1486d1a4c67c65bc5db8beff2a2ccb5be6b678409babd39","1f95f11d7156f88309fe6370e00bacd04fdf0d4db1ae53a46b678d208c97172c","","false","","","","[]","not_exported_in_001B; no reconstructed ledger bytes assumed","","unresolved_current_ledger","ambiguous","requires_installed_inspection","","version-based runner may see source identity as pending; exact planned-set/status evidence required","not_approved; source SQL may mutate data/DDL/privileges or require historical predecessor state"
"repository","supabase","supabase/migrations/20260501232050_0d675363-a6d0-419b-be85-c9e537ad6042.sql","20260501232050","0d675363-a6d0-419b-be85-c9e537ad6042","{""commit"":""ab276b3c58b38696e2720c4b10ee83f8401cac73"",""time"":""2026-05-01T23:20:51Z""}","d7c9700544110efdf1992f2b28c7102da53bb545","53ac4f1479ee1f229fa90bd46c9b08607715a6348f4c89a18db4a2f240b75a8e","331d0f5d29475ef9f40485dc3b127dfebe58a100e50ba464e667f1d350e98777","","false","","","","[]","not_exported_in_001B; no reconstructed ledger bytes assumed","","unresolved_current_ledger","ambiguous","requires_installed_inspection","","version-based runner may see source identity as pending; exact planned-set/status evidence required","not_approved; source SQL may mutate data/DDL/privileges or require historical predecessor state"
"repository","supabase","supabase/migrations/20260501232220_bf28e5dc-6fc4-425d-869d-082130bd04e1.sql","20260501232220","bf28e5dc-6fc4-425d-869d-082130bd04e1","{""commit"":""f1146623695fc27a9815ab6c454adfcfb873c7a4"",""time"":""2026-05-01T23:22:22Z""}","a1bfc47b767e136c49bad98d809ba1fe08aa81b4","fc446917b95f7105c7b955d879ec6325e42a8be41c289869c57903ff8449da8b","daaa6389ebadea45a567bf2aedb51185edd75f638603d6bd1535a258230b390a","","false","","","","[]","not_exported_in_001B; no reconstructed ledger bytes assumed","","unresolved_current_ledger","ambiguous","requires_installed_inspection","","version-based runner may see source identity as pending; exact planned-set/status evidence required","not_approved; source SQL may mutate data/DDL/privileges or require historical predecessor state"
"repository","supabase","supabase/migrations/20260502133107_fa126390-1d65-4a82-8f48-4900d2d59f55.sql","20260502133107","fa126390-1d65-4a82-8f48-4900d2d59f55","{""commit"":""f461d26eb893880ca9c2b669c9f35250e1c10aa3"",""time"":""2026-05-02T13:31:09Z""}","a25ebb3bc919cfccc03e0d9bee18fe0e9d1b8d35","fae551cda53a173dbe0569543210e0729964f2cc12a9a2cb119efc69119f800e","1c28c2ad8e69745ec6eeec8692d339b5fd3232956b07facf92b3e9f1785762c9","","false","","","","[]","not_exported_in_001B; no reconstructed ledger bytes assumed","","unresolved_current_ledger","ambiguous","requires_installed_inspection","","version-based runner may see source identity as pending; exact planned-set/status evidence required","not_approved; source SQL may mutate data/DDL/privileges or require historical predecessor state"
"repository","supabase","supabase/migrations/20260502133807_780eaa1b-9f61-4f68-a699-6dcd47fd85f1.sql","20260502133807","780eaa1b-9f61-4f68-a699-6dcd47fd85f1","{""commit"":""c097ebce83ec244f3528cb2ce4362e94eba7d00c"",""time"":""2026-05-02T13:38:09Z""}","e563e61f5b5d9a3414dee42158120edc9b76c668","2cc94e48af7b1e863cd61e6604491582218a5b0216333e19a44a5d800ef3c91e","ebc8d0a26e06842f6f384c6b7baa1af63ed2ee79ffd7a782393f91575e2e255b","","false","","","","[]","not_exported_in_001B; no reconstructed ledger bytes assumed","","unresolved_current_ledger","ambiguous","requires_installed_inspection","","version-based runner may see source identity as pending; exact planned-set/status evidence required","not_approved; source SQL may mutate data/DDL/privileges or require historical predecessor state"
"repository","supabase","supabase/migrations/20260502133905_0ffe825e-eb13-459a-875f-ad94b39b6d23.sql","20260502133905","0ffe825e-eb13-459a-875f-ad94b39b6d23","{""commit"":""4a9b93e603a1589b12eae0da5334fa48b6e32a5e"",""time"":""2026-05-02T13:39:06Z""}","d0295470bf4178a6961f4022e4beb228ff33a65f","9f50cc669c49e579497195a0518a162f5a47bbdec13b87382983173799bc661f","8bd2c30ffb368e335ba23d8818c1bd69d0deb50fdb5b5f0c78a553b404aeb65e","","false","","","","[]","not_exported_in_001B; no reconstructed ledger bytes assumed","","unresolved_current_ledger","ambiguous","requires_installed_inspection","","version-based runner may see source identity as pending; exact planned-set/status evidence required","not_approved; source SQL may mutate data/DDL/privileges or require historical predecessor state"
"repository","supabase","supabase/migrations/20260502133945_639d642e-1689-489e-b644-efa6e45f9c58.sql","20260502133945","639d642e-1689-489e-b644-efa6e45f9c58","{""commit"":""239c0a83b33f1d91ae51aecc203b5545e7dc58ce"",""time"":""2026-05-02T13:39:47Z""}","1c6fd769269f92e96b00f2e14594210e1d248844","8172e89d973b3b5f27f7bf0bc1d1eba75e1610ac2538e7c43a51d4d3b02b0704","43f1d1ecbc643f2bcc0e9d2fc54720263c9be781c2ed8e57e4e6da1eab3b7622","","false","","","","[]","not_exported_in_001B; no reconstructed ledger bytes assumed","","unresolved_current_ledger","ambiguous","requires_installed_inspection","","version-based runner may see source identity as pending; exact planned-set/status evidence required","not_approved; source SQL may mutate data/DDL/privileges or require historical predecessor state"
"repository","supabase","supabase/migrations/20260503001343_8e15f8aa-f928-4608-a7f0-70a193cfb963.sql","20260503001343","8e15f8aa-f928-4608-a7f0-70a193cfb963","{""commit"":""cc52dc28068990a8ed34f1c88c288f0b90fe1416"",""time"":""2026-05-03T00:13:46Z""}","70334de08e659e0b0a6489e54451bd551d03c242","0974d4ebcbdc0eea2beda85e4c1b1ca511b002da8ec41ee574ad5c3aa5485d22","eb9d938bb7a3b6159a77c44828a003e4b6035103674c568f04313e49164a4dac","","false","","","","[]","not_exported_in_001B; no reconstructed ledger bytes assumed","","unresolved_current_ledger","ambiguous","requires_installed_inspection","","version-based runner may see source identity as pending; exact planned-set/status evidence required","not_approved; source SQL may mutate data/DDL/privileges or require historical predecessor state"
"repository","supabase","supabase/migrations/20260505074547_e3cb49d2-dfd8-4892-a893-e66d5c5ef722.sql","20260505074547","e3cb49d2-dfd8-4892-a893-e66d5c5ef722","{""commit"":""54f49aa5d72cf35d8e8b7648486bb77082126c0d"",""time"":""2026-05-05T07:45:48Z""}","08c05a357a74015e6c3a79a3c409b8e7da7f8d87","1046963a28031ec113fbfc9d2cb24365b08bfd6a7614bc5612b03d48bf609137","6559491539d1bdc967c3181cc2451959514bb03ed27ca11da8c5e9e597731996","","false","","","","[]","not_exported_in_001B; no reconstructed ledger bytes assumed","","unresolved_current_ledger","ambiguous","requires_installed_inspection","","version-based runner may see source identity as pending; exact planned-set/status evidence required","not_approved; source SQL may mutate data/DDL/privileges or require historical predecessor state"
"repository","supabase","supabase/migrations/20260506004012_e70bceb2-8bbd-4534-9e36-b996187cb879.sql","20260506004012","e70bceb2-8bbd-4534-9e36-b996187cb879","{""commit"":""5a0c2a540ec3fcbbb913d7546adcb01cae90d5d8"",""time"":""2026-05-06T00:40:14Z""}","b342a84761ba9b02acd8b1fb179362074ac31019","beefbadfde6d6a63718fa03b5080fb6ae4be70bdb9483baec358f931461845ef","aaa92c0f7df727326a087eb82ece27f6cd77defb3c57ea2f769382e12a095929","","false","","","","[]","not_exported_in_001B; no reconstructed ledger bytes assumed","","unresolved_current_ledger","ambiguous","requires_installed_inspection","","version-based runner may see source identity as pending; exact planned-set/status evidence required","not_approved; source SQL may mutate data/DDL/privileges or require historical predecessor state"
"repository","supabase","supabase/migrations/20260506004148_b3df5722-c7c2-46f5-b032-0adeba12dea1.sql","20260506004148","b3df5722-c7c2-46f5-b032-0adeba12dea1","{""commit"":""aa540e45a715857ba174e1b8b5c20499b0f15e07"",""time"":""2026-05-06T00:41:49Z""}","fb00c3ae8955c1b5646469120fed255b04ec7e2c","0df3e9a081c12efbc60a9fb61a5f3af49417d11fe74382f793a98f6c35084fff","754d124ab45c373dffa8b95a147590126d1520bc45ed71b32d2103db2b19d425","","false","","","","[]","not_exported_in_001B; no reconstructed ledger bytes assumed","","unresolved_current_ledger","ambiguous","requires_installed_inspection","","version-based runner may see source identity as pending; exact planned-set/status evidence required","not_approved; source SQL may mutate data/DDL/privileges or require historical predecessor state"
"repository","supabase","supabase/migrations/20260507092910_99a744c4-998d-4c06-a8ef-bbc7860b3cea.sql","20260507092910","99a744c4-998d-4c06-a8ef-bbc7860b3cea","{""commit"":""4df2551221651a3da8760eb45f63beaeff872472"",""time"":""2026-05-07T09:29:15Z""}","defa03e5b830240aa406399e23a269abe0122377","60857b633a0c9f380257521af57adf863c141d94be21747fcb5cd5453669aa5f","599d98795f65e87569f0593560aee980d2bd52d8b2cdbb84c71855b7f1911d58","","false","","","","[]","not_exported_in_001B; no reconstructed ledger bytes assumed","","unresolved_current_ledger","ambiguous","requires_installed_inspection","","version-based runner may see source identity as pending; exact planned-set/status evidence required","not_approved; source SQL may mutate data/DDL/privileges or require historical predecessor state"
"repository","supabase","supabase/migrations/20260507094603_799a8421-69fc-4d89-9dae-11a203f13ddc.sql","20260507094603","799a8421-69fc-4d89-9dae-11a203f13ddc","{""commit"":""eb38c4aa62cc708dd7ee6abd12101bcba67f15f8"",""time"":""2026-05-07T09:46:04Z""}","564fcdb7c47f93510a4bf0e196ada00c3e8e6aa4","477539f084dbbeb9e67c33b67602f162661990e682fca6bf82867f5cb3fbb74c","f02df43f0b6bb0163da461930408b6c0a5903d117b10648d3f5b1091f4823acf","","false","","","","[]","not_exported_in_001B; no reconstructed ledger bytes assumed","","unresolved_current_ledger","ambiguous","requires_installed_inspection","","version-based runner may see source identity as pending; exact planned-set/status evidence required","not_approved; source SQL may mutate data/DDL/privileges or require historical predecessor state"
"repository","supabase","supabase/migrations/20260509220712_89d7c593-1a48-4ffd-8a8d-4b1ddaed65bc.sql","20260509220712","89d7c593-1a48-4ffd-8a8d-4b1ddaed65bc","{""commit"":""fb7ae463857f39696f89d2f515c2c85b766ad4ec"",""time"":""2026-05-09T22:07:14Z""}","f886ddf4e7e451d6e3f500ea6729a51d03b37323","0e8b99cc0da9b4c868542bf53f232bc33ff7de53a04b227d23976dac5704f31c","f22843dacce40088fc0d93b6e15fff93a285f7a807ed85c768fb0935b4855c7e","","false","","","","[]","not_exported_in_001B; no reconstructed ledger bytes assumed","","unresolved_current_ledger","ambiguous","requires_installed_inspection","","version-based runner may see source identity as pending; exact planned-set/status evidence required","not_approved; source SQL may mutate data/DDL/privileges or require historical predecessor state"
"repository","supabase","supabase/migrations/20260510214909_86650747-c92f-46a6-9fd6-940986cf8707.sql","20260510214909","86650747-c92f-46a6-9fd6-940986cf8707","{""commit"":""a891af173edaadaf8893574a4cb803bf2e8e7273"",""time"":""2026-05-10T21:49:19Z""}","486e00e298edfe4e0628b18e605df1c560189432","8bb152c9a1b9ca3a0aed094eb4d80aca8069ebfc5a525fc6c84fa76456ac41b5","8bb152c9a1b9ca3a0aed094eb4d80aca8069ebfc5a525fc6c84fa76456ac41b5","","false","","","","[]","not_exported_in_001B; no reconstructed ledger bytes assumed","","unresolved_current_ledger","ambiguous","requires_installed_inspection","","version-based runner may see source identity as pending; exact planned-set/status evidence required","not_approved; source SQL may mutate data/DDL/privileges or require historical predecessor state"
"repository","supabase","supabase/migrations/20260511100538_ba7e2e71-28ff-4b13-b12e-c8f98448b8f7.sql","20260511100538","ba7e2e71-28ff-4b13-b12e-c8f98448b8f7","{""commit"":""433c437c5cf796bab6a8ef4ff3f4d2176908a6fb"",""time"":""2026-05-11T10:05:40Z""}","2f03f26060d3abbd3ea7f2a57b036d103ab7b211","098150ed30b2a5c24cf7b2b593e2a590e9f7cb0f3b0454370fe4323ae5674aae","84694cc17d023ef96b0b16c1d484fd24574f91c2893a8eebc1ce2b0eed099072","","false","","","","[]","not_exported_in_001B; no reconstructed ledger bytes assumed","","unresolved_current_ledger","ambiguous","requires_installed_inspection","","version-based runner may see source identity as pending; exact planned-set/status evidence required","not_approved; source SQL may mutate data/DDL/privileges or require historical predecessor state"
"repository","supabase","supabase/migrations/20260511100551_872301cc-6bea-43ad-9232-1c57a3bf23cd.sql","20260511100551","872301cc-6bea-43ad-9232-1c57a3bf23cd","{""commit"":""20bb7c2452133b1d35acb37e4c924e4bfdd9f44b"",""time"":""2026-05-11T10:05:54Z""}","f81465af264bb861253819036d3d1956a808c71e","095d75bff1b941d11dd68126dd118eeb8a2846b0b08934e4340ffca4e7534c2c","7ff25ccd8907b79e4d58958cbba60dd586d7407508125631662310dce0172d7c","","false","","","","[]","not_exported_in_001B; no reconstructed ledger bytes assumed","","unresolved_current_ledger","ambiguous","requires_installed_inspection","","version-based runner may see source identity as pending; exact planned-set/status evidence required","not_approved; source SQL may mutate data/DDL/privileges or require historical predecessor state"
"repository","supabase","supabase/migrations/20260511100734_fa74f9ef-5f08-4cf1-afe8-fd41af0725c5.sql","20260511100734","fa74f9ef-5f08-4cf1-afe8-fd41af0725c5","{""commit"":""eaa0d4d5cdc7a8ddf3b418bed06913b9f59703b0"",""time"":""2026-05-11T10:07:36Z""}","da9f332f116557fce4cb0b5caa27e4997fbce29c","f31e92b38c4ae891f359cedc63fa111d1d9d58f47394f8378a0a99f68c5c58a8","76485bc34be169d9ba23b33a12a72fbda2c1a4557372dcde7cff32f5d9cb717a","","false","","","","[]","not_exported_in_001B; no reconstructed ledger bytes assumed","","unresolved_current_ledger","ambiguous","requires_installed_inspection","","version-based runner may see source identity as pending; exact planned-set/status evidence required","not_approved; source SQL may mutate data/DDL/privileges or require historical predecessor state"
"repository","supabase","supabase/migrations/20260511104405_aedb97d4-2a99-44a9-bf49-daa01d576722.sql","20260511104405","aedb97d4-2a99-44a9-bf49-daa01d576722","{""commit"":""3354aaaf3e4bafc7133ba41529b8a960822dc3b7"",""time"":""2026-05-11T10:44:07Z""}","740dd8c8041876d687857ad930f0467671041754","5b9da0fab4092861f395ee3c66057c80bf0d3b3ec5ab00a1e6080042e6e5e083","5b9da0fab4092861f395ee3c66057c80bf0d3b3ec5ab00a1e6080042e6e5e083","","false","","","","[]","not_exported_in_001B; no reconstructed ledger bytes assumed","","unresolved_current_ledger","ambiguous","requires_installed_inspection","","version-based runner may see source identity as pending; exact planned-set/status evidence required","not_approved; source SQL may mutate data/DDL/privileges or require historical predecessor state"
"repository","supabase","supabase/migrations/20260511110342_53371110-9a2c-481e-aa15-011d2237f4a2.sql","20260511110342","53371110-9a2c-481e-aa15-011d2237f4a2","{""commit"":""d200b26ba903302ed9c0aa9e5a2b5689b70962db"",""time"":""2026-05-11T11:03:45Z""}","f9728b7f2a966d8fc470fd1c8b433921e183a643","f6c02bb0545daa82ed98cc8a401528b37a4ae5e5f1348c664abe5fe1d149b2bd","f6c02bb0545daa82ed98cc8a401528b37a4ae5e5f1348c664abe5fe1d149b2bd","","false","","","","[]","not_exported_in_001B; no reconstructed ledger bytes assumed","","unresolved_current_ledger","ambiguous","requires_installed_inspection","","version-based runner may see source identity as pending; exact planned-set/status evidence required","not_approved; source SQL may mutate data/DDL/privileges or require historical predecessor state"
"repository","supabase","supabase/migrations/20260512095055_16754546-fe92-4fc3-8541-ae24c3cf47ed.sql","20260512095055","16754546-fe92-4fc3-8541-ae24c3cf47ed","{""commit"":""1429b6a150a9c53b0a6e8018ce0ff1326f5a59ab"",""time"":""2026-05-12T09:50:57Z""}","5bea122637f8b1ec0aabcc08e8924bec870272af","07f2cd8eb2cef54c9c749ef996b286a69cade7e1e59ae65c45a4ab3099877b57","4c692bec1d575bbd0bb5fdfacb29be0fe2468cacf5fe557b05bd789f1d06e818","","false","","","","[]","not_exported_in_001B; no reconstructed ledger bytes assumed","","unresolved_current_ledger","ambiguous","requires_installed_inspection","","version-based runner may see source identity as pending; exact planned-set/status evidence required","not_approved; source SQL may mutate data/DDL/privileges or require historical predecessor state"
"repository","supabase","supabase/migrations/20260514082407_ddd6c05b-c92e-4e8a-bf2c-57d26916741d.sql","20260514082407","ddd6c05b-c92e-4e8a-bf2c-57d26916741d","{""commit"":""e3902df454beb466c6fe7ef7fc8b0ab677f7e48b"",""time"":""2026-05-14T08:24:08Z""}","7eb9b19564f6854b81f681f2d18bc80ecc431176","094266596a3e20f31b58f22f6d094b2a404f45008e7514ca66a7dd608366caa9","094266596a3e20f31b58f22f6d094b2a404f45008e7514ca66a7dd608366caa9","","false","","","","[]","not_exported_in_001B; no reconstructed ledger bytes assumed","","unresolved_current_ledger","ambiguous","requires_installed_inspection","","version-based runner may see source identity as pending; exact planned-set/status evidence required","not_approved; source SQL may mutate data/DDL/privileges or require historical predecessor state"
"repository","supabase","supabase/migrations/20260516222140_c065dc69-d9c3-480b-9e11-a75543318543.sql","20260516222140","c065dc69-d9c3-480b-9e11-a75543318543","{""commit"":""c3c0da0b010286d3d02e92dacea542490b2677d7"",""time"":""2026-05-16T22:21:42Z""}","5a908911f2f07d02796fcdcebe4b446f2141121c","f6b971c56277efc2cc5d04f765834da65d270d682590f6729b04d4c627b20eff","9d1f343d9a11eff8c2e88b0b026f3f8f5b90c02517065758635876d1efec9669","","false","","","","[]","not_exported_in_001B; no reconstructed ledger bytes assumed","","unresolved_current_ledger","ambiguous","requires_installed_inspection","","version-based runner may see source identity as pending; exact planned-set/status evidence required","not_approved; source SQL may mutate data/DDL/privileges or require historical predecessor state"
"repository","supabase","supabase/migrations/20260517065241_c5cf53e2-b9c9-48be-9cf2-79812c4271ad.sql","20260517065241","c5cf53e2-b9c9-48be-9cf2-79812c4271ad","{""commit"":""d107669c6f701198544d85133be51190e437ba4c"",""time"":""2026-05-17T06:52:43Z""}","454b4193ff6cfd1c8b9c7f31d2697545ee1d0129","95bf5c487d356fbf55dbd79117adf89592eb08b99b520a7eb35ce8bdc0093858","99a33bd4e36a85d32dac2daeb136265a8f55fe587948d1cbbab026b1438b1627","","false","","","","[]","not_exported_in_001B; no reconstructed ledger bytes assumed","","unresolved_current_ledger","ambiguous","requires_installed_inspection","","version-based runner may see source identity as pending; exact planned-set/status evidence required","not_approved; source SQL may mutate data/DDL/privileges or require historical predecessor state"
"repository","supabase","supabase/migrations/20260522222430_f6b0db55-476f-498e-80e7-ac8c00506502.sql","20260522222430","f6b0db55-476f-498e-80e7-ac8c00506502","{""commit"":""1d1b868f5048bc392e38f6aaf62ad8bd05b98201"",""time"":""2026-05-22T22:24:31Z""}","51205fd2d5659ee7bb2dce22cb83cd37faaf1500","814c08f3cb674a3cc23a17bf57e74d6ca69c7f4e6bf063d515a029a1cc050fd3","8411f874bc627bad7610dfef12bcc8c47d8760960f56eec5d444825b65c5264a","","false","","","","[]","not_exported_in_001B; no reconstructed ledger bytes assumed","","unresolved_current_ledger","ambiguous","requires_installed_inspection","","version-based runner may see source identity as pending; exact planned-set/status evidence required","not_approved; source SQL may mutate data/DDL/privileges or require historical predecessor state"
"repository","supabase","supabase/migrations/20260526122744_97fde84a-d167-4bf0-9e6a-efab3589688a.sql","20260526122744","97fde84a-d167-4bf0-9e6a-efab3589688a","{""commit"":""ab9ca6b65bd3ace12583b9553a9abf25446703a7"",""time"":""2026-05-26T12:27:46Z""}","3b0874e23c38ff9eac7e53fd8537fc9d305eaeef","066282af254d1ee510f504ca2618510276648d7e5879e509e6272e258912c140","066282af254d1ee510f504ca2618510276648d7e5879e509e6272e258912c140","","false","","","","[]","not_exported_in_001B; no reconstructed ledger bytes assumed","","unresolved_current_ledger","ambiguous","requires_installed_inspection","","version-based runner may see source identity as pending; exact planned-set/status evidence required","not_approved; source SQL may mutate data/DDL/privileges or require historical predecessor state"
"repository","supabase","supabase/migrations/20260526123946_b9da8139-256d-4379-b798-ea666c8af7aa.sql","20260526123946","b9da8139-256d-4379-b798-ea666c8af7aa","{""commit"":""3a2e67aa2d21fbff19ac9eb3d26a984d064759a6"",""time"":""2026-05-26T12:39:52Z""}","a1f80d4d2f549432e65ff63f14690e2a9fcdc303","8fe15e3fa4fc0163b162a76272a21f6fcf64499eaee70ba847f8187515da3827","8fe15e3fa4fc0163b162a76272a21f6fcf64499eaee70ba847f8187515da3827","","false","","","","[]","not_exported_in_001B; no reconstructed ledger bytes assumed","","unresolved_current_ledger","ambiguous","requires_installed_inspection","","version-based runner may see source identity as pending; exact planned-set/status evidence required","not_approved; source SQL may mutate data/DDL/privileges or require historical predecessor state"
"repository","supabase","supabase/migrations/20260529215338_471bd43e-f3b2-4f76-abfb-5602056f6fd3.sql","20260529215338","471bd43e-f3b2-4f76-abfb-5602056f6fd3","{""commit"":""90b913211506a7bf15447122730cc45f3788d7fd"",""time"":""2026-05-29T21:53:39Z""}","eb09da813cf832ff9e89233c28d529e957ba9155","d459c67a5acfb8e8ec22fa7824ed9ef23ec54319b83b7426188d1012a54fe341","ba03d5802d2b2b0d278066672d37560ef4202c51ad4ccb5e1d55cb5919963130","","false","","","","[]","not_exported_in_001B; no reconstructed ledger bytes assumed","","unresolved_current_ledger","ambiguous","requires_installed_inspection","","version-based runner may see source identity as pending; exact planned-set/status evidence required","not_approved; source SQL may mutate data/DDL/privileges or require historical predecessor state"
"repository","supabase","supabase/migrations/20260531195434_727d797f-3794-48c7-aac8-1afa827b05c9.sql","20260531195434","727d797f-3794-48c7-aac8-1afa827b05c9","{""commit"":""7e085ae70884613c7ea5be49fe17b5a0caf25507"",""time"":""2026-05-31T19:54:36Z""}","b34d77fdbe414e489628e22ba795ab61819b4401","b615b174150a8f530cb2842cfcf859891a6727ddad4f3adb4615e20c7006ebd8","58600c8eb4866bd6abb37c3a1455328e34061dc0c4168fb56b9f16e696c0423f","","false","","","","[]","not_exported_in_001B; no reconstructed ledger bytes assumed","","unresolved_current_ledger","ambiguous","requires_installed_inspection","","version-based runner may see source identity as pending; exact planned-set/status evidence required","not_approved; source SQL may mutate data/DDL/privileges or require historical predecessor state"
"repository","supabase","supabase/migrations/20260531203436_c0497a2d-4540-49b3-a734-e136dedb9b37.sql","20260531203436","c0497a2d-4540-49b3-a734-e136dedb9b37","{""commit"":""9fbab553f8aff8471b2c40031ba06a4cdad2be18"",""time"":""2026-05-31T20:34:37Z""}","f726041f1f6d70fa3239171beadf5a045909c85d","3cfa6229754bf49613585a372b7cf327bf9eb72cf19479567576afdc4edaaba6","3cfa6229754bf49613585a372b7cf327bf9eb72cf19479567576afdc4edaaba6","","false","","","","[]","not_exported_in_001B; no reconstructed ledger bytes assumed","","unresolved_current_ledger","ambiguous","requires_installed_inspection","","version-based runner may see source identity as pending; exact planned-set/status evidence required","not_approved; source SQL may mutate data/DDL/privileges or require historical predecessor state"
"repository","supabase","supabase/migrations/20260531204824_b2bcec7c-9736-41fc-9c92-a41deac801ce.sql","20260531204824","b2bcec7c-9736-41fc-9c92-a41deac801ce","{""commit"":""531a628910f490a17e41c62d501570c0232f6a38"",""time"":""2026-05-31T20:48:26Z""}","1a39060a954fe6fefb6dfb6beb7ca8d00688be75","2e3b3166e25226bf14b951dc48b8142da0766a7cb0935e879ef6154671f6fcb3","2e3b3166e25226bf14b951dc48b8142da0766a7cb0935e879ef6154671f6fcb3","","false","","","","[]","not_exported_in_001B; no reconstructed ledger bytes assumed","","unresolved_current_ledger","ambiguous","requires_installed_inspection","","version-based runner may see source identity as pending; exact planned-set/status evidence required","not_approved; source SQL may mutate data/DDL/privileges or require historical predecessor state"
"repository","supabase","supabase/migrations/20260603232957_c1477698-c6e1-4725-8413-47d248db80e4.sql","20260603232957","c1477698-c6e1-4725-8413-47d248db80e4","{""commit"":""ba186772e97926df5887e1cfd5cc0ebd8667f1b4"",""time"":""2026-06-03T23:29:59Z""}","ec58e9b259ad2810de8a2c7f7cb05d0ce8e9b1d3","be1fede23c6e29a58f4537721c24dca4c5667a8d39cb6bf34094c97916ae5bbe","be1fede23c6e29a58f4537721c24dca4c5667a8d39cb6bf34094c97916ae5bbe","","false","","","","[]","not_exported_in_001B; no reconstructed ledger bytes assumed","","unresolved_current_ledger","ambiguous","requires_installed_inspection","","version-based runner may see source identity as pending; exact planned-set/status evidence required","not_approved; source SQL may mutate data/DDL/privileges or require historical predecessor state"
"repository","supabase","supabase/migrations/20260604010239_6002c487-f82a-4862-b2e7-f5ffd2f80561.sql","20260604010239","6002c487-f82a-4862-b2e7-f5ffd2f80561","{""commit"":""5e7b049cd79cdb5476d0cde24a417c0194aa35fe"",""time"":""2026-06-04T01:02:41Z""}","4e8e5bd241727276d0dc356017c4300717317db0","43b857950a88f8a315891520ef3dd6cdb13d5b5f822a4df0fea81600d1a65e60","581b1f5c696f0ed5e757dc2a67402d6a525c4bd99dbedcc33f2403d14df410d7","","false","","","","[]","not_exported_in_001B; no reconstructed ledger bytes assumed","","unresolved_current_ledger","ambiguous","requires_installed_inspection","","version-based runner may see source identity as pending; exact planned-set/status evidence required","not_approved; source SQL may mutate data/DDL/privileges or require historical predecessor state"
"repository","supabase","supabase/migrations/20260605053712_e3bd7db1-942c-43d6-b42a-0b4447eb109d.sql","20260605053712","e3bd7db1-942c-43d6-b42a-0b4447eb109d","{""commit"":""3141548c6b032f61b271111caa96976ba7fc343a"",""time"":""2026-06-05T05:37:14Z""}","23a26a3481b7510174749aefcda630e76721682f","9966344789d035fbda323dcb7f02403600419de71be3deb886bfa0ee003a1167","1f22ba1426bb5856143ae22b7ced57a08b73e14f61565da0d746dc297b79d3e5","","false","","","","[]","not_exported_in_001B; no reconstructed ledger bytes assumed","","unresolved_current_ledger","ambiguous","requires_installed_inspection","","version-based runner may see source identity as pending; exact planned-set/status evidence required","not_approved; source SQL may mutate data/DDL/privileges or require historical predecessor state"
"repository","supabase","supabase/migrations/20260606074138_7eae6683-4540-4a80-b320-d4981350722d.sql","20260606074138","7eae6683-4540-4a80-b320-d4981350722d","{""commit"":""376cdadf86668d4cb5c5ef26ec9768f4205f881b"",""time"":""2026-06-06T07:41:42Z""}","d4a015e7663f2f886a0f73ff120178ddc0844b58","7451f3d589e546cef8fe203627256e4698d326b09b0937c457b930b3ed738468","b0cdccc43c20954ef5d51ef17ddd256058190195dbbc6831427c86f5484d3638","","false","","","","[]","not_exported_in_001B; no reconstructed ledger bytes assumed","","unresolved_current_ledger","ambiguous","requires_installed_inspection","","version-based runner may see source identity as pending; exact planned-set/status evidence required","not_approved; source SQL may mutate data/DDL/privileges or require historical predecessor state"
"repository","supabase","supabase/migrations/20260607233723_f88bb7fe-2e46-4be5-9cf3-179e9014e74a.sql","20260607233723","f88bb7fe-2e46-4be5-9cf3-179e9014e74a","{""commit"":""499b178266cee39e0718e2237cbfbc73ae9b2701"",""time"":""2026-06-07T23:37:25Z""}","07cb3c404129bfb04352429eb785ac1af24c70b1","c918cf5624c40782289400a04432f0814f9c44d57c987645d3cc85a07ab91057","5587d1f73e5b812140826f38c5448b48e6489d34589bef989e8b5da0f1a0686d","","false","","","","[]","not_exported_in_001B; no reconstructed ledger bytes assumed","","unresolved_current_ledger","ambiguous","requires_installed_inspection","","version-based runner may see source identity as pending; exact planned-set/status evidence required","not_approved; source SQL may mutate data/DDL/privileges or require historical predecessor state"
"repository","supabase","supabase/migrations/20260609112516_5f0aebc9-f194-440a-9e33-42a968309607.sql","20260609112516","5f0aebc9-f194-440a-9e33-42a968309607","{""commit"":""9eec25e31e2493e7fe55e06054aa6d814d72214e"",""time"":""2026-06-09T11:25:19Z""}","fbd86ade0b43033c6426c7ea2b212b7eda7e77fe","26cc9e48df252792a0022bc0cf43bde2544fc42079bfee3cfc06686614cf177f","d3bd1a131064340a2ead3580080e3effd57dc7ea24750e2669f1c9e2335053b2","","false","","","","[]","not_exported_in_001B; no reconstructed ledger bytes assumed","","unresolved_current_ledger","ambiguous","requires_installed_inspection","","version-based runner may see source identity as pending; exact planned-set/status evidence required","not_approved; source SQL may mutate data/DDL/privileges or require historical predecessor state"
"repository","supabase","supabase/migrations/20260609112935_90ddf4df-2f68-4e1a-8325-59ad9f8552a8.sql","20260609112935","90ddf4df-2f68-4e1a-8325-59ad9f8552a8","{""commit"":""3c2ecd2bbd30f57db9e39bd684353c74c80ff10a"",""time"":""2026-06-09T11:29:38Z""}","e7bde8c9a0cfbbda6c1fdf89ac0f288f90dec98c","0ab0dcca525411971ceceb62af6d6022b1d7ff64d935003fb773a585f95f25b9","448409cd5da0066aa67dc00b1a274a605d734500b90027478b9a58994fca5214","","false","","","","[]","not_exported_in_001B; no reconstructed ledger bytes assumed","","unresolved_current_ledger","ambiguous","requires_installed_inspection","","version-based runner may see source identity as pending; exact planned-set/status evidence required","not_approved; source SQL may mutate data/DDL/privileges or require historical predecessor state"
"repository","supabase","supabase/migrations/20260609224418_09045ff5-04b4-4714-bfb1-f8058f3c7304.sql","20260609224418","09045ff5-04b4-4714-bfb1-f8058f3c7304","{""commit"":""ff4fae02e99592249e2e1f6c8a6e9824905f54cf"",""time"":""2026-06-09T22:44:21Z""}","f1589b981793a83d63cd3ef07baad482fcb56330","e929eb56f273b1507638bf5e8afda07ba762f195f6a6aeae444a990127618f82","e929eb56f273b1507638bf5e8afda07ba762f195f6a6aeae444a990127618f82","","false","","","","[]","not_exported_in_001B; no reconstructed ledger bytes assumed","","unresolved_current_ledger","ambiguous","requires_installed_inspection","","version-based runner may see source identity as pending; exact planned-set/status evidence required","not_approved; source SQL may mutate data/DDL/privileges or require historical predecessor state"
"repository","supabase","supabase/migrations/20260609225142_f36e9c15-6b0a-416d-ba27-d61875cbf244.sql","20260609225142","f36e9c15-6b0a-416d-ba27-d61875cbf244","{""commit"":""34dcfa2892c7c8c3ac04a3b780280385554f2674"",""time"":""2026-06-09T22:51:47Z""}","4d78820a68950113c546a0c4f32916f911ef50e8","900c24a52092c9634561dd37ae96f3cb8d05d0cac83218ed2421a9427ac53775","900c24a52092c9634561dd37ae96f3cb8d05d0cac83218ed2421a9427ac53775","","false","","","","[]","not_exported_in_001B; no reconstructed ledger bytes assumed","","unresolved_current_ledger","ambiguous","requires_installed_inspection","","version-based runner may see source identity as pending; exact planned-set/status evidence required","not_approved; source SQL may mutate data/DDL/privileges or require historical predecessor state"
"repository","supabase","supabase/migrations/20260610063410_072a02be-a7a9-4edd-9f57-f0c11df309d6.sql","20260610063410","072a02be-a7a9-4edd-9f57-f0c11df309d6","{""commit"":""ccabe8c170012f11e1d746a1dee9c9ed1c5a3968"",""time"":""2026-06-10T06:34:12Z""}","51379c59231ca28076ebaa94fb7613abbd66fad0","c2d0f3bde9f639c09f0ed7fe25b76810ba57d3e6a51f764e2287502115077bf4","c2d0f3bde9f639c09f0ed7fe25b76810ba57d3e6a51f764e2287502115077bf4","","false","","","","[]","not_exported_in_001B; no reconstructed ledger bytes assumed","","unresolved_current_ledger","ambiguous","requires_installed_inspection","","version-based runner may see source identity as pending; exact planned-set/status evidence required","not_approved; source SQL may mutate data/DDL/privileges or require historical predecessor state"
"repository","supabase","supabase/migrations/20260610100423_3b7b3bc3-161e-4cb6-a48b-1150b5cd57f3.sql","20260610100423","3b7b3bc3-161e-4cb6-a48b-1150b5cd57f3","{""commit"":""a59186eb4c71116439942cbd775b532ecc1943be"",""time"":""2026-06-10T10:04:29Z""}","45069095a307c4c77389136ea60c5f188a71b651","0fda3056b7ca3bb82a4a3680233587f37624e102f5f16c22ef5496ec06b13d04","0fda3056b7ca3bb82a4a3680233587f37624e102f5f16c22ef5496ec06b13d04","","false","","","","[]","not_exported_in_001B; no reconstructed ledger bytes assumed","","unresolved_current_ledger","ambiguous","requires_installed_inspection","","version-based runner may see source identity as pending; exact planned-set/status evidence required","not_approved; source SQL may mutate data/DDL/privileges or require historical predecessor state"
"repository","supabase","supabase/migrations/20260611090253_0bd34752-f384-4284-8826-1e5293946724.sql","20260611090253","0bd34752-f384-4284-8826-1e5293946724","{""commit"":""9ef1f1459c78c0df805ce436d18f0c6fa26ab78b"",""time"":""2026-06-11T09:03:02Z""}","d87af636bebee5351deead16573b53d2a9847da5","93aaa688565703b9d8688bda0e76d2f4072c7fd865fe1ca87832dc91516c0f0c","e8643c5d011b2c3b4184c781082867ff0b1b45201609f42b64cea9f988baf5de","","false","","","","[]","not_exported_in_001B; no reconstructed ledger bytes assumed","","unresolved_current_ledger","ambiguous","requires_installed_inspection","","version-based runner may see source identity as pending; exact planned-set/status evidence required","not_approved; source SQL may mutate data/DDL/privileges or require historical predecessor state"
"repository","supabase","supabase/migrations/20260611091420_a96cef21-271d-47ea-94c5-c00c06e71e71.sql","20260611091420","a96cef21-271d-47ea-94c5-c00c06e71e71","{""commit"":""0e31d0ce9ecace3f5eee790c82e4152b1d478cc9"",""time"":""2026-06-11T09:14:24Z""}","9cf725e229c5aaaa2e39e1ad42c2274adb47dfdc","6fae6fbadc1843b016fd4c685ab38f76a4222029a774fd1506b15835d22e6eb6","6fae6fbadc1843b016fd4c685ab38f76a4222029a774fd1506b15835d22e6eb6","","false","","","","[]","not_exported_in_001B; no reconstructed ledger bytes assumed","","unresolved_current_ledger","ambiguous","requires_installed_inspection","","version-based runner may see source identity as pending; exact planned-set/status evidence required","not_approved; source SQL may mutate data/DDL/privileges or require historical predecessor state"
"repository","supabase","supabase/migrations/20260611122750_b9053432-1994-4561-a11c-c262838560fd.sql","20260611122750","b9053432-1994-4561-a11c-c262838560fd","{""commit"":""357e2a42e5109d5aa13f8e5012f345849607df57"",""time"":""2026-06-11T12:27:52Z""}","d68d9470fff3d1f92883d5eaf043be2984e38295","5e787c0df2f40852f4a891c7aef9346243047cfba44b0194cdbb57da39398943","474c7c83116522106e5d83adba27ae3e64ed5b3295a62bf340533a2110a4eb81","","false","","","","[]","not_exported_in_001B; no reconstructed ledger bytes assumed","","unresolved_current_ledger","ambiguous","requires_installed_inspection","","version-based runner may see source identity as pending; exact planned-set/status evidence required","not_approved; source SQL may mutate data/DDL/privileges or require historical predecessor state"
"repository","supabase","supabase/migrations/20260611124017_bc003b10-107c-46a7-b589-d12788f78904.sql","20260611124017","bc003b10-107c-46a7-b589-d12788f78904","{""commit"":""dc93f0c802608193ab2228cd0d6bc01823b2a6c1"",""time"":""2026-06-11T12:40:21Z""}","1d9e111fec2e6b45ab2296215d948432da29c45a","40f96627d66a48b864bf645326b91e9fad00b9fe1b8c8c1aab69afecfad825e0","404d37862c45893cd201c537301ea97b407485d135c1f12d8fd70b76ded8105e","","false","","","","[]","not_exported_in_001B; no reconstructed ledger bytes assumed","","unresolved_current_ledger","ambiguous","requires_installed_inspection","","version-based runner may see source identity as pending; exact planned-set/status evidence required","not_approved; source SQL may mutate data/DDL/privileges or require historical predecessor state"
"repository","supabase","supabase/migrations/20260612100032_bf824c66-2628-4cec-8b01-1e3cc2260064.sql","20260612100032","bf824c66-2628-4cec-8b01-1e3cc2260064","{""commit"":""68535f31cd0f0e0b51a31396518e1d5a470ebb34"",""time"":""2026-06-12T10:00:35Z""}","c6ddf3a92f7e538deb2f327d75e12d6012b2ed40","552b2672a84882eb9ffee184ede8cbfa0ecb650a7cec0864c150801e59a9b8d4","a2c4176dd290ef1bb5a8c9e84abe52a716e127e466962ee39a896d7cdfcc8127","","false","","","","[]","not_exported_in_001B; no reconstructed ledger bytes assumed","","unresolved_current_ledger","ambiguous","requires_installed_inspection","","version-based runner may see source identity as pending; exact planned-set/status evidence required","not_approved; source SQL may mutate data/DDL/privileges or require historical predecessor state"
"repository","supabase","supabase/migrations/20260612101142_41e4ec0c-2245-4b30-b531-2df2a0140301.sql","20260612101142","41e4ec0c-2245-4b30-b531-2df2a0140301","{""commit"":""3797c4fa8eb15288338b37e2450da7fff7fd8914"",""time"":""2026-06-12T10:11:46Z""}","00414c96bc8b838500ab9a85de05f66cc239810f","e3e58fa395df3d5498d617bde50fd8aea8e5ea5ea2991ff0526b61b4e2581adb","eaf8fc0a42fe5b02cb935ea25319be5d7fb5741c5599ae0e07c900594f3c8c76","","false","","","","[]","not_exported_in_001B; no reconstructed ledger bytes assumed","","unresolved_current_ledger","ambiguous","requires_installed_inspection","","version-based runner may see source identity as pending; exact planned-set/status evidence required","not_approved; source SQL may mutate data/DDL/privileges or require historical predecessor state"
"repository","supabase","supabase/migrations/20260618110031_0597c452-16bd-48dc-a99f-cba0a537c36a.sql","20260618110031","0597c452-16bd-48dc-a99f-cba0a537c36a","{""commit"":""2e8fbfff59b90b80f77bf182308e1a246c6a7b3a"",""time"":""2026-06-18T11:00:35Z""}","85e6795fd40f6603124d687db214c5c9e42b104d","312ee724c10b25a269cab0df594a98ee1ab6b3db9ed1bfd670c4ba421317ba6a","ced977c89510fd40e1a8b9fdcbefa1e574c5f953a62bf5badff8e790bb4caa02","","false","","","","[]","not_exported_in_001B; no reconstructed ledger bytes assumed","","unresolved_current_ledger","ambiguous","requires_installed_inspection","","version-based runner may see source identity as pending; exact planned-set/status evidence required","not_approved; source SQL may mutate data/DDL/privileges or require historical predecessor state"
"repository","supabase","supabase/migrations/20260618125241_e34bed7c-0549-4f3c-8535-8d6c8e2d601c.sql","20260618125241","e34bed7c-0549-4f3c-8535-8d6c8e2d601c","{""commit"":""e07ef490db0cb07e1a7bc2f5038b68a61c96ac83"",""time"":""2026-06-18T12:52:43Z""}","4a7325c610f2b9a33e5ae75d24b0d7d33475e3c7","eaf2c5c1651e63f91ca9ab5f4201db0fe621e339513242f2929428e14104cc7f","0d721eb2c30f15cee8912c39491b808c5286da9a338779dd47a18b510ebf5276","","false","","","","[]","not_exported_in_001B; no reconstructed ledger bytes assumed","","unresolved_current_ledger","ambiguous","requires_installed_inspection","","version-based runner may see source identity as pending; exact planned-set/status evidence required","not_approved; source SQL may mutate data/DDL/privileges or require historical predecessor state"
"repository","supabase","supabase/migrations/20260619123329_9b2a489d-881e-4af5-b20e-fe00bc0564f9.sql","20260619123329","9b2a489d-881e-4af5-b20e-fe00bc0564f9","{""commit"":""db6b0b831da1d98a29020ad45336d16031f9dd27"",""time"":""2026-06-19T12:33:31Z""}","22a933211a7405a8f37f9dc48466e8235e75b7d7","8c10fe566ceef5e26b548267bfc4f84fb788eb96b7247fe546f5277c73890f49","941689ad7c8417c9bac93a042469655c3ad44e7a7d80cc1505f978dc1b6367ed","","false","","","","[]","not_exported_in_001B; no reconstructed ledger bytes assumed","","unresolved_current_ledger","ambiguous","requires_installed_inspection","","version-based runner may see source identity as pending; exact planned-set/status evidence required","not_approved; source SQL may mutate data/DDL/privileges or require historical predecessor state"
"repository","supabase","supabase/migrations/20260621113558_11443314-38a1-4e6b-a35b-da227bf4a32d.sql","20260621113558","11443314-38a1-4e6b-a35b-da227bf4a32d","{""commit"":""cdb3454203e758ef897f620c138912f2c026d8c0"",""time"":""2026-06-21T11:36:00Z""}","950a0626a178b74315cd40c836b0ee60ad5af4da","52a9923af86b07922230e6555b41ba380b242b925bd6cd35d2549e75ca13d4d9","52a9923af86b07922230e6555b41ba380b242b925bd6cd35d2549e75ca13d4d9","","false","","","","[]","not_exported_in_001B; no reconstructed ledger bytes assumed","","unresolved_current_ledger","ambiguous","requires_installed_inspection","","version-based runner may see source identity as pending; exact planned-set/status evidence required","not_approved; source SQL may mutate data/DDL/privileges or require historical predecessor state"
"repository","supabase","supabase/migrations/20260622114830_ca3040c6-6882-487d-897e-866f1650b060.sql","20260622114830","ca3040c6-6882-487d-897e-866f1650b060","{""commit"":""9a5d0a9bd6baaac3c5c57115478ab9407f72fea1"",""time"":""2026-06-22T11:48:32Z""}","a7cd2ad9b7b9ccb2882cd45e57e7b0529e5d2a16","622da3fd315902894c285d811b4ef6dacae58094680de683abd34c22f6089ce1","622da3fd315902894c285d811b4ef6dacae58094680de683abd34c22f6089ce1","","false","","","","[]","not_exported_in_001B; no reconstructed ledger bytes assumed","","unresolved_current_ledger","ambiguous","requires_installed_inspection","","version-based runner may see source identity as pending; exact planned-set/status evidence required","not_approved; source SQL may mutate data/DDL/privileges or require historical predecessor state"
"repository","supabase","supabase/migrations/20260622212522_0bff8a9f-ce25-4a33-b6c7-35929be95daa.sql","20260622212522","0bff8a9f-ce25-4a33-b6c7-35929be95daa","{""commit"":""4dc2dea6056516c3a77e21506a608dda16e559c6"",""time"":""2026-06-22T21:25:23Z""}","09ee9325d9abaaaa4fd5469d684fb5d2c19f6cc5","93dd9971ac74068e2b0fe971a63a023736d5887b5e0f23112e6eeca4a6249f92","a303193f164ac869905b1c7c349327e20481eb993c1910c88b813a85cabb6418","","false","","","","[]","not_exported_in_001B; no reconstructed ledger bytes assumed","","unresolved_current_ledger","ambiguous","requires_installed_inspection","","version-based runner may see source identity as pending; exact planned-set/status evidence required","not_approved; source SQL may mutate data/DDL/privileges or require historical predecessor state"
"repository","supabase","supabase/migrations/20260622222151_e2cff0ca-e79c-4a41-9034-f9ff33fb8244.sql","20260622222151","e2cff0ca-e79c-4a41-9034-f9ff33fb8244","{""commit"":""43626108dbcfb7ee347c7a5040cbe5b99432fd86"",""time"":""2026-06-22T22:21:53Z""}","03b82649e60e9e014cceec09f6aaffce51a6f4c0","d8d0b91463413af34c6ae493e09c0ce419c1171cd8654841875f5bc6adfcd6ce","d8d0b91463413af34c6ae493e09c0ce419c1171cd8654841875f5bc6adfcd6ce","","false","","","","[]","not_exported_in_001B; no reconstructed ledger bytes assumed","","unresolved_current_ledger","ambiguous","requires_installed_inspection","","version-based runner may see source identity as pending; exact planned-set/status evidence required","not_approved; source SQL may mutate data/DDL/privileges or require historical predecessor state"
"repository","supabase","supabase/migrations/20260622234202_1c3185b4-57dd-48e5-af1c-239fb27c44a0.sql","20260622234202","1c3185b4-57dd-48e5-af1c-239fb27c44a0","{""commit"":""5a515a6dd65124a92be25cec10e0969388921eec"",""time"":""2026-06-22T23:42:11Z""}","867f9548cc66a8bb7cf29f20fa25e719d359bfbb","daebe3ed89869058f29f201059a5c72bae5ed211db794acf3d8d87872d828d0c","0fa0916a3cf2b2a5679ee8baf804afcc56793b84cd2ebbf2460d13ff37d688cf","","false","","","","[]","not_exported_in_001B; no reconstructed ledger bytes assumed","","unresolved_current_ledger","ambiguous","requires_installed_inspection","","version-based runner may see source identity as pending; exact planned-set/status evidence required","not_approved; source SQL may mutate data/DDL/privileges or require historical predecessor state"
"repository","supabase","supabase/migrations/20260623000440_045ab071-4599-4b40-bc5a-57b35340a061.sql","20260623000440","045ab071-4599-4b40-bc5a-57b35340a061","{""commit"":""6ce7bda0e7a9417035737a6501dc42135d37b4e4"",""time"":""2026-06-23T00:04:42Z""}","ea5f797b692d3d96562e8fede079ba21e3d9a034","6523f7a5f50cf144a54abf715b548a0fab1febbf3788ebe6f4329cc597a7770a","6523f7a5f50cf144a54abf715b548a0fab1febbf3788ebe6f4329cc597a7770a","","false","","","","[]","not_exported_in_001B; no reconstructed ledger bytes assumed","","unresolved_current_ledger","ambiguous","requires_installed_inspection","","version-based runner may see source identity as pending; exact planned-set/status evidence required","not_approved; source SQL may mutate data/DDL/privileges or require historical predecessor state"
"repository","supabase","supabase/migrations/20260623001351_fe37a996-3d02-45b8-8bf0-cef0e52c72b1.sql","20260623001351","fe37a996-3d02-45b8-8bf0-cef0e52c72b1","{""commit"":""ba0335290e92e6cc8a5b962c480b541a807ad2f9"",""time"":""2026-06-23T00:13:53Z""}","9751b89dcf3fee5a5740122864c9e05418c23052","ba5728f7f777dd48093df5ece939d4704aa0daaa3fa35c7c0cf9d2a5f63f23f4","ba5728f7f777dd48093df5ece939d4704aa0daaa3fa35c7c0cf9d2a5f63f23f4","","false","","","","[]","not_exported_in_001B; no reconstructed ledger bytes assumed","","unresolved_current_ledger","ambiguous","requires_installed_inspection","","version-based runner may see source identity as pending; exact planned-set/status evidence required","not_approved; source SQL may mutate data/DDL/privileges or require historical predecessor state"
"repository","supabase","supabase/migrations/20260623072204_ba238bbb-a55c-4000-8b35-69eb36bb3cba.sql","20260623072204","ba238bbb-a55c-4000-8b35-69eb36bb3cba","{""commit"":""f15139b21ed1609039069402d76c8c7bb01d40ec"",""time"":""2026-06-23T07:22:05Z""}","6a04a5f34355812de96e6d07035b906ffa192884","0bf5605c657b1458d9047f7be0fdad5cfbb25f20db209563b75e701da61d7346","a6406affbca4da5b213e917300010307fbd4ac977b6119f8f06db5248d620f77","","false","","","","[]","not_exported_in_001B; no reconstructed ledger bytes assumed","","unresolved_current_ledger","ambiguous","requires_installed_inspection","","version-based runner may see source identity as pending; exact planned-set/status evidence required","not_approved; source SQL may mutate data/DDL/privileges or require historical predecessor state"
"repository","supabase","supabase/migrations/20260623073735_16565aea-5a05-4b04-ad23-528486cf67a9.sql","20260623073735","16565aea-5a05-4b04-ad23-528486cf67a9","{""commit"":""7d177ad79b37d15cf60eb7717b2f2d8b6c32b1f8"",""time"":""2026-06-23T07:37:36Z""}","88b4c657408f113cb4fb5f27947d549bfc5c0b63","d84dd91bb51ee64ac1795b04da248cca16e9f48fde1d4190b223c4d54f49337b","d84dd91bb51ee64ac1795b04da248cca16e9f48fde1d4190b223c4d54f49337b","","false","","","","[]","not_exported_in_001B; no reconstructed ledger bytes assumed","","unresolved_current_ledger","ambiguous","requires_installed_inspection","","version-based runner may see source identity as pending; exact planned-set/status evidence required","not_approved; source SQL may mutate data/DDL/privileges or require historical predecessor state"
"repository","supabase","supabase/migrations/20260623231844_3139b351-64d8-4705-bc30-2ff29aa82cc8.sql","20260623231844","3139b351-64d8-4705-bc30-2ff29aa82cc8","{""commit"":""72c5ead85300a6466688c1e0bdb2a90a5abbc3ea"",""time"":""2026-06-23T23:18:45Z""}","5078bc3c013c59b49815bb2aad2dd1604b22def2","b123bd613ffa1ababa234a9e50221825f7c208a560ec52612519e43bc35c50fc","410d275d1329b718b76328f679eb643423c9df974dd0fa81f36b4dd9bce5624f","","false","","","","[]","not_exported_in_001B; no reconstructed ledger bytes assumed","","unresolved_current_ledger","ambiguous","requires_installed_inspection","","version-based runner may see source identity as pending; exact planned-set/status evidence required","not_approved; source SQL may mutate data/DDL/privileges or require historical predecessor state"
"repository","supabase","supabase/migrations/20260623232551_8a1da59d-13ba-4831-9fc5-f957738fb6ad.sql","20260623232551","8a1da59d-13ba-4831-9fc5-f957738fb6ad","{""commit"":""c0b163e6efe3a4327a3b07a414b96511347c4205"",""time"":""2026-06-23T23:25:54Z""}","25bc9285fd3780db69ad423ae943ec1275fc178d","381c82f67ea24644945022cf0e690a1e7da80ca8afb6052e1f68a2d3fc74022d","a3af37a68dae8a7956d7a581742e385f3d4ac1b31fd8f82618d1e8762a657118","","false","","","","[]","not_exported_in_001B; no reconstructed ledger bytes assumed","","unresolved_current_ledger","ambiguous","requires_installed_inspection","","version-based runner may see source identity as pending; exact planned-set/status evidence required","not_approved; source SQL may mutate data/DDL/privileges or require historical predecessor state"
"repository","supabase","supabase/migrations/20260623233235_7a2f0a15-b0f5-4651-a0f7-ec84c5cfdc2b.sql","20260623233235","7a2f0a15-b0f5-4651-a0f7-ec84c5cfdc2b","{""commit"":""3e01733a6355f6bb638211fb49bba848b7307700"",""time"":""2026-06-23T23:32:36Z""}","4605868266125d4a949b1c94d23a4a8b87cfae32","99b12ef72b9802472e02d57d863a2c5ae52be97363eaaba2501188750dc909ef","c3b776a0e793a3db6c3731653314667e0326939545e477d1b9f1fb0ef5393717","","false","","","","[]","not_exported_in_001B; no reconstructed ledger bytes assumed","","unresolved_current_ledger","ambiguous","requires_installed_inspection","","version-based runner may see source identity as pending; exact planned-set/status evidence required","not_approved; source SQL may mutate data/DDL/privileges or require historical predecessor state"
"repository","supabase","supabase/migrations/20260624095137_39c3be11-82fa-4bd0-8384-7004403b09e8.sql","20260624095137","39c3be11-82fa-4bd0-8384-7004403b09e8","{""commit"":""81065493c9b8abf0311052d59e5592d2022313a3"",""time"":""2026-06-24T09:51:40Z""}","ca9d44b87cd8ead743230d69ca7be9445434dc3e","366cb9453f2cb92c98db62579f5cff490c316b170b1d850e9c28cc726f96c5a0","3ad7a0590f4e63550be95aa49b7965afde94c5f3f102edf15f7f6714d24a193f","","false","","","","[]","not_exported_in_001B; no reconstructed ledger bytes assumed","","unresolved_current_ledger","ambiguous","requires_installed_inspection","","version-based runner may see source identity as pending; exact planned-set/status evidence required","not_approved; source SQL may mutate data/DDL/privileges or require historical predecessor state"
"repository","supabase","supabase/migrations/20260624200907_c5cdab49-46fd-4320-b8b1-8c4c424f7a92.sql","20260624200907","c5cdab49-46fd-4320-b8b1-8c4c424f7a92","{""commit"":""140e55b53910a606b79fcd3577662f53f7ae4be8"",""time"":""2026-06-24T20:09:08Z""}","730d571fe82c3f37db073baaae9d7ee97a5ed376","0374b8929f5d31e19915ad1183dd03d7b0c46405424e06cbce7b2ad5e97b30e7","fe1d52cfefaecc39b3ec4ee3d571d85cad7a369919c5f7c34b28bd2fe076d775","","false","","","","[]","not_exported_in_001B; no reconstructed ledger bytes assumed","","unresolved_current_ledger","ambiguous","requires_installed_inspection","","version-based runner may see source identity as pending; exact planned-set/status evidence required","not_approved; source SQL may mutate data/DDL/privileges or require historical predecessor state"
"repository","supabase","supabase/migrations/20260624214206_7b5f7c7c-8195-4192-b8c8-c7de909e33a3.sql","20260624214206","7b5f7c7c-8195-4192-b8c8-c7de909e33a3","{""commit"":""680dbc9d28502057ff7ea676c63fcfd015213db2"",""time"":""2026-06-24T21:42:09Z""}","433e0becac929f0e14b743c6b66a08a081ea150a","1e771ffc07df076b854dc9863f77c7de9f270f6887b5673f4f08ff9169c05c93","1e771ffc07df076b854dc9863f77c7de9f270f6887b5673f4f08ff9169c05c93","","false","","","","[]","not_exported_in_001B; no reconstructed ledger bytes assumed","","unresolved_current_ledger","ambiguous","requires_installed_inspection","","version-based runner may see source identity as pending; exact planned-set/status evidence required","not_approved; source SQL may mutate data/DDL/privileges or require historical predecessor state"
"repository","supabase","supabase/migrations/20260624221925_7a898099-a992-4cc6-b304-90686f95c5c6.sql","20260624221925","7a898099-a992-4cc6-b304-90686f95c5c6","{""commit"":""87c8a27487164639677029093e1b6b9cd89afcb4"",""time"":""2026-06-24T22:19:28Z""}","4e8a1cb0ba16a220eab6ddf02ff7fe20afe74187","dc3b6a93e5565e0957c7811f172582d054f3386694c52d4cefc68aabd256da69","dc3b6a93e5565e0957c7811f172582d054f3386694c52d4cefc68aabd256da69","","false","","","","[]","not_exported_in_001B; no reconstructed ledger bytes assumed","","unresolved_current_ledger","ambiguous","requires_installed_inspection","","version-based runner may see source identity as pending; exact planned-set/status evidence required","not_approved; source SQL may mutate data/DDL/privileges or require historical predecessor state"
"repository","supabase","supabase/migrations/20260625092929_fd66eb06-263d-4f9e-9de6-8cc149d20b95.sql","20260625092929","fd66eb06-263d-4f9e-9de6-8cc149d20b95","{""commit"":""b3fcdacb6849e76f0c73cef26580020d41035bb1"",""time"":""2026-06-25T09:29:30Z""}","a73dd038ff1ebaa30ce83d2b0c1589c453310d20","be16dc10198ddb1601717617911fb8c569071c05c199c2ee90e013f3f0b6167c","ab302fe307f38e0d637f508e073b2adf790a4aa99a98ffa5bf0e811896818de4","","false","","","","[]","not_exported_in_001B; no reconstructed ledger bytes assumed","","unresolved_current_ledger","ambiguous","requires_installed_inspection","","version-based runner may see source identity as pending; exact planned-set/status evidence required","not_approved; source SQL may mutate data/DDL/privileges or require historical predecessor state"
"repository","supabase","supabase/migrations/20260625094746_03fbe38f-91c1-4f77-add8-4d8573bdae1e.sql","20260625094746","03fbe38f-91c1-4f77-add8-4d8573bdae1e","{""commit"":""00a348bc7908e5c97e5cab7dcfb8b509722aa9fa"",""time"":""2026-06-25T09:47:47Z""}","de53952df2751f523c8d2d531ac63488ea6a1132","ffa8711b9e7398f930829ebb82a9580fba963397f021b1f5d3d6f392767282c4","c904133e81bd1c29a3ecc429addad33d2951165505108b8ea21890e6fbaeacf9","","false","","","","[]","not_exported_in_001B; no reconstructed ledger bytes assumed","","unresolved_current_ledger","ambiguous","requires_installed_inspection","","version-based runner may see source identity as pending; exact planned-set/status evidence required","not_approved; source SQL may mutate data/DDL/privileges or require historical predecessor state"
"repository","supabase","supabase/migrations/20260625111031_bdcf4d1d-fba5-4127-a64a-892562e2f96f.sql","20260625111031","bdcf4d1d-fba5-4127-a64a-892562e2f96f","{""commit"":""6b241187a70dd3e4b3a4329dbeb8c1e4b1ca70f6"",""time"":""2026-06-25T11:10:32Z""}","78fa79bb65cb843e02e60d553ad2a4386ad9f450","3492cbb3945cfcbcb3d5fd625acb12f763e11fd19ab75343dbe22970752ece52","3492cbb3945cfcbcb3d5fd625acb12f763e11fd19ab75343dbe22970752ece52","","false","","","","[]","not_exported_in_001B; no reconstructed ledger bytes assumed","","unresolved_current_ledger","ambiguous","requires_installed_inspection","","version-based runner may see source identity as pending; exact planned-set/status evidence required","not_approved; source SQL may mutate data/DDL/privileges or require historical predecessor state"
"repository","supabase","supabase/migrations/20260625115620_227ed1e1-e12d-4a0f-afbd-588c28888fb0.sql","20260625115620","227ed1e1-e12d-4a0f-afbd-588c28888fb0","{""commit"":""56a3b0ca7cdb6afc107a15986dc9d4dea6d6e11b"",""time"":""2026-06-25T11:56:22Z""}","3092e907ccd78ce946bcb960612a2734ab105e53","9177b2b01e70d5dc540874caa1ce3997c6fe691d35aa547ae014bafbceb144b2","9d389204e44c2994a609a569965903d5608413c7e679a6fecb2528539be492a1","","false","","","","[]","not_exported_in_001B; no reconstructed ledger bytes assumed","","unresolved_current_ledger","ambiguous","requires_installed_inspection","","version-based runner may see source identity as pending; exact planned-set/status evidence required","not_approved; source SQL may mutate data/DDL/privileges or require historical predecessor state"
"repository","supabase","supabase/migrations/20260625184013_f838e1b2-ec94-4e8f-b41c-90377331a91b.sql","20260625184013","f838e1b2-ec94-4e8f-b41c-90377331a91b","{""commit"":""14dfd6d27457500f8892162a9254072070a76d43"",""time"":""2026-06-25T18:40:15Z""}","5bcb0f7f17681390f9e6c88d6f64034da103a01a","0f7ce92a602ee35d81b086910ddadfb84812df350b9a6523e97f9890fc57b420","0f7ce92a602ee35d81b086910ddadfb84812df350b9a6523e97f9890fc57b420","","false","","","","[]","not_exported_in_001B; no reconstructed ledger bytes assumed","","unresolved_current_ledger","ambiguous","requires_installed_inspection","","version-based runner may see source identity as pending; exact planned-set/status evidence required","not_approved; source SQL may mutate data/DDL/privileges or require historical predecessor state"
"repository","supabase","supabase/migrations/20260626112929_001b3d30-152d-43c7-b8ab-84413a4aa688.sql","20260626112929","001b3d30-152d-43c7-b8ab-84413a4aa688","{""commit"":""05fcb066b83562b422b5d267afc12d9ba55b80ab"",""time"":""2026-06-26T11:29:30Z""}","e9ae3facca2f76e6a95ef79832822fecc3c26952","4fe399e3ea8a8a7351730f4b185c20c885a8fe2b222cfcb53b59e788f77055b1","4fe399e3ea8a8a7351730f4b185c20c885a8fe2b222cfcb53b59e788f77055b1","","false","","","","[]","not_exported_in_001B; no reconstructed ledger bytes assumed","","unresolved_current_ledger","ambiguous","requires_installed_inspection","","version-based runner may see source identity as pending; exact planned-set/status evidence required","not_approved; source SQL may mutate data/DDL/privileges or require historical predecessor state"
"repository","supabase","supabase/migrations/20260627000047_cf2a1486-7627-42f1-94cb-24328767350d.sql","20260627000047","cf2a1486-7627-42f1-94cb-24328767350d","{""commit"":""658518eb0227ad40c29a370ada7c84e4cc2b2d9c"",""time"":""2026-06-27T00:00:48Z""}","399169a10605f54fc3b7c875a896238f2aa4ef43","6198c6421c2f975b32e504cb26ca5b41c4b77ed65cf10b0415b79f9185dcff55","97c8ec0a94c43ba3ca4fb5749c896a514667101d99dd1211c5366b61858270d8","","false","","","","[]","not_exported_in_001B; no reconstructed ledger bytes assumed","","unresolved_current_ledger","ambiguous","requires_installed_inspection","","version-based runner may see source identity as pending; exact planned-set/status evidence required","not_approved; source SQL may mutate data/DDL/privileges or require historical predecessor state"
"repository","supabase","supabase/migrations/20260628124627_287fe6f5-5a44-4ddc-ba57-fab2582e9422.sql","20260628124627","287fe6f5-5a44-4ddc-ba57-fab2582e9422","{""commit"":""d7a0600ebc8bd8984fcd2a00561096c2ad57a4fb"",""time"":""2026-06-28T12:46:28Z""}","c08d0769b488ac7d2dc001dc96487f6ea48c20a9","29cda37b550a52ff090d7190446f789645ad6b189f5fa652bb23301715066a80","f294a00c41f469115965d4030f9c42928af1949d96b2c4b6230df9fac475c79b","","false","","","","[]","not_exported_in_001B; no reconstructed ledger bytes assumed","","unresolved_current_ledger","ambiguous","requires_installed_inspection","","version-based runner may see source identity as pending; exact planned-set/status evidence required","not_approved; source SQL may mutate data/DDL/privileges or require historical predecessor state"
"repository","supabase","supabase/migrations/20260629060824_a75ddfbf-a2d4-4e53-b368-b3f47ef8ebbe.sql","20260629060824","a75ddfbf-a2d4-4e53-b368-b3f47ef8ebbe","{""commit"":""21e04710ba5ec1c03a3cac70aba573191cfb3911"",""time"":""2026-06-29T06:08:25Z""}","c35a25931f5cc796e2e2d18328ce32af12f1e31d","671f8b0d3327826505521ef4ac5c83fed7fbcc584abe49db77e2293933ab1066","bf2154e99c1c55bf7c4d999b78721bceea2ca27a418f328e507d4b8cc98ffb1c","","false","","","","[]","not_exported_in_001B; no reconstructed ledger bytes assumed","","unresolved_current_ledger","ambiguous","requires_installed_inspection","","version-based runner may see source identity as pending; exact planned-set/status evidence required","not_approved; source SQL may mutate data/DDL/privileges or require historical predecessor state"
"repository","supabase","supabase/migrations/20260629074314_916dd6bd-214f-4d5f-ad0d-4bfe747fb198.sql","20260629074314","916dd6bd-214f-4d5f-ad0d-4bfe747fb198","{""commit"":""fdfc6ee665aebc36d7d2616fe894e32e1a2143c0"",""time"":""2026-06-29T07:43:15Z""}","6075ca4d03f6ffbfd259ccdd634836ab136dabaf","f1001956d7f9c750636a348990fe2bd3952be05eaa928b340d775ad89eac33ea","da776342c3b275346d5181e07b718dca258280343f0300c923035ee2b1c149a4","","false","","","","[]","not_exported_in_001B; no reconstructed ledger bytes assumed","","unresolved_current_ledger","ambiguous","requires_installed_inspection","","version-based runner may see source identity as pending; exact planned-set/status evidence required","not_approved; source SQL may mutate data/DDL/privileges or require historical predecessor state"
"repository","supabase","supabase/migrations/20260629080249_d6091f9a-cb36-4b1f-9beb-4966956f5e93.sql","20260629080249","d6091f9a-cb36-4b1f-9beb-4966956f5e93","{""commit"":""a23f19dcac497083e2e0e0b67bc13749d426588b"",""time"":""2026-06-29T08:02:51Z""}","3670461f7742935e8cd8ae148f6bb6ab0d8de5d6","cdbd65b52b98d1c85f0c8354aac658350f4a56e3ecc98aac7f4f28088f68ef22","cdbd65b52b98d1c85f0c8354aac658350f4a56e3ecc98aac7f4f28088f68ef22","","false","","","","[]","not_exported_in_001B; no reconstructed ledger bytes assumed","","unresolved_current_ledger","ambiguous","requires_installed_inspection","","version-based runner may see source identity as pending; exact planned-set/status evidence required","not_approved; source SQL may mutate data/DDL/privileges or require historical predecessor state"
"repository","supabase","supabase/migrations/20260629080345_0227141d-2bef-4bb3-94bb-0bb4b2df1ad9.sql","20260629080345","0227141d-2bef-4bb3-94bb-0bb4b2df1ad9","{""commit"":""17dbdc23226a6a62cb7ab278d5d38312dabbd309"",""time"":""2026-06-29T08:03:46Z""}","d2f49562e31cd504cab683963ed28be0e7dc738e","a5e0b38a4837259e2418c7ea65c07f9f38fbcb16c07403abfae2450d0f474ce2","a5e0b38a4837259e2418c7ea65c07f9f38fbcb16c07403abfae2450d0f474ce2","","false","","","","[]","not_exported_in_001B; no reconstructed ledger bytes assumed","","unresolved_current_ledger","ambiguous","requires_installed_inspection","","version-based runner may see source identity as pending; exact planned-set/status evidence required","not_approved; source SQL may mutate data/DDL/privileges or require historical predecessor state"
"repository","supabase","supabase/migrations/20260629080510_33a59d51-5aff-4499-8b20-da9939061a66.sql","20260629080510","33a59d51-5aff-4499-8b20-da9939061a66","{""commit"":""e30dc15d4cdf71cac62c11332dad3a658a967613"",""time"":""2026-06-29T08:05:13Z""}","b5aca2841696a5686341786ea80a9a678b264164","ee24c5739fa9db0391d422442205565b09de22df22232f8548a714b0f283eb5e","ee24c5739fa9db0391d422442205565b09de22df22232f8548a714b0f283eb5e","","false","","","","[]","not_exported_in_001B; no reconstructed ledger bytes assumed","","unresolved_current_ledger","ambiguous","requires_installed_inspection","","version-based runner may see source identity as pending; exact planned-set/status evidence required","not_approved; source SQL may mutate data/DDL/privileges or require historical predecessor state"
"repository","supabase","supabase/migrations/20260629092405_4f7cbe7a-056e-41eb-b11f-dd6a2f7602a3.sql","20260629092405","4f7cbe7a-056e-41eb-b11f-dd6a2f7602a3","{""commit"":""873c7a79f514561926455be20c4bc621ed16f154"",""time"":""2026-06-29T09:24:08Z""}","a1dc59774da01aa999d07a0dd3701812804bdbfb","7206fc2f65b80a8f9722b79996fe8c5de13f554e3988289a76f5378029f6df88","43a1ded4584e64398fe2215d955a83d04c2c2409db72f3d1cfe7c88b6effc63d","","false","","","","[]","not_exported_in_001B; no reconstructed ledger bytes assumed","","unresolved_current_ledger","ambiguous","requires_installed_inspection","","version-based runner may see source identity as pending; exact planned-set/status evidence required","not_approved; source SQL may mutate data/DDL/privileges or require historical predecessor state"
"repository","supabase","supabase/migrations/20260629191748_7301bf77-84a3-4826-80b9-53f7f35d37fd.sql","20260629191748","7301bf77-84a3-4826-80b9-53f7f35d37fd","{""commit"":""6ad976c2da0ea1963fa80f48ab62709309cf6ed9"",""time"":""2026-06-29T19:22:02Z""}","573d6b6994ceda74ac4e5a2dedd0aa0ccb6dec4b","a1803cc895ae565f11b97cc031c217896fb62b0a8802ca215395646b4bdc8331","a1803cc895ae565f11b97cc031c217896fb62b0a8802ca215395646b4bdc8331","","false","","","","[]","not_exported_in_001B; no reconstructed ledger bytes assumed","","unresolved_current_ledger","ambiguous","requires_installed_inspection","","version-based runner may see source identity as pending; exact planned-set/status evidence required","not_approved; source SQL may mutate data/DDL/privileges or require historical predecessor state"
"repository","supabase","supabase/migrations/20260629213244_dded2b2d-22ca-42e1-bbd3-cd84a562e1f6.sql","20260629213244","dded2b2d-22ca-42e1-bbd3-cd84a562e1f6","{""commit"":""d883f12a471040e092d523e93a8b144aef1070c3"",""time"":""2026-06-29T21:32:45Z""}","74784304a44127c3aa3a1438480cb4b8e785c286","d08eb02d5789b9b9463150ffeb8a7903283cc99448ddc55df933a6228a03aaab","d08eb02d5789b9b9463150ffeb8a7903283cc99448ddc55df933a6228a03aaab","","false","","","","[]","not_exported_in_001B; no reconstructed ledger bytes assumed","","unresolved_current_ledger","ambiguous","requires_installed_inspection","","version-based runner may see source identity as pending; exact planned-set/status evidence required","not_approved; source SQL may mutate data/DDL/privileges or require historical predecessor state"
"repository","supabase","supabase/migrations/20260630062603_63efe266-48c0-449f-8c8e-7ba8d6834aaa.sql","20260630062603","63efe266-48c0-449f-8c8e-7ba8d6834aaa","{""commit"":""b5362c0d8d9cb80a65434882add57ead6ab7a98e"",""time"":""2026-06-30T06:26:05Z""}","8bb4d51c74ebfb0274cfde19a43050bc070ea9dd","8fe6235ff66cd5f718f4ef6e3421c207c895f21305bf1bed378194594693462a","305c7d8880051c7ac91ba12e574fd9c0aa65a5dec414da4ef562de320a033918","","false","","","","[]","not_exported_in_001B; no reconstructed ledger bytes assumed","","unresolved_current_ledger","ambiguous","requires_installed_inspection","","version-based runner may see source identity as pending; exact planned-set/status evidence required","not_approved; source SQL may mutate data/DDL/privileges or require historical predecessor state"
"repository","supabase","supabase/migrations/20260630083258_02360da3-9a99-476d-b008-a3e8a703fd56.sql","20260630083258","02360da3-9a99-476d-b008-a3e8a703fd56","{""commit"":""6a41420222f32bb63e7e67940388144a7ed30b7b"",""time"":""2026-06-30T08:33:00Z""}","cea8abe18677a2599dc77144d010aefe5521c7af","03a1c66e9766917f65f6acdd7abd0f43794f04aa7b7fde153f3002c8f47edc16","03a1c66e9766917f65f6acdd7abd0f43794f04aa7b7fde153f3002c8f47edc16","","false","","","","[]","not_exported_in_001B; no reconstructed ledger bytes assumed","","unresolved_current_ledger","ambiguous","requires_installed_inspection","","version-based runner may see source identity as pending; exact planned-set/status evidence required","not_approved; source SQL may mutate data/DDL/privileges or require historical predecessor state"
"repository","supabase","supabase/migrations/20260630083700_1b4c3ecb-f958-4a51-9eaa-3fede4c8dd3d.sql","20260630083700","1b4c3ecb-f958-4a51-9eaa-3fede4c8dd3d","{""commit"":""4eb5aa4c98eb068151e565136417b1186a78ced4"",""time"":""2026-06-30T08:37:03Z""}","5ec47327b8ec50b60fe0159e4b1caa8f8ed0c221","971ceb6844d01250bf22e8557aefb1438c428c8ca7854cac12c8f6d3b8ff2834","971ceb6844d01250bf22e8557aefb1438c428c8ca7854cac12c8f6d3b8ff2834","","false","","","","[]","not_exported_in_001B; no reconstructed ledger bytes assumed","","unresolved_current_ledger","ambiguous","requires_installed_inspection","","version-based runner may see source identity as pending; exact planned-set/status evidence required","not_approved; source SQL may mutate data/DDL/privileges or require historical predecessor state"
"repository","supabase","supabase/migrations/20260630100255_aa7116c0-f53a-4efa-bc00-87c9423682f0.sql","20260630100255","aa7116c0-f53a-4efa-bc00-87c9423682f0","{""commit"":""cf299e921f2bcf3c2d20a50efd6e0106f157c47a"",""time"":""2026-06-30T10:02:58Z""}","fb8e9b70e51aafaeb874c8c346c752b7cfd2f4ab","a5402145617a58d88780750d46b3ad117eb87a7cea090ff3fe6901327e9b67fc","a5402145617a58d88780750d46b3ad117eb87a7cea090ff3fe6901327e9b67fc","","false","","","","[]","not_exported_in_001B; no reconstructed ledger bytes assumed","","unresolved_current_ledger","ambiguous","requires_installed_inspection","","version-based runner may see source identity as pending; exact planned-set/status evidence required","not_approved; source SQL may mutate data/DDL/privileges or require historical predecessor state"
"repository","supabase","supabase/migrations/20260630105705_66a3a94c-c619-477b-a053-3a41b04fd63d.sql","20260630105705","66a3a94c-c619-477b-a053-3a41b04fd63d","{""commit"":""e74542ce22e5909b18ca2fd6c1e9f8fec49a111e"",""time"":""2026-06-30T10:57:06Z""}","d04697b367812a8ffebb65ddf6a7e1e28cb7a74f","794934f62c0caa088d5af0fe83f3cd7c4fc2e50c962f2f5b8b4a734905d122e9","794934f62c0caa088d5af0fe83f3cd7c4fc2e50c962f2f5b8b4a734905d122e9","","false","","","","[]","not_exported_in_001B; no reconstructed ledger bytes assumed","","unresolved_current_ledger","ambiguous","requires_installed_inspection","","version-based runner may see source identity as pending; exact planned-set/status evidence required","not_approved; source SQL may mutate data/DDL/privileges or require historical predecessor state"
"repository","supabase","supabase/migrations/20260630170429_0143b593-54cd-470a-b2e5-a4b26dc7599f.sql","20260630170429","0143b593-54cd-470a-b2e5-a4b26dc7599f","{""commit"":""e21e749a7d9c9a6f26837e2f741a68550f6dd94e"",""time"":""2026-06-30T17:04:30Z""}","81959a9992d6e2b51d73481cacbac05bcea6b1c8","56fbe117548c5b4dad7e923d9122c0d5b4167cd1de6294b182f02fd9a9fe7734","56fbe117548c5b4dad7e923d9122c0d5b4167cd1de6294b182f02fd9a9fe7734","","false","","","","[]","not_exported_in_001B; no reconstructed ledger bytes assumed","","unresolved_current_ledger","ambiguous","requires_installed_inspection","","version-based runner may see source identity as pending; exact planned-set/status evidence required","not_approved; source SQL may mutate data/DDL/privileges or require historical predecessor state"
"repository","supabase","supabase/migrations/20260704073144_9b0a0dc1-016c-48b2-92e2-369db142ea4d.sql","20260704073144","9b0a0dc1-016c-48b2-92e2-369db142ea4d","{""commit"":""60d39f650a6ade913bbedec5abfd150acce057ae"",""time"":""2026-07-04T07:31:51Z""}","d1e2cbb7f8d82a04f6e5615518dce6b1b1a54a5a","40b521e5f9732e8a00a0aea17fe590eacaf8e55ea8c658b78730e7c59d4c4320","ebd6de603d2485f6e99b53f64bbbf2fbd25c5a142638c4df8c2040a00baf394d","","false","","","","[]","not_exported_in_001B; no reconstructed ledger bytes assumed","","unresolved_current_ledger","ambiguous","requires_installed_inspection","","version-based runner may see source identity as pending; exact planned-set/status evidence required","not_approved; source SQL may mutate data/DDL/privileges or require historical predecessor state"
"repository","supabase","supabase/migrations/20260706185711_a3a2252f-5c5c-4609-8932-17ef2192091b.sql","20260706185711","a3a2252f-5c5c-4609-8932-17ef2192091b","{""commit"":""d383c1b56d0d666e022a665aadd940f905f7c5fc"",""time"":""2026-07-06T18:57:13Z""}","f0897d8d97b14bd6057205516d045c35e4b6a303","6b99da78e907bf3cc995ec49109762166a4af0d5fd61c771333c9c75f19600c0","e48988d9d46c629325d3d1ac231e8814d90be30f0df9b34d48aac74d4fd28dd2","","false","","","","[]","not_exported_in_001B; no reconstructed ledger bytes assumed","","unresolved_current_ledger","ambiguous","requires_installed_inspection","","version-based runner may see source identity as pending; exact planned-set/status evidence required","not_approved; source SQL may mutate data/DDL/privileges or require historical predecessor state"
"repository","supabase","supabase/migrations/20260706191740_72a25467-df65-4dd4-ad04-2a049408e57f.sql","20260706191740","72a25467-df65-4dd4-ad04-2a049408e57f","{""commit"":""c9612b5878dc3fa03cc91830dbdbaacc4f3e89e1"",""time"":""2026-07-06T19:17:43Z""}","a794ea52b093b6726f9dadbe8a0f1c97bf5bb495","f5b038271ba5dfea2ee52f0645f64979ad6f8d49570f6e36c6aa25e92e8125d9","388045d42d78a34a6e3e50fffc7af3e11578c3e411ff5ce3d535b37c00bf8328","","false","","","","[]","not_exported_in_001B; no reconstructed ledger bytes assumed","","unresolved_current_ledger","ambiguous","requires_installed_inspection","","version-based runner may see source identity as pending; exact planned-set/status evidence required","not_approved; source SQL may mutate data/DDL/privileges or require historical predecessor state"
"repository","supabase","supabase/migrations/20260710214800_f6826731-75e8-40cb-a609-b4a2c938c7ff.sql","20260710214800","f6826731-75e8-40cb-a609-b4a2c938c7ff","{""commit"":""9a07fb524d83f80ac050b26d0e608069a1b28a0d"",""time"":""2026-07-10T21:48:03Z""}","ccb56adb6ccbf55ebbf55c9af34b0f9490084d7e","834ab2e9490e24099e45b79829436221a5599194f4ad600c26ef8be7825c0131","834ab2e9490e24099e45b79829436221a5599194f4ad600c26ef8be7825c0131","","false","","","","[]","not_exported_in_001B; no reconstructed ledger bytes assumed","","unresolved_current_ledger","ambiguous","requires_installed_inspection","","version-based runner may see source identity as pending; exact planned-set/status evidence required","not_approved; source SQL may mutate data/DDL/privileges or require historical predecessor state"
"repository","supabase","supabase/migrations/20260712191947_723e9905-d3d4-4e2e-8f76-16c65c5f7e2d.sql","20260712191947","723e9905-d3d4-4e2e-8f76-16c65c5f7e2d","{""commit"":""0b4a587b3adc152d305756959fa73e6995335164"",""time"":""2026-07-12T19:19:50Z""}","386f50069c14d6b8efe39cfb483402f1819b5130","33c4747a5d8b1c339fbb9bc1f7c7a3f59520f0f9bdc1ba5d01824fb1880faab9","351efd7221df45117e97d97e1b993e5ac0fea54f51f4c09a15ee3ab0e829135a","","false","","","","[]","not_exported_in_001B; no reconstructed ledger bytes assumed","","unresolved_current_ledger","ambiguous","requires_installed_inspection","","version-based runner may see source identity as pending; exact planned-set/status evidence required","not_approved; source SQL may mutate data/DDL/privileges or require historical predecessor state"
"repository","supabase","supabase/migrations/20260714103613_f1db07fb-c4bd-4040-9a30-b4275d566d48.sql","20260714103613","f1db07fb-c4bd-4040-9a30-b4275d566d48","{""commit"":""47d5479341513c8d1c08f23aa4069905d539cb2d"",""time"":""2026-07-14T10:36:49Z""}","4135a0e8b3da60f14a68959fd26d87df7e1ad405","14aea73728d5b90053d1b98b8095fd995f353472bb1271f7d4b6a4d193844eea","14aea73728d5b90053d1b98b8095fd995f353472bb1271f7d4b6a4d193844eea","","false","","","","[]","not_exported_in_001B; no reconstructed ledger bytes assumed","","unresolved_current_ledger","ambiguous","requires_installed_inspection","","version-based runner may see source identity as pending; exact planned-set/status evidence required","not_approved; source SQL may mutate data/DDL/privileges or require historical predecessor state"
"repository","supabase","supabase/migrations/20260714104534_acb858ff-0438-4d24-9fb8-accfc0f11743.sql","20260714104534","acb858ff-0438-4d24-9fb8-accfc0f11743","{""commit"":""656e5a8e5a77b5fd551da455ef527ae1df9a8c3a"",""time"":""2026-07-14T10:45:37Z""}","717a4324b4501ab277e1ee08a70cdf53fa9c5924","79876f6bbd208af5a92b19d1f64d700ada8702d8ad9d9c4cc8ba0b192c824d4c","79876f6bbd208af5a92b19d1f64d700ada8702d8ad9d9c4cc8ba0b192c824d4c","","false","","","","[]","not_exported_in_001B; no reconstructed ledger bytes assumed","","unresolved_current_ledger","ambiguous","requires_installed_inspection","","version-based runner may see source identity as pending; exact planned-set/status evidence required","not_approved; source SQL may mutate data/DDL/privileges or require historical predecessor state"
"repository","supabase","supabase/migrations/20260716130515_0369c048-28bc-4fbf-83ff-5375e922e6d6.sql","20260716130515","0369c048-28bc-4fbf-83ff-5375e922e6d6","{""commit"":""f8b67b99ffb20c173a140d2f5ee5de2040de9156"",""time"":""2026-07-16T13:05:45Z""}","a8ccdd98cef5fc12f8779b068ae4173b39b5c340","d2aad8aaafe478ccfc1c4c6b41e273d9786482503b010adff7c4e2b044346bc6","d2aad8aaafe478ccfc1c4c6b41e273d9786482503b010adff7c4e2b044346bc6","","false","","","","[]","not_exported_in_001B; no reconstructed ledger bytes assumed","","unresolved_current_ledger","ambiguous","requires_installed_inspection","","version-based runner may see source identity as pending; exact planned-set/status evidence required","not_approved; source SQL may mutate data/DDL/privileges or require historical predecessor state"
"repository","supabase","supabase/migrations/20260716132023_b0701541-d21b-4dae-b3be-619e8f998414.sql","20260716132023","b0701541-d21b-4dae-b3be-619e8f998414","{""commit"":""b02550b2c366846b6425e0adbefff6d24f24d6aa"",""time"":""2026-07-16T13:20:26Z""}","82647cb7083093b4df56a6e11ba2f1cb7b43c3e1","4291c3ad7127b57f556ae81d598af7e74aa8384c5a1b46bdfb25637825f664c9","4291c3ad7127b57f556ae81d598af7e74aa8384c5a1b46bdfb25637825f664c9","","false","","","","[]","not_exported_in_001B; no reconstructed ledger bytes assumed","","unresolved_current_ledger","ambiguous","requires_installed_inspection","","version-based runner may see source identity as pending; exact planned-set/status evidence required","not_approved; source SQL may mutate data/DDL/privileges or require historical predecessor state"
"repository","supabase","supabase/migrations/20260716205443_35b503fc-579d-4eb3-9525-51da86fdd2ed.sql","20260716205443","35b503fc-579d-4eb3-9525-51da86fdd2ed","{""commit"":""eb8225d4d8fb633a7babc0ebd6ff5cb9162d1bcb"",""time"":""2026-07-16T20:54:47Z""}","38ab9c53256f6397f282f423e7c3e157bce5b122","58afc6059b37ce3a3759cb087c261491debfd365dcf3e2ddf4ae9ea738e8c9f5","58afc6059b37ce3a3759cb087c261491debfd365dcf3e2ddf4ae9ea738e8c9f5","","false","","","","[]","not_exported_in_001B; no reconstructed ledger bytes assumed","","unresolved_current_ledger","ambiguous","requires_installed_inspection","","version-based runner may see source identity as pending; exact planned-set/status evidence required","not_approved; source SQL may mutate data/DDL/privileges or require historical predecessor state"
"repository","supabase","supabase/migrations/20260717113147_84721dad-2031-46db-8102-5b70dff414ae.sql","20260717113147","84721dad-2031-46db-8102-5b70dff414ae","{""commit"":""0df0f508f2b037f0ff43066771915bbf2d0336d5"",""time"":""2026-07-17T11:31:51Z""}","8e52628e6fb735d04f6667e2c61276c7981be730","b9d69cf692809c7f9e16367496545242d5d97183d1a931f2bd6f3aef03291084","a9c2ab27e5f2907b44167cf8d936cfcae9b123d5d299207206eb9895a7d9f1e1","","false","","","","[]","not_exported_in_001B; no reconstructed ledger bytes assumed","","unresolved_current_ledger","ambiguous","requires_installed_inspection","","version-based runner may see source identity as pending; exact planned-set/status evidence required","not_approved; source SQL may mutate data/DDL/privileges or require historical predecessor state"
"repository","supabase","supabase/migrations/20260717120303_7b4b36fc-6145-40e6-9666-e4b65d573acc.sql","20260717120303","7b4b36fc-6145-40e6-9666-e4b65d573acc","{""commit"":""945025eb96b5f467cd39eeb18b60d5432298891e"",""time"":""2026-07-17T12:03:09Z""}","58c63767711ff85c5da9f5a6762bed61d09c6f87","f5ac89cdc2fdc1e70cdce91847fead49ca1616652b6cd96289f6c01fc0d8feab","d50d76d9a4f279a3b02676d63cc2b32310861ee5ef0c86c4f3c3258181576a7f","","false","","","","[]","not_exported_in_001B; no reconstructed ledger bytes assumed","","unresolved_current_ledger","ambiguous","requires_installed_inspection","","version-based runner may see source identity as pending; exact planned-set/status evidence required","not_approved; source SQL may mutate data/DDL/privileges or require historical predecessor state"
"repository","supabase","supabase/migrations/20260717123612_8f687cfb-1b50-4ad5-9ea0-d1f78b5122db.sql","20260717123612","8f687cfb-1b50-4ad5-9ea0-d1f78b5122db","{""commit"":""a03ec66853c9f2ce73d4c784857be5a5dd5999e8"",""time"":""2026-07-17T12:36:15Z""}","e96abb67362c5fbfcc373689ed66535eac735099","a81efb1600562fc6a546e8e03ae07437b3b20330d2810cc1f8e7c1765210da9b","a0c76ec4d3f3ca6ace8aef5f2c59c25883e2e4f91c1aeb19fc97d8a471a0e7e2","","false","","","","[]","not_exported_in_001B; no reconstructed ledger bytes assumed","","unresolved_current_ledger","ambiguous","requires_installed_inspection","","version-based runner may see source identity as pending; exact planned-set/status evidence required","not_approved; source SQL may mutate data/DDL/privileges or require historical predecessor state"
"repository","supabase","supabase/migrations/20260717124628_fba2fa4d-6909-4c6b-9b94-1f15ddf50e05.sql","20260717124628","fba2fa4d-6909-4c6b-9b94-1f15ddf50e05","{""commit"":""81de7dfe5cd32f3361f490970ad91dfd15c46ac5"",""time"":""2026-07-17T12:46:32Z""}","2e8a737fd10287e072121be5a499715e8057dbd8","5370a17f5fd2eb37e4503deb5fd3000d95ac73203193296ec805bce0fe63bf11","b1b88718c4ad5e1544d4b8b6932910a8430d77050459ffc4cfdce680d4072b56","","false","","","","[]","not_exported_in_001B; no reconstructed ledger bytes assumed","","unresolved_current_ledger","ambiguous","requires_installed_inspection","","version-based runner may see source identity as pending; exact planned-set/status evidence required","not_approved; source SQL may mutate data/DDL/privileges or require historical predecessor state"
"repository","supabase","supabase/migrations/20260717131218_b1576dcf-11b7-49b8-ab62-3a5542f80c00.sql","20260717131218","b1576dcf-11b7-49b8-ab62-3a5542f80c00","{""commit"":""17f6e688176589ee5bedd53266418df5d64f0f94"",""time"":""2026-07-17T13:12:21Z""}","bb50115c57883d454d751833b98ec438459be6cc","320cf6f2cf44f0d6307a78e3341d2630dbc86f19f0db385ad14e307cf3c9ee9c","320cf6f2cf44f0d6307a78e3341d2630dbc86f19f0db385ad14e307cf3c9ee9c","","false","","","","[]","not_exported_in_001B; no reconstructed ledger bytes assumed","","unresolved_current_ledger","ambiguous","requires_installed_inspection","","version-based runner may see source identity as pending; exact planned-set/status evidence required","not_approved; source SQL may mutate data/DDL/privileges or require historical predecessor state"
"repository","supabase","supabase/migrations/20260717131422_4042de16-feb4-4adc-8a7f-7df68fed480e.sql","20260717131422","4042de16-feb4-4adc-8a7f-7df68fed480e","{""commit"":""a5f44759d581435e05e77fd84d99922a7bb02713"",""time"":""2026-07-17T13:14:24Z""}","168b668421ec119f83717c68ace30e9b92a8111b","50326a6f0c0f4689cdb4f4a08d1ca02adbb023a352fb038787149351c0baf2f6","50326a6f0c0f4689cdb4f4a08d1ca02adbb023a352fb038787149351c0baf2f6","","false","","","","[]","not_exported_in_001B; no reconstructed ledger bytes assumed","","unresolved_current_ledger","ambiguous","requires_installed_inspection","","version-based runner may see source identity as pending; exact planned-set/status evidence required","not_approved; source SQL may mutate data/DDL/privileges or require historical predecessor state"
"repository","supabase","supabase/migrations/20260717131802_85552e87-7784-4f46-b877-407dfec8c267.sql","20260717131802","85552e87-7784-4f46-b877-407dfec8c267","{""commit"":""d442e4454ed6687dc1c331c4b7d62da6efc70cc9"",""time"":""2026-07-17T13:18:04Z""}","46958fa20f34d40d83f18724305f90b81eea7e3f","2b1cac4d6e64316c1d46a241e886280fb828565c381cd7ea39b823e5fffe39e5","2b1cac4d6e64316c1d46a241e886280fb828565c381cd7ea39b823e5fffe39e5","","false","","","","[]","not_exported_in_001B; no reconstructed ledger bytes assumed","","unresolved_current_ledger","ambiguous","requires_installed_inspection","","version-based runner may see source identity as pending; exact planned-set/status evidence required","not_approved; source SQL may mutate data/DDL/privileges or require historical predecessor state"
"repository","supabase","supabase/migrations/20260717142108_dac855f2-077b-4e80-bc14-8f083a4cee3c.sql","20260717142108","dac855f2-077b-4e80-bc14-8f083a4cee3c","{""commit"":""810ac4edb00baa62fad05d92d74d4496ee986769"",""time"":""2026-07-17T14:21:11Z""}","a28c887fd3a53ca7edeeaf87d01bb8009e162d0c","e5ccc23e7b6bc0ceb6ae26edf3f7ea5026dcfdf77b842aa21f586fa794f5a071","d5fbc0baf3f13548a2175be745dca3d4a2e4d93975de4edace160081c65c37a5","","false","","","","[]","not_exported_in_001B; no reconstructed ledger bytes assumed","","unresolved_current_ledger","ambiguous","requires_installed_inspection","","version-based runner may see source identity as pending; exact planned-set/status evidence required","not_approved; source SQL may mutate data/DDL/privileges or require historical predecessor state"
"repository","supabase","supabase/migrations/20260718085344_cc23fca9-64ad-4617-8453-548571a98fe6.sql","20260718085344","cc23fca9-64ad-4617-8453-548571a98fe6","{""commit"":""a7b941a8a32755f3c98991175873707c041883b1"",""time"":""2026-07-18T08:53:50Z""}","cd148fc99d4c9605c908aa24c20e220ebf0c340c","4f0c87497656f1a59fccf0be27ef24317ebbca4517d7b3bba0400c4912c3beb8","9e2c60cf5eb44dbe44fb542c66b1a98d1ea4d2530e20f0f4d71b8a0b3de07f8a","","false","","","","[]","not_exported_in_001B; no reconstructed ledger bytes assumed","","unresolved_current_ledger","ambiguous","requires_installed_inspection","","version-based runner may see source identity as pending; exact planned-set/status evidence required","not_approved; source SQL may mutate data/DDL/privileges or require historical predecessor state"
"repository","supabase","supabase/migrations/20260718092755_4ecde131-dad8-40aa-bf7b-3b25a72ee473.sql","20260718092755","4ecde131-dad8-40aa-bf7b-3b25a72ee473","{""commit"":""613b42236014d57fb21c5612a4be216e847b48b9"",""time"":""2026-07-18T09:28:01Z""}","15a3e8016d689b32300f7264b25542185bf05e57","da3fee8bdad593883183752cd2c54c7a9ab64dcb4deabc8a5c0119a78919b893","da3fee8bdad593883183752cd2c54c7a9ab64dcb4deabc8a5c0119a78919b893","","false","","","","[]","not_exported_in_001B; no reconstructed ledger bytes assumed","","unresolved_current_ledger","ambiguous","requires_installed_inspection","","version-based runner may see source identity as pending; exact planned-set/status evidence required","not_approved; source SQL may mutate data/DDL/privileges or require historical predecessor state"
"repository","supabase","supabase/migrations/20260719074356_73cdaab8-0fbc-494f-94e6-6fa8485a91a1.sql","20260719074356","73cdaab8-0fbc-494f-94e6-6fa8485a91a1","{""commit"":""8fda3bb6c0b5ea269d9fbc16743f97306b7abeb0"",""time"":""2026-07-19T07:43:59Z""}","662a434242c91d9ee3c6f8db6445d51e211b3592","679b127a9835b7b9622b641db8fa170b0c767e87999ec1b5b1693f1404fbc970","679b127a9835b7b9622b641db8fa170b0c767e87999ec1b5b1693f1404fbc970","","false","","","","[]","not_exported_in_001B; no reconstructed ledger bytes assumed","","unresolved_current_ledger","ambiguous","requires_installed_inspection","","version-based runner may see source identity as pending; exact planned-set/status evidence required","not_approved; source SQL may mutate data/DDL/privileges or require historical predecessor state"
"repository","supabase","supabase/migrations/20260720065838_1dff1d51-c825-4829-98e1-83e4be356aec.sql","20260720065838","1dff1d51-c825-4829-98e1-83e4be356aec","{""commit"":""793f726c569798f8c333e52be4af1e70a856b3d3"",""time"":""2026-07-20T06:58:41Z""}","4636e3bf01f559a90cf72d76ffe8106443b4032a","6f2b273d415803702a30df25b0bb5810bfa932c9f82397c54f972907d96b1cbb","b5b576dc7773584f6e0333c5e8f9c37a85fd102e263c9fcca494a8e351544a02","","false","","","","[]","not_exported_in_001B; no reconstructed ledger bytes assumed","","unresolved_current_ledger","ambiguous","requires_installed_inspection","","version-based runner may see source identity as pending; exact planned-set/status evidence required","not_approved; source SQL may mutate data/DDL/privileges or require historical predecessor state"
"repository","supabase","supabase/migrations/20260720070010_cb736a97-fb3e-44d6-ade1-dceb66f6e772.sql","20260720070010","cb736a97-fb3e-44d6-ade1-dceb66f6e772","{""commit"":""39f3ec04e907d288438396d475f3bf44d8f81f18"",""time"":""2026-07-20T07:00:12Z""}","002aa7e422f08c8ce6817516f630a8581857c109","b1ec99d6b732b9943d23c074d93f1ab89bc2ba73288b89e032085ba629811675","6dd8ec83bcf124a356c67b9cc5f9ceda89890f580323c3ecf4cbc091a5c3907a","","false","","","","[]","not_exported_in_001B; no reconstructed ledger bytes assumed","","unresolved_current_ledger","ambiguous","requires_installed_inspection","","version-based runner may see source identity as pending; exact planned-set/status evidence required","not_approved; source SQL may mutate data/DDL/privileges or require historical predecessor state"
"repository","supabase","supabase/migrations/20260720072328_aec5dde0-70ed-4456-b08f-ee2e04569138.sql","20260720072328","aec5dde0-70ed-4456-b08f-ee2e04569138","{""commit"":""0b289ac15758d6b00cd846c2ac4dd5b8887e6357"",""time"":""2026-07-20T07:23:31Z""}","3104e04cd606ffff5ebb5e90f8a4a5e692e1b138","4a62b580936879d7ce5fccdfd89926d7e8fe178849797841095649e802a967b5","4a62b580936879d7ce5fccdfd89926d7e8fe178849797841095649e802a967b5","","false","","","","[]","not_exported_in_001B; no reconstructed ledger bytes assumed","","unresolved_current_ledger","ambiguous","requires_installed_inspection","","version-based runner may see source identity as pending; exact planned-set/status evidence required","not_approved; source SQL may mutate data/DDL/privileges or require historical predecessor state"
"repository","supabase","supabase/migrations/20260720073936_2624416f-49bd-452c-98d8-aa6034ad868e.sql","20260720073936","2624416f-49bd-452c-98d8-aa6034ad868e","{""commit"":""b572cdf1a9a4176a0866101a403575c332e5c47c"",""time"":""2026-07-20T07:39:39Z""}","791bd56c441d1c234b4b07e1d6ff12c7015f7bf0","d4fca9b9a0ca488557fb2a7dd532a2656bf0d541d94f726fc64eecfb098d6595","d4fca9b9a0ca488557fb2a7dd532a2656bf0d541d94f726fc64eecfb098d6595","","false","","","","[]","not_exported_in_001B; no reconstructed ledger bytes assumed","","unresolved_current_ledger","ambiguous","requires_installed_inspection","","version-based runner may see source identity as pending; exact planned-set/status evidence required","not_approved; source SQL may mutate data/DDL/privileges or require historical predecessor state"
"repository","supabase","supabase/migrations/20260723201450_2a2103b7-4e11-4ada-af6e-9e908cfed8c1.sql","20260723201450","2a2103b7-4e11-4ada-af6e-9e908cfed8c1","{""commit"":""d2feeffd74893fc3ad8c06850029cfaf692b5e24"",""time"":""2026-07-23T20:14:53Z""}","a625898c7c4b6c0db223a9541782777101cf5460","351cfcbf4e5b3b1bfc72482abe51e27e069b841c52bb493b3efeea206df62c12","351cfcbf4e5b3b1bfc72482abe51e27e069b841c52bb493b3efeea206df62c12","","false","","","","[]","not_exported_in_001B; no reconstructed ledger bytes assumed","","unresolved_current_ledger","ambiguous","requires_installed_inspection","","version-based runner may see source identity as pending; exact planned-set/status evidence required","not_approved; source SQL may mutate data/DDL/privileges or require historical predecessor state"
"repository","supabase","supabase/migrations/20260724090542_62514a8a-6edc-4924-9950-594937829a3a.sql","20260724090542","62514a8a-6edc-4924-9950-594937829a3a","{""commit"":""cd0b4e84ba81ded36cdf85aa9f70dfcd8795aefa"",""time"":""2026-07-24T09:05:47Z""}","a57f333afcc19797b26df2c4569b2190aa3f0f5f","6e26ff33f819c1ae37275f21436d99d15edc9f63003de785d196960f0f1ca1c4","6e26ff33f819c1ae37275f21436d99d15edc9f63003de785d196960f0f1ca1c4","","false","","","","[]","not_exported_in_001B; no reconstructed ledger bytes assumed","","unresolved_current_ledger","ambiguous","requires_installed_inspection","","version-based runner may see source identity as pending; exact planned-set/status evidence required","not_approved; source SQL may mutate data/DDL/privileges or require historical predecessor state"
"repository","supabase","supabase/migrations/20260724092244_006463cc-00b3-40b5-904c-61c54c402daf.sql","20260724092244","006463cc-00b3-40b5-904c-61c54c402daf","{""commit"":""3a3f4efca85729969c93825d0f82b84317fd9a4e"",""time"":""2026-07-24T09:22:47Z""}","f8b66293b493a4523f22e5d36b29cc1bf13e7f85","359285b90a1540e3a4b807ad7a09bcdc2837f36f19c677a5d327ec95c14a9945","359285b90a1540e3a4b807ad7a09bcdc2837f36f19c677a5d327ec95c14a9945","","false","","","","[]","not_exported_in_001B; no reconstructed ledger bytes assumed","","unresolved_current_ledger","ambiguous","requires_installed_inspection","","version-based runner may see source identity as pending; exact planned-set/status evidence required","not_approved; source SQL may mutate data/DDL/privileges or require historical predecessor state"
"repository","supabase","supabase/migrations/20260725184028_7a0c5583-ba85-4f2e-98c4-7d9328076725.sql","20260725184028","7a0c5583-ba85-4f2e-98c4-7d9328076725","{""commit"":""455fd8fe658635977b41317bb974ee25326c9339"",""time"":""2026-07-25T18:40:31Z""}","67c21d5048632541966d8e20f8f8cd24ac4813cd","fc60034683b2c2354ba826f78c6da678cd0fdbdeddc0a48e56a9edfc36b19bf4","fc60034683b2c2354ba826f78c6da678cd0fdbdeddc0a48e56a9edfc36b19bf4","","false","","","","[]","not_exported_in_001B; no reconstructed ledger bytes assumed","","unresolved_current_ledger","ambiguous","requires_installed_inspection","","version-based runner may see source identity as pending; exact planned-set/status evidence required","not_approved; source SQL may mutate data/DDL/privileges or require historical predecessor state"
"repository","supabase","supabase/migrations/20260725190042_363d5969-ff5e-40c0-b481-a50fa70c1d12.sql","20260725190042","363d5969-ff5e-40c0-b481-a50fa70c1d12","{""commit"":""7afe854069e4a20d5a9af466cd3afed866bd3cf9"",""time"":""2026-07-25T19:00:47Z""}","4ab40730dbda8764f18963ebdcdd363f4e0a490c","a78d2484b029b5051435163d9da0475f7fc0ee1b6344c37e9d1d1235f32e917c","84ab37b533e601c0b4bfa2c5dc99ea9a697c58cb119b19c519eb608201a647f6","","false","","","","[]","not_exported_in_001B; no reconstructed ledger bytes assumed","","unresolved_current_ledger","ambiguous","requires_installed_inspection","","version-based runner may see source identity as pending; exact planned-set/status evidence required","not_approved; source SQL may mutate data/DDL/privileges or require historical predecessor state"
"repository","supabase","supabase/migrations/20260725192202_8e76edf8-e6c1-40b9-8188-21c39fcbd8b9.sql","20260725192202","8e76edf8-e6c1-40b9-8188-21c39fcbd8b9","{""commit"":""8a962dac515a95d2d8917abf5d39edb3b6faee49"",""time"":""2026-07-25T19:22:05Z""}","49220c71e000cc9ae3dff260ccaf4bff5594d875","8db1ff0f371e7bbdcdda2474861f322836fa07c0877eacd093073dd3be647280","8db1ff0f371e7bbdcdda2474861f322836fa07c0877eacd093073dd3be647280","","false","","","","[]","not_exported_in_001B; no reconstructed ledger bytes assumed","","unresolved_current_ledger","ambiguous","requires_installed_inspection","","version-based runner may see source identity as pending; exact planned-set/status evidence required","not_approved; source SQL may mutate data/DDL/privileges or require historical predecessor state"
"repository","supabase","supabase/migrations/20260728111314_5d8f31d7-9819-4682-bf95-819ecc7fb3f0.sql","20260728111314","5d8f31d7-9819-4682-bf95-819ecc7fb3f0","{""commit"":""0fdbd78ecd00d649e37c3e61de131f4390c59563"",""time"":""2026-07-28T11:13:20Z""}","5a485be706eb14653a813cc983ff944a39cac7b8","2958210f2c69a7b11db2d04a8da59dd94740da1aac0043036ea7b299076bc0ae","a42a5cb8a9e161ff7c68cc17253faec48265d06b4f7819e01e30d92997b4ed7f","","false","","","","[]","not_exported_in_001B; no reconstructed ledger bytes assumed","","unresolved_current_ledger","ambiguous","requires_installed_inspection","","version-based runner may see source identity as pending; exact planned-set/status evidence required","not_approved; source SQL may mutate data/DDL/privileges or require historical predecessor state"
"repository","supabase","supabase/migrations/20260729061604_b0a70f6d-171d-4b91-ae94-3108a45983ad.sql","20260729061604","b0a70f6d-171d-4b91-ae94-3108a45983ad","{""commit"":""b5e60de7d38df970aaf9eb1a4eeeb0f691f4e87d"",""time"":""2026-07-29T06:16:11Z""}","b889ea5f8e122ee6941ba7a1c18bbede5a0c6c00","d4966fa522a26ffc4c322f5b8d6cbbeab2ac2dd5cdbd7df301295798d6f3b7d1","a3dd2f03b75224f3c6ab057f6d92d1ecce443946a1d058beef960bdbd732ffa7","","false","","","","[]","not_exported_in_001B; no reconstructed ledger bytes assumed","","unresolved_current_ledger","ambiguous","requires_installed_inspection","","version-based runner may see source identity as pending; exact planned-set/status evidence required","not_approved; source SQL may mutate data/DDL/privileges or require historical predecessor state"
"repository","supabase","supabase/migrations/20260730085821_18900070-315c-4ac1-8fec-fe778a52ca2d.sql","20260730085821","18900070-315c-4ac1-8fec-fe778a52ca2d","{""commit"":""10aa4fe104b6d4536dd68f186ecb5aa520e92e6b"",""time"":""2026-07-30T08:58:26Z""}","8126b0d1dcea49233bcbd2c30c3c06e09d6f69ef","361c37989a8cfbad83448a515636fbf84b908f4c7a162a81d96590d265d6fbfa","c4993e5d248f6b205392954db97faf442a688381ef8c1fc6cc4be371bfd9b1ec","","false","","","","[]","not_exported_in_001B; no reconstructed ledger bytes assumed","","unresolved_current_ledger","ambiguous","requires_installed_inspection","","version-based runner may see source identity as pending; exact planned-set/status evidence required","not_approved; source SQL may mutate data/DDL/privileges or require historical predecessor state"
"repository","supabase","supabase/migrations/20260731000908_dc2df35b-cb07-4797-9485-a858a32ebdfb.sql","20260731000908","dc2df35b-cb07-4797-9485-a858a32ebdfb","{""commit"":""68442da57a3132f44ee1ce2183d32e60fdc9fb9f"",""time"":""2026-07-31T00:09:13Z""}","139746f11a983bd8ff54de974059df2f45bacbd1","9b9cf70832b90c5cd13a4383a3980313726db790117d8f4322e809e8823da09e","4dbab7a3f24c463f3b60b4a26fd93a3587380020969fa9ab54907f62b6f8e285","","false","","","","[]","not_exported_in_001B; no reconstructed ledger bytes assumed","","unresolved_current_ledger","ambiguous","requires_installed_inspection","","version-based runner may see source identity as pending; exact planned-set/status evidence required","not_approved; source SQL may mutate data/DDL/privileges or require historical predecessor state"
"repository","supabase","supabase/migrations/20260731072756_3e051877-cae6-4323-9e35-a5b19fb63857.sql","20260731072756","3e051877-cae6-4323-9e35-a5b19fb63857","{""commit"":""389f4a0a1ad4309956496f6b5b370d15441c5353"",""time"":""2026-07-31T07:27:58Z""}","44d2698ff34610a4ba2854982628af2a918c3649","a33970dcff798ad565695b25e613813a0f773bc9bf2c3b19389d042c70e83005","291715ad2f984144bd0b101d5f6d182dc45e12312c6e3eb27b96a59bba5b7e36","","false","","","","[]","not_exported_in_001B; no reconstructed ledger bytes assumed","","unresolved_current_ledger","ambiguous","requires_installed_inspection","","version-based runner may see source identity as pending; exact planned-set/status evidence required","not_approved; source SQL may mutate data/DDL/privileges or require historical predecessor state"
"repository","supabase","supabase/migrations/20260731134850_336008d6-3bf4-4dcc-8f5d-53498b5591bf.sql","20260731134850","336008d6-3bf4-4dcc-8f5d-53498b5591bf","{""commit"":""acf0cf552dbc8df51d9224d4fa5a3af0da04ae1c"",""time"":""2026-07-31T13:48:55Z""}","679db831d6aae8a8a1f7e42dbed5e943c7f4dae6","9ab16aeaa3cdffe0a75c89b27225ad8913ef285c4cafaa164d654a276e65acc6","eb5350082aca9a8f89346de3eb6e4718f6a059596f18efc0021a29b3adc3f080","","false","","","","[]","not_exported_in_001B; no reconstructed ledger bytes assumed","","unresolved_current_ledger","ambiguous","requires_installed_inspection","","version-based runner may see source identity as pending; exact planned-set/status evidence required","not_approved; source SQL may mutate data/DDL/privileges or require historical predecessor state"
"repository","supabase","supabase/migrations/20260731184728_660b1bac-c685-45ae-8cf3-769f81061cbe.sql","20260731184728","660b1bac-c685-45ae-8cf3-769f81061cbe","{""commit"":""958ddb36ab25b4c1df26eb440b2e431fe96f9678"",""time"":""2026-07-31T18:47:30Z""}","444f693419b2641fac1459a99a189eeba87b4a0b","96c3347379d71f1ed631aae32ecabbef11c196a5ad0964bb7734d181f5142666","e89dedd646c0932dffec4632807b3c1ef691ef80417287a4a856498c3120e579","","false","","","","[]","not_exported_in_001B; no reconstructed ledger bytes assumed","","unresolved_current_ledger","ambiguous","requires_installed_inspection","","version-based runner may see source identity as pending; exact planned-set/status evidence required","not_approved; source SQL may mutate data/DDL/privileges or require historical predecessor state"
"repository","supabase","supabase/migrations/20260731191030_09de039a-7b1a-4eae-aa7e-38ed72dcec95.sql","20260731191030","09de039a-7b1a-4eae-aa7e-38ed72dcec95","{""commit"":""83659f2253fd1e60adfb19cdad9a0e5ab114aa68"",""time"":""2026-07-31T19:10:33Z""}","0befa30a8a541affa537c543eac559fd45611eb7","d449e3010e5c7585298b104d479a2c5c39f6c7879b0c85d76a886adcbfd0ae17","01f7a53b56129bbda6aaa1055f70d6b468f134e1e90780ddfd3b09a08fbc11db","","false","","","","[]","not_exported_in_001B; no reconstructed ledger bytes assumed","","unresolved_current_ledger","ambiguous","requires_installed_inspection","","version-based runner may see source identity as pending; exact planned-set/status evidence required","not_approved; source SQL may mutate data/DDL/privileges or require historical predecessor state"
"repository","supabase","supabase/migrations/20260801072843_d9a0f07b-28de-46b9-b42d-c8745f403090.sql","20260801072843","d9a0f07b-28de-46b9-b42d-c8745f403090","{""commit"":""520e75f2659e87df521f43d9f3f9172f493c5a66"",""time"":""2026-08-01T07:28:46Z""}","1600615f4e8951bd7f33dd80d86279f48da733d0","7532658b9f95b727c67f61352c1ae88e16c0c11002335d573a5be99cb04fdb15","e09c82a718562b7d4f8470957d5fa6b4a4c0c04df71c97aa7da4c6d4bf521cbd","","false","","","","[]","not_exported_in_001B; no reconstructed ledger bytes assumed","","unresolved_current_ledger","ambiguous","requires_installed_inspection","","version-based runner may see source identity as pending; exact planned-set/status evidence required","not_approved; source SQL may mutate data/DDL/privileges or require historical predecessor state"
"repository","supabase","supabase/migrations/20260802105148_0b328659-a25a-4b08-b54c-4db7a3cb8541.sql","20260802105148","0b328659-a25a-4b08-b54c-4db7a3cb8541","{""commit"":""2438f6452efa1b9025bb32aa73c5e04115e55978"",""time"":""2026-08-02T10:53:27Z""}","0cad8a8c6df79cfcf8fe45d064c3e9694ecf44ce","a62fa4ab22c8e09d541977bb2f6a9a1836e21bf4e07174b15074dbcf8003c394","241d284e09e7c60795909c889fea4a45d307b1a43a2380af30603173e35031f3","","false","","","","[]","not_exported_in_001B; no reconstructed ledger bytes assumed","","unresolved_current_ledger","ambiguous","requires_installed_inspection","","version-based runner may see source identity as pending; exact planned-set/status evidence required","not_approved; source SQL may mutate data/DDL/privileges or require historical predecessor state"
"repository","supabase","supabase/migrations/20260803073138_e03eabb9-9ffc-4641-bbee-1c14b7ac4a88.sql","20260803073138","e03eabb9-9ffc-4641-bbee-1c14b7ac4a88","{""commit"":""07e836e957bb195528e8d3f136d1ad063d36ffa9"",""time"":""2026-08-03T07:45:38Z""}","9906a4f4ef4f06f7d4f5907d454fe39b4c9b8344","0857a7262119416e9bab3fd53fdda08d3efda963ea2f898d9b4db722726beb5e","d0b27254b572a598d9a997a85ba73b8b2da5890eb2699742303c0addf286bf95","","false","","","","[]","not_exported_in_001B; no reconstructed ledger bytes assumed","","unresolved_current_ledger","ambiguous","requires_installed_inspection","","version-based runner may see source identity as pending; exact planned-set/status evidence required","not_approved; source SQL may mutate data/DDL/privileges or require historical predecessor state"
"repository","supabase","supabase/migrations/20260803075146_40fb869f-6ec0-4900-8e46-7aea5c28c29d.sql","20260803075146","40fb869f-6ec0-4900-8e46-7aea5c28c29d","{""commit"":""61e1c74328996147bc6eed689c0e1461417a2523"",""time"":""2026-08-03T07:51:51Z""}","a0f46ee64b3b1bde9f0aa415bea455a7f6645491","82250bdaa20482363be25c8c4b2ffe2a3166d47e51f76ed599c6e9c35f4346ee","77a8c7a3da07367771afe2e1ab17489de6213706d2ef1fd00b050b9982a85d11","","false","","","","[]","not_exported_in_001B; no reconstructed ledger bytes assumed","","unresolved_current_ledger","ambiguous","requires_installed_inspection","","version-based runner may see source identity as pending; exact planned-set/status evidence required","not_approved; source SQL may mutate data/DDL/privileges or require historical predecessor state"
"repository","supabase","supabase/migrations/20260803193917_cb337c6d-67d9-4a73-93c2-45fc4f8ddc4d.sql","20260803193917","cb337c6d-67d9-4a73-93c2-45fc4f8ddc4d","{""commit"":""6ea8f64f408cd479a016b14c96b5c1c652660682"",""time"":""2026-08-03T19:39:23Z""}","1ab666bf37816a0ce723ea4aadb20d2f31a07c1a","f55cb60dff0db4ee630327e62cfdd79d5ab943f95ac42593a5be40fe5052f91e","b0cfea5ac12f62c744ce6a85308b84a9c5232e760f5a73b7f35f2282d02456c9","","false","","","","[]","not_exported_in_001B; no reconstructed ledger bytes assumed","","unresolved_current_ledger","ambiguous","requires_installed_inspection","","version-based runner may see source identity as pending; exact planned-set/status evidence required","not_approved; source SQL may mutate data/DDL/privileges or require historical predecessor state"
"repository","supabase","supabase/migrations/20260803194052_b82ccee3-79e4-4ef8-b8c1-7eacc2b5d1de.sql","20260803194052","b82ccee3-79e4-4ef8-b8c1-7eacc2b5d1de","{""commit"":""f36cf8d0e3d1fd05e226828a1b47d2fb1239b57a"",""time"":""2026-08-03T19:40:58Z""}","df66fe695e3af1674a6e75d882d859a6b789c979","5163ca0fcfec6d3f82dac17aee9498fd79953146e09f963a43cdff77ac6a4b74","67cd44f23d8e8c542154a8941d7c1fd28db05c783b221310017dd3317b6f8a1d","","false","","","","[]","not_exported_in_001B; no reconstructed ledger bytes assumed","","unresolved_current_ledger","ambiguous","requires_installed_inspection","","version-based runner may see source identity as pending; exact planned-set/status evidence required","not_approved; source SQL may mutate data/DDL/privileges or require historical predecessor state"
"repository","supabase","supabase/migrations/20260803194125_3806c204-65e1-41b7-b37c-34a3665c5d22.sql","20260803194125","3806c204-65e1-41b7-b37c-34a3665c5d22","{""commit"":""ad5207cc680ddc86f5efc32de94581480fc4b2af"",""time"":""2026-08-03T19:41:31Z""}","3118e812b33ae2e889ac20edc7a282264ea677a1","8bb5b4fd536bb06eda80b43f6b42a6fdd98954a13119a2f59e470d09a439fa41","4c16828e57184a3181c2a250d2261032ca19d09b9f41ddca9f871773583ed3c0","","false","","","","[]","not_exported_in_001B; no reconstructed ledger bytes assumed","","unresolved_current_ledger","ambiguous","requires_installed_inspection","","version-based runner may see source identity as pending; exact planned-set/status evidence required","not_approved; source SQL may mutate data/DDL/privileges or require historical predecessor state"
"repository","supabase","supabase/migrations/20260803195451_d4383cef-117f-44fe-ada4-edb092606c84.sql","20260803195451","d4383cef-117f-44fe-ada4-edb092606c84","{""commit"":""40e1d9a75bb07fa3f9a4af2809c5fb3285a6a609"",""time"":""2026-08-03T19:54:54Z""}","2f6e0385421097b923e57f40460c3c5fe6f2792d","306c49bd0b40fd80c3e2426b4436f542058cc2fd68a33258242ef2d87e99b128","a526b83225f8ff665e599dbf244bd10a2620aea3dcaa74df6a404c03a6eb70ea","","false","","","","[]","not_exported_in_001B; no reconstructed ledger bytes assumed","","unresolved_current_ledger","ambiguous","requires_installed_inspection","","version-based runner may see source identity as pending; exact planned-set/status evidence required","not_approved; source SQL may mutate data/DDL/privileges or require historical predecessor state"
"repository","supabase","supabase/migrations/20260803200103_0c9cd581-43b2-450c-a8f3-01e1476bea4e.sql","20260803200103","0c9cd581-43b2-450c-a8f3-01e1476bea4e","{""commit"":""30dac25b4e29143f972e61166fd0b16ebbcd50b0"",""time"":""2026-08-03T20:01:10Z""}","c2eae95126ed313cd437fce84ab41328be8b5c4c","93e9b3f5ae202f28a0bf3d8a6149b38281c4ec377dca11401e2ea1fa8c8c04ad","16829a45870568f1b0237847e32929db7d45315a8c6ce245eb68b2bb729fa113","","false","","","","[]","not_exported_in_001B; no reconstructed ledger bytes assumed","","unresolved_current_ledger","ambiguous","requires_installed_inspection","","version-based runner may see source identity as pending; exact planned-set/status evidence required","not_approved; source SQL may mutate data/DDL/privileges or require historical predecessor state"
"repository","supabase","supabase/migrations/20260803201804_b77984d1-3a52-4ef4-9f15-1563265c56a3.sql","20260803201804","b77984d1-3a52-4ef4-9f15-1563265c56a3","{""commit"":""547abae7ac92348dba572af7891905d056a62b93"",""time"":""2026-08-03T20:18:08Z""}","0c228f2909c1686ecc1f9199c91e5cf0bef9023f","01781afc61ca694cb2d5ef342a2d231ab8e1eddd903d74e439295c5e6286081e","f4f432dde4c5e1ae9819362c728a60e0d15d17920dd279cb9d1bd5644e2ad4cc","","false","","","","[]","not_exported_in_001B; no reconstructed ledger bytes assumed","","unresolved_current_ledger","ambiguous","requires_installed_inspection","","version-based runner may see source identity as pending; exact planned-set/status evidence required","not_approved; source SQL may mutate data/DDL/privileges or require historical predecessor state"
"repository","supabase","supabase/migrations/20260803224008_0f1ea9f4-6c18-42fe-b6da-61231eb49903.sql","20260803224008","0f1ea9f4-6c18-42fe-b6da-61231eb49903","{""commit"":""e1d66381d6f7ef69fa87a2d48e91dea1b1940244"",""time"":""2026-08-03T22:55:06Z""}","31b3f0b623a53fb487634ccc4aeedff8c03279fe","d89f1d4af0908899f1cf13efd27cc3f38b1f79cdd7c85ad12855bdcfffd6d8b1","62bddf07d74fb54d89a303a57330cfd201c899de64a726560cb2d65f6f38e3eb","","false","","","","[]","not_exported_in_001B; no reconstructed ledger bytes assumed","","unresolved_current_ledger","ambiguous","requires_installed_inspection","","version-based runner may see source identity as pending; exact planned-set/status evidence required","not_approved; source SQL may mutate data/DDL/privileges or require historical predecessor state"
"repository","supabase","supabase/migrations/20260803232302_acc7c4e5-4148-48c0-8f35-8c2299e23944.sql","20260803232302","acc7c4e5-4148-48c0-8f35-8c2299e23944","{""commit"":""e1110b44183616c0cf41e2c07b8fb233b2757a23"",""time"":""2026-08-03T23:23:09Z""}","9babf094cd99a37753bc53b9207896017be46e34","3343e7d904ca6bdbd8b28c9e2a1f0257b9a9b42e7a3b0bd7f20593e19eed340a","647c002fe2eff6f2ca45265edbab8ab4bb8984ca809e0078423ab95c36ee488b","","false","","","","[]","not_exported_in_001B; no reconstructed ledger bytes assumed","","unresolved_current_ledger","ambiguous","requires_installed_inspection","","version-based runner may see source identity as pending; exact planned-set/status evidence required","not_approved; source SQL may mutate data/DDL/privileges or require historical predecessor state"
"repository","supabase","supabase/migrations/20260805185103_b8924e02-7328-4878-a630-d1d490bfa791.sql","20260805185103","b8924e02-7328-4878-a630-d1d490bfa791","{""commit"":""e572992bb8ac60876e24c14ff683c05b9e8fcd08"",""time"":""2026-08-05T18:51:12Z""}","62f95735e335aa5bf9d8e4224d09022d14fcc8c7","a4b5b63626700cd6ee91293302600e7084c22cfc8b5af9592bd3776176af494e","5e83bb2a4531409e88cfb9236765e90e3558a9abec3699ceeca9fa37f2b21886","","false","","","","[]","not_exported_in_001B; no reconstructed ledger bytes assumed","","unresolved_current_ledger","ambiguous","requires_installed_inspection","","version-based runner may see source identity as pending; exact planned-set/status evidence required","not_approved; source SQL may mutate data/DDL/privileges or require historical predecessor state"
"repository","supabase","supabase/migrations/20260805204251_7df22c14-6511-426c-b2f7-ffe4ee117a2f.sql","20260805204251","7df22c14-6511-426c-b2f7-ffe4ee117a2f","{""commit"":""25741d38ec3ffb204a08cd459ad4035a3d4d9e41"",""time"":""2026-08-05T20:42:55Z""}","08bdaef4698a9e18edb029c8c8991f099dcb3712","3f65e863052d9757d4ea5196d40fd39dbd786b954fff51eee4a6c3ab46699120","9ee986d31379000f348cde58cad4efec98624de737839c5155145f81d0aeba4c","","false","","","","[]","not_exported_in_001B; no reconstructed ledger bytes assumed","","unresolved_current_ledger","ambiguous","requires_installed_inspection","","version-based runner may see source identity as pending; exact planned-set/status evidence required","not_approved; source SQL may mutate data/DDL/privileges or require historical predecessor state"
"repository","supabase","supabase/migrations/20260805211810_a34026ef-b350-43fc-ad20-cbe55694b7a1.sql","20260805211810","a34026ef-b350-43fc-ad20-cbe55694b7a1","{""commit"":""5289cba78ccbb944606539e67dfc124fd2c64cee"",""time"":""2026-08-05T21:18:14Z""}","e7ba0716f285f74fa29fa2f34ace2b6ab52161da","7cf95644c9f64260a313985a5fece59d531a0c92cf49ef5e404b3790fa1b7091","4b1b10bc1ec94b16627f60b722dc569e79f1ce8764dd06d847742f5b6fbb3cb3","","false","","","","[]","not_exported_in_001B; no reconstructed ledger bytes assumed","","unresolved_current_ledger","ambiguous","requires_installed_inspection","","version-based runner may see source identity as pending; exact planned-set/status evidence required","not_approved; source SQL may mutate data/DDL/privileges or require historical predecessor state"
"repository","supabase","supabase/migrations/20260805215015_65064019-c350-4332-9bdb-ecbda0dc7696.sql","20260805215015","65064019-c350-4332-9bdb-ecbda0dc7696","{""commit"":""d5f6ae624258f7ebc5550e5d963193ca45ecbf3e"",""time"":""2026-08-05T21:50:20Z""}","92b317d49e9d406945f6bbf9f42858c6cb09728f","2d82fd26b2963659765eebda5e0efb7963a153d845b0cc92907fdaf4e0bf996f","b91dfeed4a2cefb6ce5af8b97d4e00b3cf855c4be48150b3fc79b7cee0af45d4","","false","","","","[]","not_exported_in_001B; no reconstructed ledger bytes assumed","","unresolved_current_ledger","ambiguous","requires_installed_inspection","","version-based runner may see source identity as pending; exact planned-set/status evidence required","not_approved; source SQL may mutate data/DDL/privileges or require historical predecessor state"
"repository","supabase","supabase/migrations/20260805220755_478ab9b8-1537-47c5-a175-c875303c3881.sql","20260805220755","478ab9b8-1537-47c5-a175-c875303c3881","{""commit"":""38591b73443d951c984f29a3efcbdf1c38a8381d"",""time"":""2026-08-05T22:08:04Z""}","6a729afe5017e978d7a086173c7b59c9a0bd6a3b","a887b027886611ddd9e32d3e72fb64acb85b67ef33f40c8c0c9eb7ac1ac2f2f5","8ce97a475d5150d10cfc5377f7ea1bf052703c20fdc5f268efc754c245be4b75","","false","","","","[]","not_exported_in_001B; no reconstructed ledger bytes assumed","","unresolved_current_ledger","ambiguous","requires_installed_inspection","","version-based runner may see source identity as pending; exact planned-set/status evidence required","not_approved; source SQL may mutate data/DDL/privileges or require historical predecessor state"
"repository","supabase","supabase/migrations/20260805222521_c769e08a-c5b8-450c-9fbd-60863b206fde.sql","20260805222521","c769e08a-c5b8-450c-9fbd-60863b206fde","{""commit"":""4961a11c36d294650d9caedfb4d25fcfa9aa7fc9"",""time"":""2026-08-05T22:25:31Z""}","ef733ca0e16f3cee50d9c87592b0fbc4d498fb0c","be348df102cf6fddaa0c92e812aff300575a647e5637d51800bd7375ff330974","46bbef7bfe12068dff687815feaaf7728c1256cb726e2269f1730d01de1ac0b9","","false","","","","[]","not_exported_in_001B; no reconstructed ledger bytes assumed","","unresolved_current_ledger","ambiguous","requires_installed_inspection","","version-based runner may see source identity as pending; exact planned-set/status evidence required","not_approved; source SQL may mutate data/DDL/privileges or require historical predecessor state"
"repository","supabase","supabase/migrations/20260805222715_ccc0093c-15c8-4d5f-ad96-befb18c103e4.sql","20260805222715","ccc0093c-15c8-4d5f-ad96-befb18c103e4","{""commit"":""20cdffb7f6f545749029f8699df5f434ebb2f5cc"",""time"":""2026-08-05T22:27:18Z""}","511901378f2d224d1acaf55691310ec01873863b","092cfabc14687e363980845274503cf703cf1264734873a4ebd52217b5d40b47","9a5b7e51d6c2d99e0040cc4de1ad64c1040d4abe763c9bdf188a2b61892bbb99","","false","","","","[]","not_exported_in_001B; no reconstructed ledger bytes assumed","","unresolved_current_ledger","ambiguous","requires_installed_inspection","","version-based runner may see source identity as pending; exact planned-set/status evidence required","not_approved; source SQL may mutate data/DDL/privileges or require historical predecessor state"
"repository","supabase","supabase/migrations/20260805223734_f8e72ed3-9acf-4821-8703-d23ef8f11dc1.sql","20260805223734","f8e72ed3-9acf-4821-8703-d23ef8f11dc1","{""commit"":""7791fb0ef1bb2e8dbbb037da609c639a11fd302c"",""time"":""2026-08-05T22:37:40Z""}","07f7aae148d4e8bb52e1969768111e19481a601d","a8bd259880f5ab40658db363e33dca10a8a861a318efaa765dfe55e7b17dbd52","53b827771751d6ae2e04565df2b6136f51cccc00618cbbf289d5b7dfe6286302","","false","","","","[]","not_exported_in_001B; no reconstructed ledger bytes assumed","","unresolved_current_ledger","ambiguous","requires_installed_inspection","","version-based runner may see source identity as pending; exact planned-set/status evidence required","not_approved; source SQL may mutate data/DDL/privileges or require historical predecessor state"
"repository","supabase","supabase/migrations/20260805224606_f6ed9e48-d97a-4fd1-b79a-dceca76b50d5.sql","20260805224606","f6ed9e48-d97a-4fd1-b79a-dceca76b50d5","{""commit"":""1a140283f0cdbb6063324979db5c7cbe3cf6b48a"",""time"":""2026-08-05T22:46:10Z""}","91693a8d1332b162cdcfe37f9fb91af3bb6de30b","5c23f5aa134b5ad924cc3360496003769eea816d56b834f5f1c92b1d0721ad0f","d889fe8461ba6f4b42881188747e2b687ab941a0f0f45a5a20d8bc38b2526e0b","","false","","","","[]","not_exported_in_001B; no reconstructed ledger bytes assumed","","unresolved_current_ledger","ambiguous","requires_installed_inspection","","version-based runner may see source identity as pending; exact planned-set/status evidence required","not_approved; source SQL may mutate data/DDL/privileges or require historical predecessor state"
"repository","supabase","supabase/migrations/20260805230045_529d8f2e-9791-442b-83db-a48569d105b1.sql","20260805230045","529d8f2e-9791-442b-83db-a48569d105b1","{""commit"":""cc4d770e3997a4bd3545c36a2042a3cce93f767f"",""time"":""2026-08-05T23:00:51Z""}","3cc560f574f63493c0a084fc585fa2d008d8d350","c165bfe2ae05587384d95983343bda67eae00f11c7ef05774b527a97faa3e30a","118b4385bd8870fd8fa3aa85a06055ce01fec3ced853b6418de5f944c147957e","","false","","","","[]","not_exported_in_001B; no reconstructed ledger bytes assumed","","unresolved_current_ledger","ambiguous","requires_installed_inspection","","version-based runner may see source identity as pending; exact planned-set/status evidence required","not_approved; source SQL may mutate data/DDL/privileges or require historical predecessor state"
"repository","supabase","supabase/migrations/20260805231555_beb15a41-5968-44a8-911c-4065cd1be3d8.sql","20260805231555","beb15a41-5968-44a8-911c-4065cd1be3d8","{""commit"":""63515f8fee84832ec252dcd11a709eb3b89a98c1"",""time"":""2026-08-05T23:16:04Z""}","bd61859370d9fc234c8101c9ee701a6f99622bdb","a114f100f1470d342da48ab305eb39aa71cc253643a20701a81d6d21bc16ef1b","8ac04cd158784bf086c2ea6c121df08cbd66237a90a9b51ceb2d9f3766f35ce3","","false","","","","[]","not_exported_in_001B; no reconstructed ledger bytes assumed","","unresolved_current_ledger","ambiguous","requires_installed_inspection","","version-based runner may see source identity as pending; exact planned-set/status evidence required","not_approved; source SQL may mutate data/DDL/privileges or require historical predecessor state"
"repository","supabase","supabase/migrations/20260805232753_efb994e5-83b9-4dd8-82ba-e5d09e09ecfd.sql","20260805232753","efb994e5-83b9-4dd8-82ba-e5d09e09ecfd","{""commit"":""350a90296ec675d1fa4dcf7ecd7a26bd3bbd5753"",""time"":""2026-08-05T23:27:56Z""}","27067050fe7a0e721117dfdd2f0299e0e96bafb9","074220df6ba087a580a6f533336f2e1f8d6cd50a4025ed883a52bd8e17e5afb7","b40bc62d720b7d350ec959746b81b18a1ba1f2e966946d83ce7c385532594e3f","","false","","","","[]","not_exported_in_001B; no reconstructed ledger bytes assumed","","unresolved_current_ledger","ambiguous","requires_installed_inspection","","version-based runner may see source identity as pending; exact planned-set/status evidence required","not_approved; source SQL may mutate data/DDL/privileges or require historical predecessor state"
"repository","supabase","supabase/migrations/20260806085311_ef37cf28-a12c-4e23-861d-5aa58fce2d50.sql","20260806085311","ef37cf28-a12c-4e23-861d-5aa58fce2d50","{""commit"":""7cebe305e0180acd8c38ba85fa67698f60b245df"",""time"":""2026-08-06T08:53:16Z""}","b4ed53f333ceead571d80658b878dc19073c0a52","257942f115980eea814a5272eb769374715b2bf4ce1190a19c7bc03ce977f913","17b74d5b3fca001642d285fad6f15757f8ddcf5b70158baa7e0b94cdaf6be449","","false","","","","[]","not_exported_in_001B; no reconstructed ledger bytes assumed","","unresolved_current_ledger","ambiguous","requires_installed_inspection","","version-based runner may see source identity as pending; exact planned-set/status evidence required","not_approved; source SQL may mutate data/DDL/privileges or require historical predecessor state"
"repository","supabase","supabase/migrations/20260806090825_c536ea80-a143-4fee-8451-6a25b2eb496f.sql","20260806090825","c536ea80-a143-4fee-8451-6a25b2eb496f","{""commit"":""b417df53190d295d42d5ad8069a900c48486bfef"",""time"":""2026-08-06T09:08:29Z""}","5f3d0ab8c3652efacf7e4ae1a973cf005f751b84","18571b43d6c0deb50c53ba559d1517cd590a6713e10f662bf5962ca26af9eda6","e12d45da90280793f44ef6df7af8ba035de929a3dfbb0ee76c67e302cedd4f35","","false","","","","[]","not_exported_in_001B; no reconstructed ledger bytes assumed","","unresolved_current_ledger","ambiguous","requires_installed_inspection","","version-based runner may see source identity as pending; exact planned-set/status evidence required","not_approved; source SQL may mutate data/DDL/privileges or require historical predecessor state"
"repository","supabase","supabase/migrations/20260806095047_39981619-d770-4067-92bb-ca4e67b78be5.sql","20260806095047","39981619-d770-4067-92bb-ca4e67b78be5","{""commit"":""e8145b4bc3ecda21dfebe3bc0293f67552185caa"",""time"":""2026-08-06T09:50:51Z""}","8ef040d37e567a873815c8242c94f9d660308291","254d11631b8cb93503873a7d22699040b834c03167b0273a7f914faa93be4e0f","a4b7bdbc4392f28b79e9ab150d720ddf2e67375d55aa520653a80d2e2b2c2c90","","false","","","","[]","not_exported_in_001B; no reconstructed ledger bytes assumed","","unresolved_current_ledger","ambiguous","requires_installed_inspection","","version-based runner may see source identity as pending; exact planned-set/status evidence required","not_approved; source SQL may mutate data/DDL/privileges or require historical predecessor state"
"repository","supabase","supabase/migrations/20260806095831_0cf059c6-c87a-45b4-b9d5-9ee3178708e9.sql","20260806095831","0cf059c6-c87a-45b4-b9d5-9ee3178708e9","{""commit"":""2fb5288e4e42a7071d1a67c3f32bbcfea866063a"",""time"":""2026-08-06T09:58:35Z""}","b92f504eb02fbc8a8624db5fc547dfdd7e0e8bdf","9fb09076c00c06cf3b62c07c0f82d46b09dd39e92d89d531f9e51cb1bf0c5ce1","d66b75fd57ff9cc88e5ad96a9932a184fd094a548085c64308cd84ce59357b57","","false","","","","[]","not_exported_in_001B; no reconstructed ledger bytes assumed","","unresolved_current_ledger","ambiguous","requires_installed_inspection","","version-based runner may see source identity as pending; exact planned-set/status evidence required","not_approved; source SQL may mutate data/DDL/privileges or require historical predecessor state"
"repository","supabase","supabase/migrations/20260806100525_270be6f8-4a00-45cc-87fc-10ff3c2fa288.sql","20260806100525","270be6f8-4a00-45cc-87fc-10ff3c2fa288","{""commit"":""7bc5f356b86e3d7943a5f98b4f8b53243a89df7f"",""time"":""2026-08-06T10:05:31Z""}","0cba53ab261b8ff94a85ee4f6d5a9d95c3dbb1d3","7c1596aef801918a28fe2e57738673e7ba398d67ef32f622b87aab7584b8e89d","3eb710959d97083ef23c567056a85e04bf456719fbfe449b6cc6f5a5d39f412a","","false","","","","[]","not_exported_in_001B; no reconstructed ledger bytes assumed","","unresolved_current_ledger","ambiguous","requires_installed_inspection","","version-based runner may see source identity as pending; exact planned-set/status evidence required","not_approved; source SQL may mutate data/DDL/privileges or require historical predecessor state"
"repository","supabase","supabase/migrations/20260806114323_1e550825-efc3-463b-ab7b-a33654e9de49.sql","20260806114323","1e550825-efc3-463b-ab7b-a33654e9de49","{""commit"":""b4928282c8b28294c4850e0bce086ef47125aabf"",""time"":""2026-08-06T11:52:05Z""}","175b7ed68fc2248edbcf9303897dab7a3e670ca4","d19e660dd5231fa5533790a17e8cd53548d6836cf1dd990e0f0df69de196db43","694665c6f5b21e9b4203c87071376fdd21f7f651145277f509698b7b929960b7","","false","","","","[]","not_exported_in_001B; no reconstructed ledger bytes assumed","","unresolved_current_ledger","ambiguous","requires_installed_inspection","","version-based runner may see source identity as pending; exact planned-set/status evidence required","not_approved; source SQL may mutate data/DDL/privileges or require historical predecessor state"
"repository","supabase","supabase/migrations/20260806114647_94fe1383-f2e9-4b09-90ee-08e5089c9c26.sql","20260806114647","94fe1383-f2e9-4b09-90ee-08e5089c9c26","{""commit"":""b4928282c8b28294c4850e0bce086ef47125aabf"",""time"":""2026-08-06T11:52:05Z""}","35583258301f5541e3c51314fd6a4b871ad9c677","0ad413ba0ad44284aae9b525e2e0628bf0a5569b6302b9d1243de0bc13cc6d67","6fb7a2efcf5af8166598286759276f637cc3c8decce0e2aec8b99119406c930c","","false","","","","[]","not_exported_in_001B; no reconstructed ledger bytes assumed","","unresolved_current_ledger","ambiguous","requires_installed_inspection","","version-based runner may see source identity as pending; exact planned-set/status evidence required","not_approved; source SQL may mutate data/DDL/privileges or require historical predecessor state"
"repository","supabase","supabase/migrations/20260806211045_48a92cf4-6953-410e-9c95-785cc635818d.sql","20260806211045","48a92cf4-6953-410e-9c95-785cc635818d","{""commit"":""4e8676a285d41c01791cba3238b029f9dd904042"",""time"":""2026-08-06T21:10:50Z""}","8fb1410599bc9238725b6bff51186f0e5c1473ff","9db8d3f77fa3a832605908d5d604e6b9b41069bbdd625b1c047a0b46d00835b2","af91df74f19721e4cb2cc093f631bf197dc89513ba1097d9228af78eca99761e","","false","","","","[]","not_exported_in_001B; no reconstructed ledger bytes assumed","","unresolved_current_ledger","ambiguous","requires_installed_inspection","","version-based runner may see source identity as pending; exact planned-set/status evidence required","not_approved; source SQL may mutate data/DDL/privileges or require historical predecessor state"
"repository","supabase","supabase/migrations/20260806211122_4d9f6424-83bb-4bb2-97d1-ef45c6579336.sql","20260806211122","4d9f6424-83bb-4bb2-97d1-ef45c6579336","{""commit"":""7e55fdc7f7611a3573a83c929268041e6c34bb75"",""time"":""2026-08-06T21:11:25Z""}","b86c1285ff10c0db35cc20fa2f5dc2e2542e0d59","286b65c6eaf606ed5c14e6bb50c4dc03082438068953faaddff19f6388e1a29f","a8987264514259fb8e7cc128e21527edcfeee31389847bfbf4f770aa557d3ace","","false","","","","[]","not_exported_in_001B; no reconstructed ledger bytes assumed","","unresolved_current_ledger","ambiguous","requires_installed_inspection","","version-based runner may see source identity as pending; exact planned-set/status evidence required","not_approved; source SQL may mutate data/DDL/privileges or require historical predecessor state"
"repository","supabase","supabase/migrations/20260806211303_93a775e5-e551-41cc-8729-06650f5ef5a5.sql","20260806211303","93a775e5-e551-41cc-8729-06650f5ef5a5","{""commit"":""ee20faa9875361dcea591a5af16bdddad84de4dd"",""time"":""2026-08-06T21:13:06Z""}","b59b4382e1c57cef76737f06006278e5421a82ab","61bd98102fd65513b26c6586d8019e1a6d72b61009a386aa9b4f4130a63c707c","9bc706ea84553902a83dbc9e3a5d7acf966e08fafad62d1a0710f2b1b7ba1d19","","false","","","","[]","not_exported_in_001B; no reconstructed ledger bytes assumed","","unresolved_current_ledger","ambiguous","requires_installed_inspection","","version-based runner may see source identity as pending; exact planned-set/status evidence required","not_approved; source SQL may mutate data/DDL/privileges or require historical predecessor state"
"repository","supabase","supabase/migrations/20260807065334_62949d9d-2499-482f-8cb0-dc4bb626d148.sql","20260807065334","62949d9d-2499-482f-8cb0-dc4bb626d148","{""commit"":""91043f46272d88060bcdc26d71ab1e758a1980cb"",""time"":""2026-08-07T07:02:22Z""}","a84db070a6111d3f871848cfaec90faa9451332a","d49e617d148419d754c94633a495168066791d48bbfbff2f8d849dda6aee7840","aaf876e5de8fe2c2c590580046f2792b8989d5f2f237dccecb0298119728ed2e","","false","","","","[]","not_exported_in_001B; no reconstructed ledger bytes assumed","","unresolved_current_ledger","ambiguous","requires_installed_inspection","","version-based runner may see source identity as pending; exact planned-set/status evidence required","not_approved; source SQL may mutate data/DDL/privileges or require historical predecessor state"
"repository","supabase","supabase/migrations/20260807085348_765b7d06-0b75-4850-9581-0e17bf90345f.sql","20260807085348","765b7d06-0b75-4850-9581-0e17bf90345f","{""commit"":""c1e0a99cbaf30d98935ec549908a0617257cfe63"",""time"":""2026-08-07T08:58:28Z""}","9496d77722c6d79405034e13d1173364b34a8dd1","30f25c0753492b64f1a21b607212f4ca9eaf43e2366652a228459f869dc4c6dc","b48e4a4ce016db098ad9953d7dba06fad5091138aefb85665f8d2f0ddbbb54bc","","false","","","","[]","not_exported_in_001B; no reconstructed ledger bytes assumed","","unresolved_current_ledger","ambiguous","requires_installed_inspection","","version-based runner may see source identity as pending; exact planned-set/status evidence required","not_approved; source SQL may mutate data/DDL/privileges or require historical predecessor state"
"repository","supabase","supabase/migrations/20260807105803_b59312e8-6680-48c5-b181-2c7857dc1cb6.sql","20260807105803","b59312e8-6680-48c5-b181-2c7857dc1cb6","{""commit"":""96b5a62f89f09f949eb6db8fca2e471deca67b55"",""time"":""2026-08-07T11:04:58Z""}","4677bfab3d4365abe7b1666c68b351915849dca2","d3bcc11e662325413abe6dcb64880a600ff36b867b5291bf4994a4f497bc82d2","b6ba42544f231456b4e8a74c3dbe085bbe49be9adbe4c192b59f087c6f4880b3","","false","","","","[]","not_exported_in_001B; no reconstructed ledger bytes assumed","","unresolved_current_ledger","ambiguous","requires_installed_inspection","","version-based runner may see source identity as pending; exact planned-set/status evidence required","not_approved; source SQL may mutate data/DDL/privileges or require historical predecessor state"
"repository","supabase","supabase/migrations/20260807105912_50ea3742-79f4-42f4-bec2-79ca6bc277dd.sql","20260807105912","50ea3742-79f4-42f4-bec2-79ca6bc277dd","{""commit"":""96b5a62f89f09f949eb6db8fca2e471deca67b55"",""time"":""2026-08-07T11:04:58Z""}","fa2a0b3ee10cfc0cc07f82fec5288a8a818d5396","df44786314bf6e1e3b48e811f6ba2e9dbbb60648f27efa96d6ea51f17c8fcd44","2d0fe32d1e7312f7ab96cdece69c65cd2f1768e4203e5ea944294b6dc6447578","","false","","","","[]","not_exported_in_001B; no reconstructed ledger bytes assumed","","unresolved_current_ledger","ambiguous","requires_installed_inspection","","version-based runner may see source identity as pending; exact planned-set/status evidence required","not_approved; source SQL may mutate data/DDL/privileges or require historical predecessor state"
"repository","supabase","supabase/migrations/20260807142746_699c6484-087d-4a45-ae9a-388447fe4ed4.sql","20260807142746","699c6484-087d-4a45-ae9a-388447fe4ed4","{""commit"":""c52b4bfc6374785b99bfca4418fd372ec0d10268"",""time"":""2026-08-07T14:27:50Z""}","9132ea3a893bc740a4eae82f125a8afd8e6bcfec","6b7c44d820ccaa5bf3d20de3a97e5bf2b2e563c0f6e26150650d0c060a5b87a7","ad15ea34ed3e1096b2d7a8401fd8fbaa1eb23f0e49c956a3fec91450f2023ab5","","false","","","","[]","not_exported_in_001B; no reconstructed ledger bytes assumed","","unresolved_current_ledger","ambiguous","requires_installed_inspection","","version-based runner may see source identity as pending; exact planned-set/status evidence required","not_approved; source SQL may mutate data/DDL/privileges or require historical predecessor state"
"repository","supabase","supabase/migrations/20260807143727_de0034e1-e828-4038-9113-3af66d1dafe4.sql","20260807143727","de0034e1-e828-4038-9113-3af66d1dafe4","{""commit"":""b375ae16325b525aa48fab80e48748ffd1ba2bb7"",""time"":""2026-08-07T14:37:36Z""}","0a28af19575a2dfe512954141db32f741cffd8ca","26bb316825faf4f023b8667178880aeafff2b393265ca5ac9337236a3a159e22","396f609be422bc746bbfa079f6a63d26bf10f9344ee8e6f32369d833cebe3a64","","false","","","","[]","not_exported_in_001B; no reconstructed ledger bytes assumed","","unresolved_current_ledger","ambiguous","requires_installed_inspection","","version-based runner may see source identity as pending; exact planned-set/status evidence required","not_approved; source SQL may mutate data/DDL/privileges or require historical predecessor state"
"repository","supabase","supabase/migrations/20260807213449_52fed8a0-2db1-4982-8043-3fd28e594485.sql","20260807213449","52fed8a0-2db1-4982-8043-3fd28e594485","{""commit"":""1ff5efe0426fd89fa439492b0296901f49bbf0b7"",""time"":""2026-08-07T21:34:53Z""}","508137b46aa00b7d2654a3ef8e2a00a533de1684","a9ffc598807b45e7f90502159d1bc9d48050dbab1ebbb358623a48e8bba5823f","66dcc3e80a6f1cbe36902a49a90a6823f7fbe6c07bc06d1d3c53053fc1d71845","","false","","","","[]","not_exported_in_001B; no reconstructed ledger bytes assumed","","unresolved_current_ledger","ambiguous","requires_installed_inspection","","version-based runner may see source identity as pending; exact planned-set/status evidence required","not_approved; source SQL may mutate data/DDL/privileges or require historical predecessor state"
"repository","supabase","supabase/migrations/20260808192847_7b27b621-8917-4bf1-a1d4-7cebc4141b04.sql","20260808192847","7b27b621-8917-4bf1-a1d4-7cebc4141b04","{""commit"":""d6f4564842138d8fd6ad1466dc0b6a74be7b4bd0"",""time"":""2026-08-08T19:28:52Z""}","fc3faf4a1fcbf5fe372c5ccd38fff3057748c7a3","b51327fe5d52a2ade04f74bcf651aaaf72f90c5543c6061824a87cd581a9b7d2","87ac52a800371a076b284d1522f4396338b8912c041585348814dd29fb12d696","","false","","","","[]","not_exported_in_001B; no reconstructed ledger bytes assumed","","unresolved_current_ledger","ambiguous","requires_installed_inspection","","version-based runner may see source identity as pending; exact planned-set/status evidence required","not_approved; source SQL may mutate data/DDL/privileges or require historical predecessor state"
"repository","supabase","supabase/migrations/20260808202422_bc566854-9170-487a-8fd1-2207a9b469ac.sql","20260808202422","bc566854-9170-487a-8fd1-2207a9b469ac","{""commit"":""beff1f54b8ed569072a9d8275dd5a649e1cc1f6d"",""time"":""2026-08-08T20:24:27Z""}","de6bd370e64f8195831ab7e52127d00abcfc022a","98af9c15a5253581d390ccb65824c7ec4cd4fc2f7ddbccb7757544db676eafe0","1083bc9c7ac8de29ebdd10b86286c6baed3689559ad721eb4383e072fa8dff0e","","false","","","","[]","not_exported_in_001B; no reconstructed ledger bytes assumed","","unresolved_current_ledger","ambiguous","requires_installed_inspection","","version-based runner may see source identity as pending; exact planned-set/status evidence required","not_approved; source SQL may mutate data/DDL/privileges or require historical predecessor state"
"repository","supabase","supabase/migrations/20260808202443_650ba1bc-1cbb-43e4-a1f8-5b8b6a79dfed.sql","20260808202443","650ba1bc-1cbb-43e4-a1f8-5b8b6a79dfed","{""commit"":""ae05b10a55d1a50b3a78839e173d148904000f6e"",""time"":""2026-08-08T20:24:46Z""}","c167da13bca17a24431329e44510c6c14b4f9b78","f8395099785d55307bfba52fc101316e7a9df66260756fd9cd6a9ed22d3a1529","b9b3d9c316ed4d35ca7ce46ecb766e2db05131e6cbee212293b3ed8c1bb35ac9","","false","","","","[]","not_exported_in_001B; no reconstructed ledger bytes assumed","","unresolved_current_ledger","ambiguous","requires_installed_inspection","","version-based runner may see source identity as pending; exact planned-set/status evidence required","not_approved; source SQL may mutate data/DDL/privileges or require historical predecessor state"
"repository","supabase","supabase/migrations/20260808230135_e2e1615b-027a-4017-ba91-cbc8e6d79f4b.sql","20260808230135","e2e1615b-027a-4017-ba91-cbc8e6d79f4b","{""commit"":""5159cbbdf4ebc85be11d91f8e01fcafeaad47aa3"",""time"":""2026-08-08T23:01:42Z""}","e996b7c6d6cb9109f1b8d9615ed43a26372e57f6","5b0a0aa2f6d60393c25e41a73b4f1e18bc0b92b5f9ca7088eccc2c21e9588165","ed98ce40bce5463a8ea7bc963b8674c0ca19070b4f58c97e3cda286cb7630719","","false","","","","[]","not_exported_in_001B; no reconstructed ledger bytes assumed","","unresolved_current_ledger","ambiguous","requires_installed_inspection","","version-based runner may see source identity as pending; exact planned-set/status evidence required","not_approved; source SQL may mutate data/DDL/privileges or require historical predecessor state"
"repository","supabase","supabase/migrations/20260809195546_5964d9fa-3b48-4be2-bdcd-4668d0b5a18c.sql","20260809195546","5964d9fa-3b48-4be2-bdcd-4668d0b5a18c","{""commit"":""7c989e62c38adf24ae9916dbac5dbd78ff4227e4"",""time"":""2026-08-09T19:55:52Z""}","807143ada069973d601a659310e8ac7f315a7f87","99d73243659ab6d4ccf4bddebbc7312a2c8e50a1aa9b29f6c1a0944d320304ad","cb0d1228a304ab165aadd59b9848b2922ec72f43a76b19e94045bc029b0719b6","","false","","","","[]","not_exported_in_001B; no reconstructed ledger bytes assumed","","unresolved_current_ledger","ambiguous","requires_installed_inspection","","version-based runner may see source identity as pending; exact planned-set/status evidence required","not_approved; source SQL may mutate data/DDL/privileges or require historical predecessor state"
"repository","supabase","supabase/migrations/20260810095752_dbc6bdf6-293b-45e2-b2e2-b470938eff92.sql","20260810095752","dbc6bdf6-293b-45e2-b2e2-b470938eff92","{""commit"":""44cd5023e458fe22648757b6b3ead1d27286d753"",""time"":""2026-08-10T09:57:56Z""}","981b1ca5fd6bc808b7e68c3cfc95cb6936aca2cf","d743b20f2f3d0503ff87e210378cc8a77a8104a55cd07cf83bde7003ce959f03","ce11891403251959d938dcd3ece0bb82fd7770dc2824f28140e626d4bacb9124","","false","","","","[]","not_exported_in_001B; no reconstructed ledger bytes assumed","","unresolved_current_ledger","ambiguous","requires_installed_inspection","","version-based runner may see source identity as pending; exact planned-set/status evidence required","not_approved; source SQL may mutate data/DDL/privileges or require historical predecessor state"
"repository","supabase","supabase/migrations/20260811200322_f14a92fc-ff44-41f3-aa2a-b6bab95514db.sql","20260811200322","f14a92fc-ff44-41f3-aa2a-b6bab95514db","{""commit"":""b897da7a6cb12dd1fa64054e390e9cb136db109c"",""time"":""2026-08-11T20:09:38Z""}","2c70cb16bfa27743c3300267d19a339df71058b2","777e94898ebf9179fb85b88038de21583a48951072fb3d967a4e228832903ba9","4a516d3085f5719a4b8db0b810d05c72883a4db9db43ebb509b11c17131d6d2c","","false","","","","[]","not_exported_in_001B; no reconstructed ledger bytes assumed","","unresolved_current_ledger","ambiguous","requires_installed_inspection","","version-based runner may see source identity as pending; exact planned-set/status evidence required","not_approved; source SQL may mutate data/DDL/privileges or require historical predecessor state"
"repository","supabase","supabase/migrations/20260812212128_7420caef-e4ff-44a6-ad98-64dd5079326c.sql","20260812212128","7420caef-e4ff-44a6-ad98-64dd5079326c","{""commit"":""4ffabc61b7b18d32a441afce3e905ac933e3e72f"",""time"":""2026-08-12T21:21:33Z""}","6b4b04d4aec9d82fb57e47ade77ee01fd46ee06d","7df69779b5710dfe5082e9c62d462ef81743610d70b1b8b483723e227402994f","98715855be2658d15d2e9a17edc41246349cbae45c71354577cecd711d5165c8","","false","","","","[]","not_exported_in_001B; no reconstructed ledger bytes assumed","","unresolved_current_ledger","ambiguous","requires_installed_inspection","","version-based runner may see source identity as pending; exact planned-set/status evidence required","not_approved; source SQL may mutate data/DDL/privileges or require historical predecessor state"
"repository","supabase","supabase/migrations/20260812214305_2c2d8e09-35c4-4dab-9de9-edc8b6f94de7.sql","20260812214305","2c2d8e09-35c4-4dab-9de9-edc8b6f94de7","{""commit"":""6ec1fc8b8f94a5bff5f7d2a9845d3cde46b38da6"",""time"":""2026-08-12T21:43:09Z""}","72c65ce42786bb64bd665db2462c13b4296d6b5a","a187b1de0007a25fef015f0c4643cc4f106c8049209ec4643f7981cd49839591","b55cc69adc4281896191d3b2e48fa3b388805a036157a91125041c50e3a2f70a","","false","","","","[]","not_exported_in_001B; no reconstructed ledger bytes assumed","","unresolved_current_ledger","ambiguous","requires_installed_inspection","","version-based runner may see source identity as pending; exact planned-set/status evidence required","not_approved; source SQL may mutate data/DDL/privileges or require historical predecessor state"
"repository","supabase","supabase/migrations/20260812214345_3b9d0263-3ff9-4da1-a391-5d312aad5bd4.sql","20260812214345","3b9d0263-3ff9-4da1-a391-5d312aad5bd4","{""commit"":""1d4681def9b9a8fbb8a447b509f0a6ac2f4bd930"",""time"":""2026-08-12T21:43:49Z""}","e0c482468dd7fb1ff6bf17e5697cebdf90677167","2aa9efa19aa148303991f3663c1785133b479a9759f624e6ac81c15f76efa3c3","2b4866d102cfe0e3c999595ac29aa80606003db399d5cab14a3064cb5e75e085","","false","","","","[]","not_exported_in_001B; no reconstructed ledger bytes assumed","","unresolved_current_ledger","ambiguous","requires_installed_inspection","","version-based runner may see source identity as pending; exact planned-set/status evidence required","not_approved; source SQL may mutate data/DDL/privileges or require historical predecessor state"
"repository","supabase","supabase/migrations/20260812222606_9c3c2b9c-6653-4f5d-b467-2c00d274752a.sql","20260812222606","9c3c2b9c-6653-4f5d-b467-2c00d274752a","{""commit"":""d756e46d4beb30be1aa5c7b8a8e881a7250330d9"",""time"":""2026-08-12T22:26:11Z""}","fd02b4d3800c630579bab27185f70a5f705dea7c","815ca15cfed669816af1f12f9f20802be77c94c0c88051b32b3a376f3ee41b28","334636ca0e8200eeb17f5bd5968ce676da2dd11ae4d4f51bb69d847b24774a11","","false","","","","[]","not_exported_in_001B; no reconstructed ledger bytes assumed","","unresolved_current_ledger","ambiguous","requires_installed_inspection","","version-based runner may see source identity as pending; exact planned-set/status evidence required","not_approved; source SQL may mutate data/DDL/privileges or require historical predecessor state"
"repository","supabase","supabase/migrations/20260812223147_cb0fb7af-5cd6-4f21-b35a-2c06ad47740d.sql","20260812223147","cb0fb7af-5cd6-4f21-b35a-2c06ad47740d","{""commit"":""dfd106eab104ec3d9736b09da5d1d0a7a58536c5"",""time"":""2026-08-12T22:31:50Z""}","27256f05a782b8f89d89181eb2a9ef077f4f4815","7ae98631534428c9dbd6ae8651641b8a22d64756ca3cddc72ac47cf0b5d6413d","94c30e721e6e11a66a362d20353f6ad6a0f1f4e426ae0f860b0876a1a90b6d2a","","false","","","","[]","not_exported_in_001B; no reconstructed ledger bytes assumed","","unresolved_current_ledger","ambiguous","requires_installed_inspection","","version-based runner may see source identity as pending; exact planned-set/status evidence required","not_approved; source SQL may mutate data/DDL/privileges or require historical predecessor state"
"repository","supabase","supabase/migrations/20260812233804_9c6cafd4-9b98-41c8-bee1-d63394e049cc.sql","20260812233804","9c6cafd4-9b98-41c8-bee1-d63394e049cc","{""commit"":""c0b26c7d0e727e6e348d7a0ad375d21cd6f2ef45"",""time"":""2026-08-12T23:38:09Z""}","ed35e106fda2d2ca8dbf36d9507504d5f10309b9","1124ea47a08d1fbd524303d1b5a574b6f0ced8e43ef20755291e898a8e545bb5","29b17f4d96d65745104c4eb7bcec9bd44e2d30461a1d7826bc7fdd057ca1b8b2","","false","","","","[]","not_exported_in_001B; no reconstructed ledger bytes assumed","","unresolved_current_ledger","ambiguous","requires_installed_inspection","","version-based runner may see source identity as pending; exact planned-set/status evidence required","not_approved; source SQL may mutate data/DDL/privileges or require historical predecessor state"
"repository","supabase","supabase/migrations/20260813091924_37c97e14-37a5-4719-bfd8-eaa03442e179.sql","20260813091924","37c97e14-37a5-4719-bfd8-eaa03442e179","{""commit"":""5f6a1fcde052b988c44398079b8ca7f22aefb009"",""time"":""2026-08-13T09:19:28Z""}","3f25dc9356046df9ae6c311eff41fd06e784ad69","3f8c76dc022106af765cb1fd8693235f053176fb083c83c785692cd0ea193a49","44a5851f02f66cf50a484b7358b3e8a2a9089342c476df8e91f824ff583c1836","","false","","","","[]","not_exported_in_001B; no reconstructed ledger bytes assumed","","unresolved_current_ledger","ambiguous","requires_installed_inspection","","version-based runner may see source identity as pending; exact planned-set/status evidence required","not_approved; source SQL may mutate data/DDL/privileges or require historical predecessor state"
"repository","supabase","supabase/migrations/20260813091942_5a606752-be83-4a93-8a41-f310c822783a.sql","20260813091942","5a606752-be83-4a93-8a41-f310c822783a","{""commit"":""7b3af6c185eda2485acb2a1b9f32eddb5bfb2eac"",""time"":""2026-08-13T09:19:45Z""}","d0beebe9c0ac0ae29693898fb663a5f8873345ee","7b48e3224c424b6d04f29657a8a3521603825db1d611311ed132e340225993c1","3e82a5dc10dec65dc71e0d591c9614b174e3f42e068becf528f2d92c734fefd6","","false","","","","[]","not_exported_in_001B; no reconstructed ledger bytes assumed","","unresolved_current_ledger","ambiguous","requires_installed_inspection","","version-based runner may see source identity as pending; exact planned-set/status evidence required","not_approved; source SQL may mutate data/DDL/privileges or require historical predecessor state"
"repository","supabase","supabase/migrations/20260813092154_8f6bf7ee-6807-4b3b-80d7-f2c83aee00d5.sql","20260813092154","8f6bf7ee-6807-4b3b-80d7-f2c83aee00d5","{""commit"":""1ded887c5464fd25cdda3597aaee0de629509f91"",""time"":""2026-08-13T09:21:59Z""}","2474a15531b5819e91e644f898e8ec399e9e3b78","73244b13f4ee7ba6a4bdd70ef793b8d4c882f63873576f42bb8733c53b1a00a3","aac02ada2fa3d325920c2760adf0298695effd1d033ab85ce8f1971d878fbc50","","false","","","","[]","not_exported_in_001B; no reconstructed ledger bytes assumed","","unresolved_current_ledger","ambiguous","requires_installed_inspection","","version-based runner may see source identity as pending; exact planned-set/status evidence required","not_approved; source SQL may mutate data/DDL/privileges or require historical predecessor state"
"repository","supabase","supabase/migrations/20260813110531_c2b797ab-f2d8-4f22-98dc-21107d5af700.sql","20260813110531","c2b797ab-f2d8-4f22-98dc-21107d5af700","{""commit"":""2f41164e284f149a6555757116712dfe25f25daf"",""time"":""2026-08-13T11:19:23Z""}","8a3417c4ed7a3377cbd96f24b852a65d676bcf5a","66b37f435191cbe5013aea2fb7568362cfc5087af24c4091c7c3b302901843c7","469caaa3165b617d8c65a0c7723ddc24a6f94dc48d20c7228188fb55c7848e41","","false","","","","[]","not_exported_in_001B; no reconstructed ledger bytes assumed","","unresolved_current_ledger","ambiguous","requires_installed_inspection","","version-based runner may see source identity as pending; exact planned-set/status evidence required","not_approved; source SQL may mutate data/DDL/privileges or require historical predecessor state"
"repository","supabase","supabase/migrations/20260813111901_0280af33-fbbd-496a-8686-e18f39c5626c.sql","20260813111901","0280af33-fbbd-496a-8686-e18f39c5626c","{""commit"":""2f41164e284f149a6555757116712dfe25f25daf"",""time"":""2026-08-13T11:19:23Z""}","0605511dc884fc606b3575c364c7c106bc6a070a","6525810690d7728a086451ef6137838344c65d7eecfc5489d19f37061be80468","ba1cb5cde0fe2bae93d50fc271b1a81d765cc78f61435db010be6f352cd20d86","","false","","","","[]","not_exported_in_001B; no reconstructed ledger bytes assumed","","unresolved_current_ledger","ambiguous","requires_installed_inspection","","version-based runner may see source identity as pending; exact planned-set/status evidence required","not_approved; source SQL may mutate data/DDL/privileges or require historical predecessor state"
"repository","supabase","supabase/migrations/20260813123354_4e8ea273-0d93-426b-a07d-ad9bb8c0afe5.sql","20260813123354","4e8ea273-0d93-426b-a07d-ad9bb8c0afe5","{""commit"":""80bc0717bb891f9be76cfa5885ea0951f45174fb"",""time"":""2026-08-13T12:37:31Z""}","16d31d562ac2fe37ddaa43dfb7adc69be59df6e2","93ddf8d65509c7930563d833beabb18f9997c7c3ec883f1d542792f40976fa25","80e81678c3dd876a18b132b3bae94cc4ecdfd78f88cf3cfcd5dbf23d8aae3280","","false","","","","[]","not_exported_in_001B; no reconstructed ledger bytes assumed","","unresolved_current_ledger","ambiguous","requires_installed_inspection","","version-based runner may see source identity as pending; exact planned-set/status evidence required","not_approved; source SQL may mutate data/DDL/privileges or require historical predecessor state"
"repository","supabase","supabase/migrations/20260813123556_def190db-e5b8-4122-ae7d-1e2737cee161.sql","20260813123556","def190db-e5b8-4122-ae7d-1e2737cee161","{""commit"":""80bc0717bb891f9be76cfa5885ea0951f45174fb"",""time"":""2026-08-13T12:37:31Z""}","56d90ace2d77ebdde8900c6282cdecb1f955cabe","88cd3cdaa905dab3cc999ac6d724458e52b39e21df0ee5ec5e3b09b36a8e6d30","637fc1ce3d9d740a72c312b22ed67f445860412d1dbb57d98925cd8006fcb768","","false","","","","[]","not_exported_in_001B; no reconstructed ledger bytes assumed","","unresolved_current_ledger","ambiguous","requires_installed_inspection","","version-based runner may see source identity as pending; exact planned-set/status evidence required","not_approved; source SQL may mutate data/DDL/privileges or require historical predecessor state"
"repository","supabase","supabase/migrations/20260813123655_727fae5b-54b9-48b3-a655-bb588c916e72.sql","20260813123655","727fae5b-54b9-48b3-a655-bb588c916e72","{""commit"":""80bc0717bb891f9be76cfa5885ea0951f45174fb"",""time"":""2026-08-13T12:37:31Z""}","35e4b36bba331a3ac75861cd97432108c1d9457b","fe3195ee83991d17975b78e54b10c6b26e67903a39ee1c15149f1a63f5a64164","809b0f2fcfc7b09732bb8278806cfdcb3ba560ed79405d1497fe49720db1689a","","false","","","","[]","not_exported_in_001B; no reconstructed ledger bytes assumed","","unresolved_current_ledger","ambiguous","requires_installed_inspection","","version-based runner may see source identity as pending; exact planned-set/status evidence required","not_approved; source SQL may mutate data/DDL/privileges or require historical predecessor state"
"repository","supabase","supabase/migrations/20260813123836_c4974ea6-8fad-4ccd-b5e2-252f5e9cdb82.sql","20260813123836","c4974ea6-8fad-4ccd-b5e2-252f5e9cdb82","{""commit"":""96a154a922d76d674bd355ae362637f1c38c25a5"",""time"":""2026-08-13T12:38:42Z""}","19c0127ede729745f13ff085e21f2824b6823987","4a885175e52e648e416a4d29ed85c57d94f24c13c26cce9c4d2a3e77a068399b","ab6475e5fc77a44983c232c2cdb67a5bb3f14c2637226eca9f8c979653c37b4e","","false","","","","[]","not_exported_in_001B; no reconstructed ledger bytes assumed","","unresolved_current_ledger","ambiguous","requires_installed_inspection","","version-based runner may see source identity as pending; exact planned-set/status evidence required","not_approved; source SQL may mutate data/DDL/privileges or require historical predecessor state"
"repository","supabase","supabase/migrations/20260813180557_a6d9c63f-653f-400d-8704-945e31d1daa5.sql","20260813180557","a6d9c63f-653f-400d-8704-945e31d1daa5","{""commit"":""472c3aad3502f6e04b62c396a7fd4dfc376935ab"",""time"":""2026-08-13T18:12:44Z""}","d842002c08319687e7f243fe5273f3f5508f7d90","46a3da01c4f2a196ea1022106bd20149962998d847cdcd3c0d6b925fe781b9e4","9f5c18aa4b4705e7d8775fc14ee0ec5bd69715489523cb6c3257425e85ec613b","","false","","","","[]","not_exported_in_001B; no reconstructed ledger bytes assumed","","unresolved_current_ledger","ambiguous","requires_installed_inspection","","version-based runner may see source identity as pending; exact planned-set/status evidence required","not_approved; source SQL may mutate data/DDL/privileges or require historical predecessor state"
"repository","supabase","supabase/migrations/20260813183411_bfff91e1-f325-40c7-b94e-b81b970720cf.sql","20260813183411","bfff91e1-f325-40c7-b94e-b81b970720cf","{""commit"":""5007f2bda839e58f83dbdf6d2ac4d044ab61ab92"",""time"":""2026-08-13T18:40:07Z""}","8c4b477244d9c67ba37bc3b37644e822cb8dbd53","ff11b02811c7ef4748ecbbf6dd38e55dffc8128845d20264d234bdc60733aa37","7277742920ed89c6323529f1558a07da0925695b97fa50ca4d606a0b445f49e3","","false","","","","[]","not_exported_in_001B; no reconstructed ledger bytes assumed","","unresolved_current_ledger","ambiguous","requires_installed_inspection","","version-based runner may see source identity as pending; exact planned-set/status evidence required","not_approved; source SQL may mutate data/DDL/privileges or require historical predecessor state"
"repository","supabase","supabase/migrations/20260813224639_dd432a8b-160b-4fc6-be08-62df181758d3.sql","20260813224639","dd432a8b-160b-4fc6-be08-62df181758d3","{""commit"":""e5e03fe81cd9b0260895741f953ada06846476fb"",""time"":""2026-08-13T22:46:43Z""}","5b0568d0968841633bd80c91dbf01522c099d53d","08ac79484b3995cbad3b53a2ed970ebf86ee3608a088aecca306e88ccf145e19","781fcfebd4007b4ddd72e7459c9cd218ebfaa4a5a5afb923325824bd52fdddac","","false","","","","[]","not_exported_in_001B; no reconstructed ledger bytes assumed","","unresolved_current_ledger","ambiguous","requires_installed_inspection","","version-based runner may see source identity as pending; exact planned-set/status evidence required","not_approved; source SQL may mutate data/DDL/privileges or require historical predecessor state"
"repository","supabase","supabase/migrations/20260813224748_aebce0e8-0c3b-4a64-a6cf-a5840e59993e.sql","20260813224748","aebce0e8-0c3b-4a64-a6cf-a5840e59993e","{""commit"":""f3b02c3347bbda8aadc31291a6cdc44c5f02bad7"",""time"":""2026-08-13T22:47:52Z""}","513eeec045221229d77ce597d0498c6035458462","0376dcf363741119d2f2379df8bbb8a030e94637862d2a145f978810302be3d3","3dd1111579177dedb18f377124b628dfc6b4c09d445a3ea04d862b770e69ab2a","","false","","","","[]","not_exported_in_001B; no reconstructed ledger bytes assumed","","unresolved_current_ledger","ambiguous","requires_installed_inspection","","version-based runner may see source identity as pending; exact planned-set/status evidence required","not_approved; source SQL may mutate data/DDL/privileges or require historical predecessor state"
"repository","supabase","supabase/migrations/20260814060458_f42eb0f1-fa66-4a71-80e2-7c6899dd1d80.sql","20260814060458","f42eb0f1-fa66-4a71-80e2-7c6899dd1d80","{""commit"":""5a43c7dc8c5d9af5f95501ac056d0582b7e2893d"",""time"":""2026-08-14T06:05:04Z""}","b94d0b4ca3b25b550e80bb622073f4cff26e078f","aecffd04e0675c405eb6be603beb7d092914d330b5b8d1f5c7e4e1f1e631e2d7","04629e8f0c4c7998dc344bb62950d5d5fe4efbfe74f5e8313268961bcaba448e","","false","","","","[]","not_exported_in_001B; no reconstructed ledger bytes assumed","","unresolved_current_ledger","ambiguous","requires_installed_inspection","","version-based runner may see source identity as pending; exact planned-set/status evidence required","not_approved; source SQL may mutate data/DDL/privileges or require historical predecessor state"
"repository","supabase","supabase/migrations/20260814061958_b011d9bf-a3a9-4a15-89e6-c817ce97841a.sql","20260814061958","b011d9bf-a3a9-4a15-89e6-c817ce97841a","{""commit"":""ee784019ceae4d10ef9b535cb07519cb1b2812dc"",""time"":""2026-08-14T06:23:20Z""}","4cea07f6465f94b0f0f5a7a6a993e7bd7fcf38e9","1a129efa4d3f17a039b9707704b714c9bbd6ebb10d3e612ea002e8dc23f43af9","c77296a603da8a498b6d2954a9b92e285679c6b5440ea005b5f17d78a7747397","","false","","","","[]","not_exported_in_001B; no reconstructed ledger bytes assumed","","unresolved_current_ledger","ambiguous","requires_installed_inspection","","version-based runner may see source identity as pending; exact planned-set/status evidence required","not_approved; source SQL may mutate data/DDL/privileges or require historical predecessor state"
"repository","supabase","supabase/migrations/20260814062603_4066ad04-4a58-4ab7-b503-3c71f86532af.sql","20260814062603","4066ad04-4a58-4ab7-b503-3c71f86532af","{""commit"":""a060140e1b15f070beca31c36d2ebd65d0db82d9"",""time"":""2026-08-14T06:26:08Z""}","2c3b1bb9ddab8af1c9b72d1ecf549a8d8299d031","8a4349f7a6ceb44ce037fed8366d13f781b9724c0acd3584aee17b1d79a29e4b","fb950ec5bc0580e83f6373b974593f548883d09fbd73c734bff91ae8cb4755e3","","false","","","","[]","not_exported_in_001B; no reconstructed ledger bytes assumed","","unresolved_current_ledger","ambiguous","requires_installed_inspection","","version-based runner may see source identity as pending; exact planned-set/status evidence required","not_approved; source SQL may mutate data/DDL/privileges or require historical predecessor state"
"repository","supabase","supabase/migrations/20260814062655_d69c5191-1949-43f5-a635-67340d819fae.sql","20260814062655","d69c5191-1949-43f5-a635-67340d819fae","{""commit"":""ff49abf07d6542cc5c0e89e8c071a5b2ab466628"",""time"":""2026-08-14T06:26:59Z""}","e16bdeaad672b4cd43fb2b40e7c37820f9a9c3b9","9afceb898604f60d21753d1fc1d8edac8128aa164eb7f5f8ef3ff1d53d9c6321","ccedcb66ac98bf5874e823fd348a9de64ebd48e8ab29dd088fe25165882396ea","","false","","","","[]","not_exported_in_001B; no reconstructed ledger bytes assumed","","unresolved_current_ledger","ambiguous","requires_installed_inspection","","version-based runner may see source identity as pending; exact planned-set/status evidence required","not_approved; source SQL may mutate data/DDL/privileges or require historical predecessor state"
"repository","supabase","supabase/migrations/20260814062806_d3deb65b-d42b-4f70-9509-fd3f6bdde8b6.sql","20260814062806","d3deb65b-d42b-4f70-9509-fd3f6bdde8b6","{""commit"":""6a0ccb07bf7a1ddf2d7a1b78a99c81be5e18a1ec"",""time"":""2026-08-14T06:28:11Z""}","463d28ec1b9bfb2292db4c1e9496c0a33a306998","89665d899bf9310bdf02b779ad1aaa8f213293221be3ec42788e1955f6634ea0","962d327da36b94203d051fbb7c6c8823ef0294a167e4ddfea222701215295298","","false","","","","[]","not_exported_in_001B; no reconstructed ledger bytes assumed","","unresolved_current_ledger","ambiguous","requires_installed_inspection","","version-based runner may see source identity as pending; exact planned-set/status evidence required","not_approved; source SQL may mutate data/DDL/privileges or require historical predecessor state"
"repository","supabase","supabase/migrations/20260814063220_3aa8ab95-6d22-466b-ab91-cd04c94d7d1e.sql","20260814063220","3aa8ab95-6d22-466b-ab91-cd04c94d7d1e","{""commit"":""4fd96fd0bdf7aad68facd6297fb05d39a4786480"",""time"":""2026-08-14T06:32:27Z""}","eaf564e0131c858369becbe2779e3707be4d784d","160e3a46925303612284262b5c6d294f708d90a2ce3ffa5d0146dc08c4d52e52","e3baa7a80f2df79e3ae387de3221472ddece2d4acb31657fcaedc86b803032ee","","false","","","","[]","not_exported_in_001B; no reconstructed ledger bytes assumed","","unresolved_current_ledger","ambiguous","requires_installed_inspection","","version-based runner may see source identity as pending; exact planned-set/status evidence required","not_approved; source SQL may mutate data/DDL/privileges or require historical predecessor state"
"repository","supabase","supabase/migrations/20260814075406_f930209d-85e9-49a0-9b79-62e10aeeb308.sql","20260814075406","f930209d-85e9-49a0-9b79-62e10aeeb308","{""commit"":""aa5cfb5e3ec3da1abba33fcde2ac17ae49463947"",""time"":""2026-08-14T07:55:23Z""}","c40672df5a66fa409d2a226bc165eed0c6bb7e5d","0771aae82ab16a00f0449dc9d1aebe1dd2240f3b3ea25d5ff808450504f6ce48","4d3ff367101c36dea1bbe2fed198b05f03233e08a6d545b0cac0807a9709ef02","","false","","","","[]","not_exported_in_001B; no reconstructed ledger bytes assumed","","unresolved_current_ledger","ambiguous","requires_installed_inspection","","version-based runner may see source identity as pending; exact planned-set/status evidence required","not_approved; source SQL may mutate data/DDL/privileges or require historical predecessor state"
"repository","supabase","supabase/migrations/20260814080347_be469490-20ab-472e-91c6-052671e2841d.sql","20260814080347","be469490-20ab-472e-91c6-052671e2841d","{""commit"":""bfb4aa23b4e49f14b1cb018cff828b903642cc0b"",""time"":""2026-08-14T08:03:51Z""}","dc4ee73bffae9f64898169f98c69d6602f6d959e","16927d0927b9273db9044b80f2e2af36a1dd556ebdb87ac0a1071b9af76299a7","5f0523771ecaade4962822d13c9de44acdb9a8e9db0a951123a8d7b2aabeb910","","false","","","","[]","not_exported_in_001B; no reconstructed ledger bytes assumed","","unresolved_current_ledger","ambiguous","requires_installed_inspection","","version-based runner may see source identity as pending; exact planned-set/status evidence required","not_approved; source SQL may mutate data/DDL/privileges or require historical predecessor state"
"repository","supabase","supabase/migrations/20260814084420_2e2917f6-20d4-4be1-a584-cfd5aa83015b.sql","20260814084420","2e2917f6-20d4-4be1-a584-cfd5aa83015b","{""commit"":""df36b3287782332b16c4b91ba7b895d1c4630a6f"",""time"":""2026-08-14T08:46:45Z""}","ef986a7af0aedccfccec3994bef8d6fd33c4e4c5","85ed4839d2ffd8f727a4e249dc89a1a37c7cd4446e8f993245a25b62e4503d38","67f3f4b768d7bcdbc2641043b8ed638d609d0118ad0be679b590544e524530f0","","false","","","","[]","not_exported_in_001B; no reconstructed ledger bytes assumed","","unresolved_current_ledger","ambiguous","requires_installed_inspection","","version-based runner may see source identity as pending; exact planned-set/status evidence required","not_approved; source SQL may mutate data/DDL/privileges or require historical predecessor state"
"repository","supabase","supabase/migrations/20260814124031_3c42902f-16ce-4cd5-99b2-5b909bac0448.sql","20260814124031","3c42902f-16ce-4cd5-99b2-5b909bac0448","{""commit"":""faa53fc436deb0ad9a12dd0c96e0d4c9bc0c0c58"",""time"":""2026-08-14T12:40:37Z""}","2706901e6c005e9f464cb521cc6fdc9ff4a2b64b","94ca09178150afd960f95bc92e65dd40dec665a20522d42a4fc8c9f15be4f307","bec4150abd4dd8703fc3a87dc629610c7a417ba7590d13cbcb16b0d5caa33f57","","false","","","","[]","not_exported_in_001B; no reconstructed ledger bytes assumed","","unresolved_current_ledger","ambiguous","requires_installed_inspection","","version-based runner may see source identity as pending; exact planned-set/status evidence required","not_approved; source SQL may mutate data/DDL/privileges or require historical predecessor state"
"repository","supabase","supabase/migrations/20260814125029_bd4e6486-c313-453f-b571-81d301bdfc00.sql","20260814125029","bd4e6486-c313-453f-b571-81d301bdfc00","{""commit"":""b55591f43b6737ba80068441eabc5fe492c2c8a9"",""time"":""2026-08-14T12:51:28Z""}","2444ea5ca360547e40878fb128813cb3815ad0dc","cc53e6d364dfa8384f137303f2d3e5d14b52f079dba288b0ebe26854d60bd247","579cbd3a091c0ebd0b61a1d2863cec46e8ecf56173a368521d50e3b72ef3ce17","","false","","","","[]","not_exported_in_001B; no reconstructed ledger bytes assumed","","unresolved_current_ledger","ambiguous","requires_installed_inspection","","version-based runner may see source identity as pending; exact planned-set/status evidence required","not_approved; source SQL may mutate data/DDL/privileges or require historical predecessor state"
"repository","supabase","supabase/migrations/20260814154939_9493ffee-5809-466e-b6f3-fddc6849774e.sql","20260814154939","9493ffee-5809-466e-b6f3-fddc6849774e","{""commit"":""4ef7c1575dde8d3202f358d589d10d7f57fef33d"",""time"":""2026-08-14T15:57:44Z""}","abcbfc85035d01be8457bfa1aeebb0078754c734","ccf10b4c5f4075154bced65b5a49e053e5859cdb3b1d9aeca0847938a37da1d2","ccf10b4c5f4075154bced65b5a49e053e5859cdb3b1d9aeca0847938a37da1d2","","false","","","","[]","not_exported_in_001B; no reconstructed ledger bytes assumed","","unresolved_current_ledger","ambiguous","requires_installed_inspection","","version-based runner may see source identity as pending; exact planned-set/status evidence required","not_approved; source SQL may mutate data/DDL/privileges or require historical predecessor state"
"repository","supabase","supabase/migrations/20260814155116_0db45c38-fa97-4b94-97c0-976d47f5d94f.sql","20260814155116","0db45c38-fa97-4b94-97c0-976d47f5d94f","{""commit"":""4ef7c1575dde8d3202f358d589d10d7f57fef33d"",""time"":""2026-08-14T15:57:44Z""}","9eba316731d3e083152b3607165cfb0141a99515","e7925355d0e48d95f1738b40aa78668a14b0822bce926a020eed0a4499c726f5","e7925355d0e48d95f1738b40aa78668a14b0822bce926a020eed0a4499c726f5","","false","","","","[]","not_exported_in_001B; no reconstructed ledger bytes assumed","","unresolved_current_ledger","ambiguous","requires_installed_inspection","","version-based runner may see source identity as pending; exact planned-set/status evidence required","not_approved; source SQL may mutate data/DDL/privileges or require historical predecessor state"
"repository","supabase","supabase/migrations/20260814183815_35c42467-4f92-42e1-abac-401ee3327dbe.sql","20260814183815","35c42467-4f92-42e1-abac-401ee3327dbe","{""commit"":""67e264c9aca1f508d524179d4cf16f373415744c"",""time"":""2026-08-14T18:42:55Z""}","fd746b6a21dd7126b3c87a32f22a7b66797b5b43","94a67b3482eac10d054d46c2921049a30bb5641d8eac6ea05aac27321919adf0","a277c8adf368b7a5cd7ea7e08f458d6283cdc71965a9592bc6ca5ed7e59b799a","","false","","","","[]","not_exported_in_001B; no reconstructed ledger bytes assumed","","unresolved_current_ledger","ambiguous","requires_installed_inspection","","version-based runner may see source identity as pending; exact planned-set/status evidence required","not_approved; source SQL may mutate data/DDL/privileges or require historical predecessor state"
"repository","supabase","supabase/migrations/20260814205716_65aa1e09-bd93-419e-a3a0-e2b8e0c7c076.sql","20260814205716","65aa1e09-bd93-419e-a3a0-e2b8e0c7c076","{""commit"":""ec275a9af5fee75c9448ca9e152f88643b501329"",""time"":""2026-08-14T20:57:20Z""}","314bd59737b3446e11eef8fd4727f9f258c8dc47","4462079a0ae507e6e0fb7353bd08c9ec8028fd01544b436e6f6f967085d53fad","b4c4fa3b084e13acd695ebeb7838e7c9308271d2ba629c65ab929f326cf0dd8d","","false","","","","[]","not_exported_in_001B; no reconstructed ledger bytes assumed","","unresolved_current_ledger","ambiguous","requires_installed_inspection","","version-based runner may see source identity as pending; exact planned-set/status evidence required","not_approved; source SQL may mutate data/DDL/privileges or require historical predecessor state"
"repository","supabase","supabase/migrations/20260814211437_349710ba-d2f7-4ce6-b863-de46a0ad946b.sql","20260814211437","349710ba-d2f7-4ce6-b863-de46a0ad946b","{""commit"":""0dd73d6a9338a3a8941d07f3a1ef75cdfbd31dd8"",""time"":""2026-08-14T21:17:49Z""}","e7996f2cea9146347ed02b3fc307e22f869a9bff","ebd2c0eef5977f4ca07edf3c5fbb44b4ef67701b46ab99e9c99651c232dafdee","82fcf38076954bb618208d0e0bd0ba1c087d82302d0f031c18db94659533142e","","false","","","","[]","not_exported_in_001B; no reconstructed ledger bytes assumed","","unresolved_current_ledger","ambiguous","requires_installed_inspection","","version-based runner may see source identity as pending; exact planned-set/status evidence required","not_approved; source SQL may mutate data/DDL/privileges or require historical predecessor state"
"repository","supabase","supabase/migrations/20260814214722_b5edf36e-947f-4e19-b01a-7c190df11ce0.sql","20260814214722","b5edf36e-947f-4e19-b01a-7c190df11ce0","{""commit"":""a7d4c507d80ee07ba37fb41fbfa1ca880082967f"",""time"":""2026-08-14T21:58:19Z""}","db4f2fc46befa704c76a15105551fd5a82ae6daa","e2c9b90e794b7e868472d448f7ef7ce43f9ef31663fc017957c5aeb1ee1d30b8","5ccdca3fecf87e5cd0c2a4499fb36d59ac0ad6ef358e20a690984d9c277a935d","","false","","","","[]","not_exported_in_001B; no reconstructed ledger bytes assumed","","unresolved_current_ledger","ambiguous","requires_installed_inspection","","version-based runner may see source identity as pending; exact planned-set/status evidence required","not_approved; source SQL may mutate data/DDL/privileges or require historical predecessor state"
"repository","supabase","supabase/migrations/20260814214738_524f9083-fe32-4a04-acb9-b8e215a60510.sql","20260814214738","524f9083-fe32-4a04-acb9-b8e215a60510","{""commit"":""a7d4c507d80ee07ba37fb41fbfa1ca880082967f"",""time"":""2026-08-14T21:58:19Z""}","cc8c12c81a8700bf9eb7cf692857957d1f49a41d","1579d80d8f8797295ce8a5f08db44217d368cf7c77a9692c56f03ee1956d92d2","f5ec86646aa8978dc1c2670703d21feb83c8e3e0c2b13d26a18e36881a0ad145","","false","","","","[]","not_exported_in_001B; no reconstructed ledger bytes assumed","","unresolved_current_ledger","ambiguous","requires_installed_inspection","","version-based runner may see source identity as pending; exact planned-set/status evidence required","not_approved; source SQL may mutate data/DDL/privileges or require historical predecessor state"
"repository","supabase","supabase/migrations/20260815132107_59add240-bfd7-4015-8d5f-85f8897b644c.sql","20260815132107","59add240-bfd7-4015-8d5f-85f8897b644c","{""commit"":""f594f91c83b1e580564612e996078247b185c598"",""time"":""2026-08-15T13:21:12Z""}","409405322b0be487538964e257efa312ec5ac582","2bd5f2d33d2998fcb02bc396310b84a7a00159511bdb7e7ac147213c281395dc","4921584337f16391c197b6965ad027285a8fbfa966e2977d627cc301abf603f8","","false","","","","[]","not_exported_in_001B; no reconstructed ledger bytes assumed","","unresolved_current_ledger","ambiguous","requires_installed_inspection","","version-based runner may see source identity as pending; exact planned-set/status evidence required","not_approved; source SQL may mutate data/DDL/privileges or require historical predecessor state"
"repository","supabase","supabase/migrations/20260815133335_14390529-bcd0-4cd5-ba28-ca933a9fc605.sql","20260815133335","14390529-bcd0-4cd5-ba28-ca933a9fc605","{""commit"":""938d5e1d37e0899d5e22eb6d9146ebb9c3c3e57e"",""time"":""2026-08-15T13:33:41Z""}","6065a465d0d8dd5e8bc4cad873a754db7996b442","417a67cad995c4e7607d293f83490d377b183b41846a2243699315324eaa166a","afc09826f7815262f539188eb46372419be5283b2e8b43aa1ccdfcd87abd6762","","false","","","","[]","not_exported_in_001B; no reconstructed ledger bytes assumed","","unresolved_current_ledger","ambiguous","requires_installed_inspection","","version-based runner may see source identity as pending; exact planned-set/status evidence required","not_approved; source SQL may mutate data/DDL/privileges or require historical predecessor state"
"repository","supabase","supabase/migrations/20260815135904_23b6cc8d-353c-433a-a823-905c26fbb3c1.sql","20260815135904","23b6cc8d-353c-433a-a823-905c26fbb3c1","{""commit"":""dc9f8ac8bbcc47195aef82cac7544313f8980df4"",""time"":""2026-08-15T13:59:11Z""}","ae2a9167f39a80690fdd75524b7e4af2eae5387b","d32a68c2c71f9141dbd00926c1e8da97a8106b955ded87f02cb913c552d9d23a","e2dcc9f492c19b03fac07f6a88dc224b2aa0180e0d03f202b39bce580a7ee6e9","","false","","","","[]","not_exported_in_001B; no reconstructed ledger bytes assumed","","unresolved_current_ledger","ambiguous","requires_installed_inspection","","version-based runner may see source identity as pending; exact planned-set/status evidence required","not_approved; source SQL may mutate data/DDL/privileges or require historical predecessor state"
"repository","supabase","supabase/migrations/20260815140217_e1a5c841-fd8b-4ad8-8056-d39efd1b8c51.sql","20260815140217","e1a5c841-fd8b-4ad8-8056-d39efd1b8c51","{""commit"":""150f9d64053b358fbc998766835cc3491d480a0a"",""time"":""2026-08-15T14:02:21Z""}","3660535e003099839a6d199ee1b7e11fe28423cc","cad630e46fcd27e4f4695083e974f57a7082d724113100f3545d3230537536c3","1fa2669dc738c9aecf2a1c2c0130124e80f95849937413706ce5ea54f7b49509","","false","","","","[]","not_exported_in_001B; no reconstructed ledger bytes assumed","","unresolved_current_ledger","ambiguous","requires_installed_inspection","","version-based runner may see source identity as pending; exact planned-set/status evidence required","not_approved; source SQL may mutate data/DDL/privileges or require historical predecessor state"
"repository","supabase","supabase/migrations/20260815224013_2a69b3c5-3f33-4177-afc3-d247bbaf8ea7.sql","20260815224013","2a69b3c5-3f33-4177-afc3-d247bbaf8ea7","{""commit"":""da301a1440703c597e87ac77c072f219829a2b33"",""time"":""2026-08-15T22:40:17Z""}","19ae4181ebe31bb28656a9444194ec743e14fbed","bcf77aa79c48c4eafe2ada753b35f07c298af43d76f4249270bd03b6621a3a9f","bcf77aa79c48c4eafe2ada753b35f07c298af43d76f4249270bd03b6621a3a9f","","false","","","","[]","not_exported_in_001B; no reconstructed ledger bytes assumed","","unresolved_current_ledger","ambiguous","requires_installed_inspection","","version-based runner may see source identity as pending; exact planned-set/status evidence required","not_approved; source SQL may mutate data/DDL/privileges or require historical predecessor state"
"repository","supabase","supabase/migrations/20260815224410_a4bc6a4d-21fc-4791-8c37-569f79fcc324.sql","20260815224410","a4bc6a4d-21fc-4791-8c37-569f79fcc324","{""commit"":""ee6cab906a69f1b7ba7efb7bb380f50ff06b0105"",""time"":""2026-08-15T22:44:16Z""}","78d9029aaba7393b6f9a50e2b89cd82cb3d7b545","2ba3cc0e66f4e9a4463a0ff3a528fd82c0e8a2667fd26d0f5bf71bbcd4ca27a4","2ba3cc0e66f4e9a4463a0ff3a528fd82c0e8a2667fd26d0f5bf71bbcd4ca27a4","","false","","","","[]","not_exported_in_001B; no reconstructed ledger bytes assumed","","unresolved_current_ledger","ambiguous","requires_installed_inspection","","version-based runner may see source identity as pending; exact planned-set/status evidence required","not_approved; source SQL may mutate data/DDL/privileges or require historical predecessor state"
"repository","supabase","supabase/migrations/20260815225111_1fd7049d-9494-412d-8a0d-d1aa8ed3eb45.sql","20260815225111","1fd7049d-9494-412d-8a0d-d1aa8ed3eb45","{""commit"":""43f8c28d03e6d67cb48f7c4e25423a04c5ff3501"",""time"":""2026-08-15T22:51:16Z""}","ead10eeb140040259da5db3be8f05790e48ac0bc","37a501f464965a64ff2cacc277618db6c24db7a79f41326aef36e5097694ab20","37a501f464965a64ff2cacc277618db6c24db7a79f41326aef36e5097694ab20","","false","","","","[]","not_exported_in_001B; no reconstructed ledger bytes assumed","","unresolved_current_ledger","ambiguous","requires_installed_inspection","","version-based runner may see source identity as pending; exact planned-set/status evidence required","not_approved; source SQL may mutate data/DDL/privileges or require historical predecessor state"
"repository","supabase","supabase/migrations/20260815234810_bbd984d9-eb45-4f94-9fad-8cbce02b3639.sql","20260815234810","bbd984d9-eb45-4f94-9fad-8cbce02b3639","{""commit"":""3279ed0e8c37cb459883f2ad64493136ceca45b6"",""time"":""2026-08-15T23:48:14Z""}","27dfce4eb873a701ef25bc53e8749ce5dad89d4a","35cf8a561c1fdfe86adb08058ad3b01f482d4525492dbd83c2c141a36a9e9180","b3281fbb9e9500d0dd0b3c05b5da52f4ad9334eb7129c8f27531c1ccfd24cafe","","false","","","","[]","not_exported_in_001B; no reconstructed ledger bytes assumed","","unresolved_current_ledger","ambiguous","requires_installed_inspection","","version-based runner may see source identity as pending; exact planned-set/status evidence required","not_approved; source SQL may mutate data/DDL/privileges or require historical predecessor state"
"repository","supabase","supabase/migrations/20260815234903_4b0c48e6-6c3e-47fb-aaac-580f7faf2ffb.sql","20260815234903","4b0c48e6-6c3e-47fb-aaac-580f7faf2ffb","{""commit"":""6134ebb0784208c449afd14894bcaaff8cc79b83"",""time"":""2026-08-15T23:49:07Z""}","bc9491872edaa2ef74154fbbe6d57f8a3ad8f9f8","41e7ffcc880c4512e3077fa7f32dbe4a4898fdcc3e6ff9bd61df6c6fc4b11959","d90d531731481290a1157d7ba462224ef3074fcbd47149312108679d0496f62b","","false","","","","[]","not_exported_in_001B; no reconstructed ledger bytes assumed","","unresolved_current_ledger","ambiguous","requires_installed_inspection","","version-based runner may see source identity as pending; exact planned-set/status evidence required","not_approved; source SQL may mutate data/DDL/privileges or require historical predecessor state"
"repository","supabase","supabase/migrations/20260816211406_663fd4d1-e156-4f0f-a353-71e9e8cdcc20.sql","20260816211406","663fd4d1-e156-4f0f-a353-71e9e8cdcc20","{""commit"":""2f749ea9ac9e29f82cedf85604633224aff66c2e"",""time"":""2026-08-16T21:20:37Z""}","f0659b5fed395a5f5d8f0f4aea30b528f8f6dbdb","121616220c23f1ce4cfb713ba28eb80c2307cc64ccfb4e6c05dfeade109d8fef","9cc2cc756df5d7a5d5bd9171bfef015226b2f0af120c8563ad5c6c0c3a0ae5bf","","false","","","","[]","not_exported_in_001B; no reconstructed ledger bytes assumed","","unresolved_current_ledger","ambiguous","requires_installed_inspection","","version-based runner may see source identity as pending; exact planned-set/status evidence required","not_approved; source SQL may mutate data/DDL/privileges or require historical predecessor state"
"repository","supabase","supabase/migrations/20260816211522_84a6e383-81c2-4ce7-a89c-4ed1cd994784.sql","20260816211522","84a6e383-81c2-4ce7-a89c-4ed1cd994784","{""commit"":""2f749ea9ac9e29f82cedf85604633224aff66c2e"",""time"":""2026-08-16T21:20:37Z""}","5b29eecd836a7651371dc23c6837be440fa68c88","98d07b43f3be2491a1c638804b7b237f0e9fde1ab4731a074d5433d94d62bfc7","8e47e0426acf81807a44053abc0cca11d7b122667a5078f6373e6c2d5c5ed898","","false","","","","[]","not_exported_in_001B; no reconstructed ledger bytes assumed","","unresolved_current_ledger","ambiguous","requires_installed_inspection","","version-based runner may see source identity as pending; exact planned-set/status evidence required","not_approved; source SQL may mutate data/DDL/privileges or require historical predecessor state"
"repository","supabase","supabase/migrations/20260817065904_41c46dbb-a324-4a6c-a2e7-811123f0d39e.sql","20260817065904","41c46dbb-a324-4a6c-a2e7-811123f0d39e","{""commit"":""7feab8158b9878918f7e559a7c323135ed34097b"",""time"":""2026-08-17T06:59:09Z""}","0c7e58bdad37a8e726259b92531f6833509c6914","8b6beb402df987c600400497408a4f8042754438458cee11097ff509c7f822a4","10849b452f7cec2994c35a57b31ec960b0b4bdca900628b1a82928094650b50d","","false","","","","[]","not_exported_in_001B; no reconstructed ledger bytes assumed","","unresolved_current_ledger","ambiguous","requires_installed_inspection","","version-based runner may see source identity as pending; exact planned-set/status evidence required","not_approved; source SQL may mutate data/DDL/privileges or require historical predecessor state"
"repository","supabase","supabase/migrations/20260817075138_9ce9fec4-93c4-4276-85fb-5341ae445188.sql","20260817075138","9ce9fec4-93c4-4276-85fb-5341ae445188","{""commit"":""55e4458023788ea3a0d593b5dec6dcfea5597661"",""time"":""2026-08-17T07:51:43Z""}","ce8e440ac0da6e1c8f4b14b48f5c7abc5a072ba1","d263607c8fb4c12cd0ed68f5ee8869c0b4b88cedcb9eff536c6aad169065d847","ea141d9f4b068b3fde1b8693b15d282fe203caf88e68e00ce067d16ff7b77723","","false","","","","[]","not_exported_in_001B; no reconstructed ledger bytes assumed","","unresolved_current_ledger","ambiguous","requires_installed_inspection","","version-based runner may see source identity as pending; exact planned-set/status evidence required","not_approved; source SQL may mutate data/DDL/privileges or require historical predecessor state"
"repository","supabase","supabase/migrations/20260817115916_e5310909-d6bb-45b0-b530-7e42025d2648.sql","20260817115916","e5310909-d6bb-45b0-b530-7e42025d2648","{""commit"":""80f2a72ef541a523d7d0c06f5ed6073f2016b994"",""time"":""2026-08-17T11:59:24Z""}","9a341c60132d9906c4a3978652caf936c60212d8","9c0216fd1fe654bbd058f5a8cfbd7ff086c7bae2830b6af2ac80f0e2f82680eb","435da99d33b38d685ca0910117feea8c3364b42a74d1b73e2900d2e714ffe244","","false","","","","[]","not_exported_in_001B; no reconstructed ledger bytes assumed","","unresolved_current_ledger","ambiguous","requires_installed_inspection","","version-based runner may see source identity as pending; exact planned-set/status evidence required","not_approved; source SQL may mutate data/DDL/privileges or require historical predecessor state"
"repository","supabase","supabase/migrations/20260817121434_35e7638b-1533-435b-8e81-1689d2d079ff.sql","20260817121434","35e7638b-1533-435b-8e81-1689d2d079ff","{""commit"":""797fcf894d729b810e9fdfe128c976f69799a383"",""time"":""2026-08-17T12:14:39Z""}","7f2feeefb75cb6ecae28230c153d0a1c40de2a4e","7de7f47d59411ba664181ac60f3c2fb651b32d797050e2de4dd79da4ef590870","73fc601b4798a69f17acca175609263866d024953d00b520e7ded2d13dd7f768","","false","","","","[]","not_exported_in_001B; no reconstructed ledger bytes assumed","","unresolved_current_ledger","ambiguous","requires_installed_inspection","","version-based runner may see source identity as pending; exact planned-set/status evidence required","not_approved; source SQL may mutate data/DDL/privileges or require historical predecessor state"
"repository","supabase","supabase/migrations/20260817151813_5a3e047f-d178-4ddd-a0a3-116857daa7a7.sql","20260817151813","5a3e047f-d178-4ddd-a0a3-116857daa7a7","{""commit"":""db9d9a92c7f8e15fdf18c9aac190c6712a81c5d7"",""time"":""2026-08-17T15:18:16Z""}","23529291014a45a7ce6467053e6a6d24440c1a99","428bef71aa017d635d221cfdeae250aa449e35ad94cba6bf0b932ac5eb8a2826","fa5c9c3a59951a430186629cd3408e1f62fd288d3d1f106ca381290f0944a9d6","","false","","","","[]","not_exported_in_001B; no reconstructed ledger bytes assumed","","unresolved_current_ledger","ambiguous","requires_installed_inspection","","version-based runner may see source identity as pending; exact planned-set/status evidence required","not_approved; source SQL may mutate data/DDL/privileges or require historical predecessor state"
"repository","supabase","supabase/migrations/20260817151912_e441ec3d-16ba-45f3-95b8-a37f2da559b5.sql","20260817151912","e441ec3d-16ba-45f3-95b8-a37f2da559b5","{""commit"":""a97af04ab5c056ba890143202388fd27bfcf67d7"",""time"":""2026-08-17T15:19:16Z""}","39d40766916cca5588a63f977fa05a41042f10c0","37291e904acf6ebc57b4f7350a4b892d341f187a0da2e37282599489bd279b82","e4075455fde28370c2f8a597b36a19273e5d1ebc4b982b187d39176cbbd24448","","false","","","","[]","not_exported_in_001B; no reconstructed ledger bytes assumed","","unresolved_current_ledger","ambiguous","requires_installed_inspection","","version-based runner may see source identity as pending; exact planned-set/status evidence required","not_approved; source SQL may mutate data/DDL/privileges or require historical predecessor state"
"repository","supabase","supabase/migrations/20260817152132_f0017999-4605-4a17-a2a5-1ac6404f2ef9.sql","20260817152132","f0017999-4605-4a17-a2a5-1ac6404f2ef9","{""commit"":""d2de59d0e50d9c3f9281e4bd49d726d3c25bf10d"",""time"":""2026-08-17T15:21:36Z""}","d23545bb3a3d8647c758e6bd3b36671583b8f429","5127b878c8e1bd1dc3a8a017dafd30320405f873a71dd6c177718201adc8933c","aa2256c9ba145c1bd4036b40181b294d0347955a3daee5fb02ffa6746d2b5fdf","","false","","","","[]","not_exported_in_001B; no reconstructed ledger bytes assumed","","unresolved_current_ledger","ambiguous","requires_installed_inspection","","version-based runner may see source identity as pending; exact planned-set/status evidence required","not_approved; source SQL may mutate data/DDL/privileges or require historical predecessor state"
"repository","supabase","supabase/migrations/20260817160943_013b0f2f-3a14-4b8a-b074-336010bf7d1b.sql","20260817160943","013b0f2f-3a14-4b8a-b074-336010bf7d1b","{""commit"":""ba3ff177fc3aadedb079a95b074dab50da346222"",""time"":""2026-08-17T16:09:51Z""}","4215a9063bc8f1df88f2094092787e381818622b","b3d070def45b8b420cd66c4ee140f9c72fd38f9c4d555bdb05c5ec9cd5354623","2e9deb4871cac8b60e991ca98e9f5e883911d09c7fe56ab86bbc9a33fda99a2e","","false","","","","[]","not_exported_in_001B; no reconstructed ledger bytes assumed","","unresolved_current_ledger","ambiguous","requires_installed_inspection","","version-based runner may see source identity as pending; exact planned-set/status evidence required","not_approved; source SQL may mutate data/DDL/privileges or require historical predecessor state"
"repository","supabase","supabase/migrations/20260817212400_7c09402a-b777-4f31-8acb-d35b9bddf9b5.sql","20260817212400","7c09402a-b777-4f31-8acb-d35b9bddf9b5","{""commit"":""8c6b1a666bd8ad0e75d28de11de53041aaa5026c"",""time"":""2026-08-17T21:32:59Z""}","e8ba6725edfd31d29e27a9f952c34967b33d2b46","6faee3ed3c7c1d5bb8abb78a081294de7b68258a74939794799c573fd0366988","c1e32df17280d514378edbd90c660312a57a325c84f289a987dab857b0c03860","","false","","","","[]","not_exported_in_001B; no reconstructed ledger bytes assumed","","unresolved_current_ledger","ambiguous","requires_installed_inspection","","version-based runner may see source identity as pending; exact planned-set/status evidence required","not_approved; source SQL may mutate data/DDL/privileges or require historical predecessor state"
"repository","supabase","supabase/migrations/20260817212436_442ae433-b048-4908-8693-23bb84d2ffd4.sql","20260817212436","442ae433-b048-4908-8693-23bb84d2ffd4","{""commit"":""8c6b1a666bd8ad0e75d28de11de53041aaa5026c"",""time"":""2026-08-17T21:32:59Z""}","4fdfd86ddcce91c2d0273e7d398027d15447ac87","584413bf7f7a037b7a5e7b2976356e3b10b2d61ce73544a91ac0440cb886a006","58f8aaabc4006d60e5f3624d136efbcfb28c7fb41fabac386d2c2c24c89b6b5f","","false","","","","[]","not_exported_in_001B; no reconstructed ledger bytes assumed","","unresolved_current_ledger","ambiguous","requires_installed_inspection","","version-based runner may see source identity as pending; exact planned-set/status evidence required","not_approved; source SQL may mutate data/DDL/privileges or require historical predecessor state"
"repository","supabase","supabase/migrations/20260817212455_753a515d-7db2-4bba-91d7-2e35066a40f5.sql","20260817212455","753a515d-7db2-4bba-91d7-2e35066a40f5","{""commit"":""8c6b1a666bd8ad0e75d28de11de53041aaa5026c"",""time"":""2026-08-17T21:32:59Z""}","721b176297cb0a2abab431fcfcd76bc59339fd60","4e9b10e446440a7d61be862b5ed57747213b0ef952b2a15d8b77c269f782b232","8b26a2207eb87f57d45999d72de2f4fade6b5b3680438a0282b39ed6ffee2d49","","false","","","","[]","not_exported_in_001B; no reconstructed ledger bytes assumed","","unresolved_current_ledger","ambiguous","requires_installed_inspection","","version-based runner may see source identity as pending; exact planned-set/status evidence required","not_approved; source SQL may mutate data/DDL/privileges or require historical predecessor state"
"repository","supabase","supabase/migrations/20260817212608_470e95d2-884c-4573-95c1-6b65332a9759.sql","20260817212608","470e95d2-884c-4573-95c1-6b65332a9759","{""commit"":""8c6b1a666bd8ad0e75d28de11de53041aaa5026c"",""time"":""2026-08-17T21:32:59Z""}","2c3dcd3638a5541371aee085ca9b4f4800bbde2e","1f4dd6fd38c2fb3270d100a99a0810b9a0f7bb01c10a92568dabef777ae5d84e","7d580339fd801f9a0c09417718ee8ec962a76550de65488c5c12af83d9c37b50","","false","","","","[]","not_exported_in_001B; no reconstructed ledger bytes assumed","","unresolved_current_ledger","ambiguous","requires_installed_inspection","","version-based runner may see source identity as pending; exact planned-set/status evidence required","not_approved; source SQL may mutate data/DDL/privileges or require historical predecessor state"
"repository","supabase","supabase/migrations/20260817212703_b721c8fc-a5d5-408a-8115-7223a5c1d207.sql","20260817212703","b721c8fc-a5d5-408a-8115-7223a5c1d207","{""commit"":""8c6b1a666bd8ad0e75d28de11de53041aaa5026c"",""time"":""2026-08-17T21:32:59Z""}","10242c27c5f764a4827eb8dd31dd04b47b6e3b10","3c88512aa3debbe5b5a9baee23983028a972a3d2de1e98d20b96a8a73ed1fc3f","63eccfb1aa996d6e6bc047c051f6b6502d5067970230dd62e007df75246931f6","","false","","","","[]","not_exported_in_001B; no reconstructed ledger bytes assumed","","unresolved_current_ledger","ambiguous","requires_installed_inspection","","version-based runner may see source identity as pending; exact planned-set/status evidence required","not_approved; source SQL may mutate data/DDL/privileges or require historical predecessor state"
"repository","supabase","supabase/migrations/20260817212948_6df90dbd-6b8c-4578-8f1b-7ea7ef7a7329.sql","20260817212948","6df90dbd-6b8c-4578-8f1b-7ea7ef7a7329","{""commit"":""8c6b1a666bd8ad0e75d28de11de53041aaa5026c"",""time"":""2026-08-17T21:32:59Z""}","d3a548d83235bfd722b644d0376c08021d25e60a","8206d37ae681079e90b9608f8fd5cbdefd46329caf2c6903f1cd7ec0bb6378cf","a4d5b2158877aeb4f3dd40e8afbccb0ae5ddb5d92ed388197a2260604fab1bb8","","false","","","","[]","not_exported_in_001B; no reconstructed ledger bytes assumed","","unresolved_current_ledger","ambiguous","requires_installed_inspection","","version-based runner may see source identity as pending; exact planned-set/status evidence required","not_approved; source SQL may mutate data/DDL/privileges or require historical predecessor state"
"repository","supabase","supabase/migrations/20260817213234_d09e62e4-98ce-4309-8780-058752f43ca1.sql","20260817213234","d09e62e4-98ce-4309-8780-058752f43ca1","{""commit"":""8c6b1a666bd8ad0e75d28de11de53041aaa5026c"",""time"":""2026-08-17T21:32:59Z""}","3dc77b661c3249b25ba7ec45c08e645bc8330212","e2b2a536955db6d5b3cdbda1e12caa98f1639347b7ca1b87c1d0ead452469258","b911f81f52ee0015fe45270479f5980bb3c5fe4d176f13246bca7b9f90cb1095","","false","","","","[]","not_exported_in_001B; no reconstructed ledger bytes assumed","","unresolved_current_ledger","ambiguous","requires_installed_inspection","","version-based runner may see source identity as pending; exact planned-set/status evidence required","not_approved; source SQL may mutate data/DDL/privileges or require historical predecessor state"
"repository","supabase","supabase/migrations/20260817221425_973fc1ac-274e-47ce-aaf0-3c5918b8b5fe.sql","20260817221425","973fc1ac-274e-47ce-aaf0-3c5918b8b5fe","{""commit"":""261d96816a061215a182eace94dbe8d0ebdddedd"",""time"":""2026-08-17T22:14:29Z""}","d1307bd18eaef09b6be32b3875a929ca9c1da879","10c5dbfece0f1b6cd19932e93d544fd7f2abd68a220423d3a0554abc0d57f062","01e1e613d1c95c5743aea86c5419e5b41a4bfb7a2c16cf68952edbec49dffdc8","","false","","","","[]","not_exported_in_001B; no reconstructed ledger bytes assumed","","unresolved_current_ledger","ambiguous","requires_installed_inspection","","version-based runner may see source identity as pending; exact planned-set/status evidence required","not_approved; source SQL may mutate data/DDL/privileges or require historical predecessor state"
"repository","supabase","supabase/migrations/20260817230147_90a8b9c6-481e-463f-9a90-ac3d03f88576.sql","20260817230147","90a8b9c6-481e-463f-9a90-ac3d03f88576","{""commit"":""315926ca30810c15f059928e40b89d7941d18d92"",""time"":""2026-08-17T23:01:52Z""}","54507698aff4da5ad9e20083df002eee343c0775","48d745bf6f3dc3956d0f2b3f2652a8d4a58707ec8eb2533494b46e0606fb9990","384f3ac9f4bec2eb4fe200cfda54b1d0b4f19d545767d7d2cea380676e78f17a","","false","","","","[]","not_exported_in_001B; no reconstructed ledger bytes assumed","","unresolved_current_ledger","ambiguous","requires_installed_inspection","","version-based runner may see source identity as pending; exact planned-set/status evidence required","not_approved; source SQL may mutate data/DDL/privileges or require historical predecessor state"
"repository","supabase","supabase/migrations/20260817231952_5b4cf750-c4aa-42ec-98ae-61cbe8c1750a.sql","20260817231952","5b4cf750-c4aa-42ec-98ae-61cbe8c1750a","{""commit"":""f5c806600bee4fa9ba0c414f6eef28dd8baea9f0"",""time"":""2026-08-17T23:19:57Z""}","672e9d37d594382feb0016cfa0fb07013abe884e","92a0727b2ba41b8ba624e58c34d3785d7d3b8d654a295a2766fd63700a4d2383","69834ceedaddbf469e15da33316f62b740fdcd97f38e11ec881a93c2d3554e05","","false","","","","[]","not_exported_in_001B; no reconstructed ledger bytes assumed","","unresolved_current_ledger","ambiguous","requires_installed_inspection","","version-based runner may see source identity as pending; exact planned-set/status evidence required","not_approved; source SQL may mutate data/DDL/privileges or require historical predecessor state"
"repository","supabase","supabase/migrations/20260817232138_0b3faf83-5143-48e6-8e28-988a4a119331.sql","20260817232138","0b3faf83-5143-48e6-8e28-988a4a119331","{""commit"":""b59c53920ef679acd0633f9ccab2f3473715fc2c"",""time"":""2026-08-17T23:21:42Z""}","afd2b0afd2328057bbee49fef39023196d7dd6cd","16e29d5afd34f22990cf7d27375a360c2cf7351cceb8d36c3ecd906fdd23374b","de4bcb3575b83ab7fbeac166366dca0c3c3628839f7968b979327fe8aa5c036e","","false","","","","[]","not_exported_in_001B; no reconstructed ledger bytes assumed","","unresolved_current_ledger","ambiguous","requires_installed_inspection","","version-based runner may see source identity as pending; exact planned-set/status evidence required","not_approved; source SQL may mutate data/DDL/privileges or require historical predecessor state"
"repository","supabase","supabase/migrations/20260818061636_7090e5b3-340e-499d-ba11-2b6233836cc1.sql","20260818061636","7090e5b3-340e-499d-ba11-2b6233836cc1","{""commit"":""586388fd08a512120a107b003bb808ea6e02e601"",""time"":""2026-08-18T06:16:41Z""}","cb17838f8b4f9abf683db67b1ac5e4c86471efcf","887b30b74f76a9c42481f5a6bd0d17194c11dae442ba374492d77939ba31dca5","bd150f4b26450b0fcaef64a940059d377b9f87ddbd5d400c44f8d6355b7b82e0","","false","","","","[]","not_exported_in_001B; no reconstructed ledger bytes assumed","","unresolved_current_ledger","ambiguous","requires_installed_inspection","","version-based runner may see source identity as pending; exact planned-set/status evidence required","not_approved; source SQL may mutate data/DDL/privileges or require historical predecessor state"
"repository","supabase","supabase/migrations/20260818071357_65fd8a83-bc3d-4fc7-9d87-be76ffb24522.sql","20260818071357","65fd8a83-bc3d-4fc7-9d87-be76ffb24522","{""commit"":""47d0cca3e6bb7937340d35705bf4c8c5d90eab29"",""time"":""2026-08-18T07:14:06Z""}","ab8b06829da0db113faf3ef9aa8385a2fe68933e","7e1b2f15d424d4d6ef65945e18f5278be44b3e2387a38ff21619112ea8372d45","5d0c2ca6bfd4f612b4c77f689a8b1b9d8dfdd48213af63098e46cfe63ee1bc95","","false","","","","[]","not_exported_in_001B; no reconstructed ledger bytes assumed","","unresolved_current_ledger","ambiguous","requires_installed_inspection","","version-based runner may see source identity as pending; exact planned-set/status evidence required","not_approved; source SQL may mutate data/DDL/privileges or require historical predecessor state"
"repository","supabase","supabase/migrations/20260818072033_6fdd5323-0727-449f-bb9b-a44f1b43d399.sql","20260818072033","6fdd5323-0727-449f-bb9b-a44f1b43d399","{""commit"":""f0ecb9f7bba91366a54a17b1838febf3a10462bd"",""time"":""2026-08-18T07:20:41Z""}","6ed7bc9cdb03de613ec136e34d9227fc8cf8d0e4","fb36a61d9f6b4fddd2f24b6ebef4a5ac7d8315510ce5a2493711b13e6cad8d70","b090acb81e27a85d9bbecf5d3ba9137b56fea1ca4ad7e3cc6d40d1156c073a18","","false","","","","[]","not_exported_in_001B; no reconstructed ledger bytes assumed","","unresolved_current_ledger","ambiguous","requires_installed_inspection","","version-based runner may see source identity as pending; exact planned-set/status evidence required","not_approved; source SQL may mutate data/DDL/privileges or require historical predecessor state"
"repository","supabase","supabase/migrations/20260818072456_00949c59-17f7-4186-9212-dd2aa93b75b3.sql","20260818072456","00949c59-17f7-4186-9212-dd2aa93b75b3","{""commit"":""0ca4c0ce82b8469302f5c4fee7c0bbbc6f3cbca5"",""time"":""2026-08-18T07:25:03Z""}","121e26992f910003cc635283c17bc130e05d1f11","1bc0b4fcfede8139bedad5d114c7bf8d20108ee46c1f9cf7aaed5f52e083b263","6c272ca86403f5dadc9afb5049efbb8abe677e14da97c16376a6f069d47d7e6d","","false","","","","[]","not_exported_in_001B; no reconstructed ledger bytes assumed","","unresolved_current_ledger","ambiguous","requires_installed_inspection","","version-based runner may see source identity as pending; exact planned-set/status evidence required","not_approved; source SQL may mutate data/DDL/privileges or require historical predecessor state"
"repository","supabase","supabase/migrations/20260818075044_f9d69e41-f1f6-4abb-ae72-942c965a3a76.sql","20260818075044","f9d69e41-f1f6-4abb-ae72-942c965a3a76","{""commit"":""1b7414906453500e8206af630dcf638a82b8fbb2"",""time"":""2026-08-18T07:55:03Z""}","798b6c59bcceb0acf33a3ca74527c04a932bef68","a59de328760626e45042f4f4a422ca866dcffb2309017bdb6997a773563a9742","57bddd60edde485305193fb81c35ef09b51ccb4e25ff9bc382a4f9698cddd992","","false","","","","[]","not_exported_in_001B; no reconstructed ledger bytes assumed","","unresolved_current_ledger","ambiguous","requires_installed_inspection","","version-based runner may see source identity as pending; exact planned-set/status evidence required","not_approved; source SQL may mutate data/DDL/privileges or require historical predecessor state"
"repository","supabase","supabase/migrations/20260818075433_cc904094-1906-452b-9dfa-28f278f7e5e4.sql","20260818075433","cc904094-1906-452b-9dfa-28f278f7e5e4","{""commit"":""1b7414906453500e8206af630dcf638a82b8fbb2"",""time"":""2026-08-18T07:55:03Z""}","6ba893800eb449c20a96db41fbf3a1069f3be552","0020e443cde49047a681277c37a36915fb138a95b5202cf3c6f0a83b2cfa0ed3","3b2a266e4d772055e76adeb2aa3639c1ce0ff731d4f3031c8277630ef75f7fca","","false","","","","[]","not_exported_in_001B; no reconstructed ledger bytes assumed","","unresolved_current_ledger","ambiguous","requires_installed_inspection","","version-based runner may see source identity as pending; exact planned-set/status evidence required","not_approved; source SQL may mutate data/DDL/privileges or require historical predecessor state"
"repository","supabase","supabase/migrations/20260818085022_1816e724-e590-439d-9310-7761704952d2.sql","20260818085022","1816e724-e590-439d-9310-7761704952d2","{""commit"":""7ea9c35281b3e95ce599109cd37e5dd3d937a27b"",""time"":""2026-08-18T08:50:27Z""}","4155f71901d04165f5b855d2dabea18c6eb135f8","7bbaa88d6c4e9fc3ea406762c179171234707c96362d4f81c6490440197b70d6","33949eb498d5bd1a29f7bd6605a3122b6bc462904b289d2f972d6a6300ccc2c0","","false","","","","[]","not_exported_in_001B; no reconstructed ledger bytes assumed","","unresolved_current_ledger","ambiguous","requires_installed_inspection","","version-based runner may see source identity as pending; exact planned-set/status evidence required","not_approved; source SQL may mutate data/DDL/privileges or require historical predecessor state"
"repository","supabase","supabase/migrations/20260818100844_d0b646a1-62f4-4a2f-9ddb-7846423cc0e6.sql","20260818100844","d0b646a1-62f4-4a2f-9ddb-7846423cc0e6","{""commit"":""26345a7d8b9237de4f5d302744f9276a8940313f"",""time"":""2026-08-18T10:15:36Z""}","23edb0993d576472e201a3bb9da2208cb68f5af6","ee4d2584efa3cd0d3b059f7d195bd11bd984f00f657248fca50ef5fe75c8160c","f0e4894cdf0230182ef246631defacb1c80c181aa6730cf14c7f955b6c04febe","","false","","","","[]","not_exported_in_001B; no reconstructed ledger bytes assumed","","unresolved_current_ledger","ambiguous","requires_installed_inspection","","version-based runner may see source identity as pending; exact planned-set/status evidence required","not_approved; source SQL may mutate data/DDL/privileges or require historical predecessor state"
"repository","supabase","supabase/migrations/20260818101041_8e8d39be-572c-471c-bb41-c3115b16e35d.sql","20260818101041","8e8d39be-572c-471c-bb41-c3115b16e35d","{""commit"":""26345a7d8b9237de4f5d302744f9276a8940313f"",""time"":""2026-08-18T10:15:36Z""}","bfcf17c3ef6e72e0a95309221bd5f2b4264f0800","82463af5774e2ea7eea3b3954639bca69cbaed75ac01e4aea255514afd587166","5f5566608bc90bcf4d8563cd24e45eaab8403a95d01056bbd48c0b155b6add68","","false","","","","[]","not_exported_in_001B; no reconstructed ledger bytes assumed","","unresolved_current_ledger","ambiguous","requires_installed_inspection","","version-based runner may see source identity as pending; exact planned-set/status evidence required","not_approved; source SQL may mutate data/DDL/privileges or require historical predecessor state"
"repository","supabase","supabase/migrations/20260818121348_243da727-b062-4624-b9da-b624a1963d9d.sql","20260818121348","243da727-b062-4624-b9da-b624a1963d9d","{""commit"":""5ce0f4b1ae23d77ef53cfad54ccb1debc884ac44"",""time"":""2026-08-18T12:13:55Z""}","f8c342dc3da495b033ed719c24f4707a90c72a6b","e8339d5e0e0021a40aa7e7330969f95309f5fb5ff92e26bbab7ac0e5e3f00fde","88148fc63bb29cd4986cd747aa1cc7912804b952abde71a2edb7095181176ffa","","false","","","","[]","not_exported_in_001B; no reconstructed ledger bytes assumed","","unresolved_current_ledger","ambiguous","requires_installed_inspection","","version-based runner may see source identity as pending; exact planned-set/status evidence required","not_approved; source SQL may mutate data/DDL/privileges or require historical predecessor state"
"repository","supabase","supabase/migrations/20260818124745_15d603b4-0862-4453-ba84-f900459fb277.sql","20260818124745","15d603b4-0862-4453-ba84-f900459fb277","{""commit"":""ac1a25de212f6393048fe8ed5512c7b473f00840"",""time"":""2026-08-18T12:51:55Z""}","ed9b765d84dce22a36c0d2b5cba07efc37f11024","c4948b2eabbc1cfa165f6a86376dc614c52f8b318bd32b199bc88403ce9b748d","b8c8031ca2b0ad54d2625119764c12f49507a037d11ea44fa258af159fa56817","","false","","","","[]","not_exported_in_001B; no reconstructed ledger bytes assumed","","unresolved_current_ledger","ambiguous","requires_installed_inspection","","version-based runner may see source identity as pending; exact planned-set/status evidence required","not_approved; source SQL may mutate data/DDL/privileges or require historical predecessor state"
"repository","supabase","supabase/migrations/20260818155355_96f9980a-dc9b-498f-8b33-d4ada2f8c141.sql","20260818155355","96f9980a-dc9b-498f-8b33-d4ada2f8c141","{""commit"":""92bde04a130c5d21ac452ff4caeaf058397ebe87"",""time"":""2026-08-18T15:54:02Z""}","cdd985c226ebaceed71ab315ce522373425973c6","bd8e8f102d1b52c69a9cf99e377267a15d46f280dc883e22fb6b1d5cb3049d96","41f6926aaba830e74a342030ece5aea37a40afa03290acfc26eb5cc0e7b774a2","","false","","","","[]","not_exported_in_001B; no reconstructed ledger bytes assumed","","unresolved_current_ledger","ambiguous","requires_installed_inspection","","version-based runner may see source identity as pending; exact planned-set/status evidence required","not_approved; source SQL may mutate data/DDL/privileges or require historical predecessor state"
"repository","supabase","supabase/migrations/20260818160408_9de515bd-6cb2-4bd4-be1a-cf9df3ca1580.sql","20260818160408","9de515bd-6cb2-4bd4-be1a-cf9df3ca1580","{""commit"":""bdc24298b4df7a491f8b1dea6034cbe9ec89ff45"",""time"":""2026-08-18T16:04:14Z""}","1c32a7277adb4efa164371df89e4bc5902564ffa","f95376e5253b835ffa3e6ac40b87cd8e5a93a8ea761b96c6f08f7b740260e184","df6dd79448e48f2f643d2a46cc06768c00b54fad33eb621cd3d8218bf3d74968","","false","","","","[]","not_exported_in_001B; no reconstructed ledger bytes assumed","","unresolved_current_ledger","ambiguous","requires_installed_inspection","","version-based runner may see source identity as pending; exact planned-set/status evidence required","not_approved; source SQL may mutate data/DDL/privileges or require historical predecessor state"
"repository","supabase","supabase/migrations/20260818213334_3dd22798-479e-4418-8632-5ecb24b0a44d.sql","20260818213334","3dd22798-479e-4418-8632-5ecb24b0a44d","{""commit"":""2f563987fb1a6a92a65fda33293be290d708ea2a"",""time"":""2026-08-18T21:33:39Z""}","53bcf88681bd828fa6f2a70a16b629481edb6276","b3bb4922ba7d7051da280a4ea46c285a044165d5ed84e444647f0885ed4e932b","f374678852476d8a253d865dea8c097f6fc4d965631fe0cedc7a568a5020e1d8","","false","","","","[]","not_exported_in_001B; no reconstructed ledger bytes assumed","","unresolved_current_ledger","ambiguous","requires_installed_inspection","","version-based runner may see source identity as pending; exact planned-set/status evidence required","not_approved; source SQL may mutate data/DDL/privileges or require historical predecessor state"
"repository","supabase","supabase/migrations/20260818220917_581a61b1-6af0-41bb-b0c0-f3048c1f6f3a.sql","20260818220917","581a61b1-6af0-41bb-b0c0-f3048c1f6f3a","{""commit"":""8810e228a545e890bd36f06e26934d1dad57f0a9"",""time"":""2026-08-18T22:09:21Z""}","ae3c9d0ba4d393746de59e34edf59a38e2b74afc","5fc019efc671043463b16007525f8190f0fc93ff7e1e775af858fd485da6fb27","ad044b662b5fb7627ed11b178996e38eed0072bcd65a543a4070aa6a9457d8c4","","false","","","","[]","not_exported_in_001B; no reconstructed ledger bytes assumed","","unresolved_current_ledger","ambiguous","requires_installed_inspection","","version-based runner may see source identity as pending; exact planned-set/status evidence required","not_approved; source SQL may mutate data/DDL/privileges or require historical predecessor state"
"repository","supabase","supabase/migrations/20260818222752_1cddc10b-11bf-4823-88b7-c627dc5aa6ca.sql","20260818222752","1cddc10b-11bf-4823-88b7-c627dc5aa6ca","{""commit"":""e5be8567deb61fdde703c4639691f2c44622b82a"",""time"":""2026-08-18T22:27:57Z""}","098043bc0fb627df37e240211c301d21c3e7f5a3","2053550403abac726ed5193fc469304e2f8d8ae2e8bbec2ff655d1d04109bb0e","8dda19eb75fc57681e21af133521bcdab7ec727d47ee19ff5f7e62cc8c9167c2","","false","","","","[]","not_exported_in_001B; no reconstructed ledger bytes assumed","","unresolved_current_ledger","ambiguous","requires_installed_inspection","","version-based runner may see source identity as pending; exact planned-set/status evidence required","not_approved; source SQL may mutate data/DDL/privileges or require historical predecessor state"
"repository","supabase","supabase/migrations/20260818233240_0a323a2a-29e5-4664-a18e-5c1ad3201526.sql","20260818233240","0a323a2a-29e5-4664-a18e-5c1ad3201526","{""commit"":""dd56ff64569058ba0a98010aafb5852ce6ba1a3b"",""time"":""2026-08-18T23:32:45Z""}","8ff8d9c793b399d1eab1e60d8ee68d06aae4e385","d3018c554b1c9e07b4e123f34279bfb48241317fd07fa8545c55dc423f1d6d8a","d94547d1a1dfa8b41cf4a840338e6374bd23aaf9b6bb0af026230bb247559c9c","","false","","","","[]","not_exported_in_001B; no reconstructed ledger bytes assumed","","unresolved_current_ledger","ambiguous","requires_installed_inspection","","version-based runner may see source identity as pending; exact planned-set/status evidence required","not_approved; source SQL may mutate data/DDL/privileges or require historical predecessor state"
"repository","supabase","supabase/migrations/20260818233336_7dc7c6f5-7c02-4279-8227-a6d564463854.sql","20260818233336","7dc7c6f5-7c02-4279-8227-a6d564463854","{""commit"":""65eeac3c11f9e8d508d2864c793f6201fe1fa6cf"",""time"":""2026-08-18T23:33:39Z""}","d219e1cd51c277010fc14ea6f779c96693fdbf79","2455884c82f4fd55f0123b424e3cdc3be41da80c8562f79d0c7c34940af4584b","d6710e0154bc861fe97a8578a6f27ab9a7bd2e2d368c707aceb3356a1c54fb6b","","false","","","","[]","not_exported_in_001B; no reconstructed ledger bytes assumed","","unresolved_current_ledger","ambiguous","requires_installed_inspection","","version-based runner may see source identity as pending; exact planned-set/status evidence required","not_approved; source SQL may mutate data/DDL/privileges or require historical predecessor state"
"repository","supabase","supabase/migrations/20260819071835_d9e25af7-b9ca-4f7c-86aa-4dc93714203a.sql","20260819071835","d9e25af7-b9ca-4f7c-86aa-4dc93714203a","{""commit"":""f6a16a7fa7daa9e5185f0794313e4e0469bf3c35"",""time"":""2026-08-19T07:18:40Z""}","2d5967b7e67a3a6da0d7ec6f9aca78ae1a58d5ff","63c4441ac6b192889ff05cff746b1cd9ae3f7e08396632dd83fbe24b84b4a141","8644f558a4b4510e8924154630cfcc74c6c15ba9b799eab48c481a6d91dff716","","false","","","","[]","not_exported_in_001B; no reconstructed ledger bytes assumed","","unresolved_current_ledger","ambiguous","requires_installed_inspection","","version-based runner may see source identity as pending; exact planned-set/status evidence required","not_approved; source SQL may mutate data/DDL/privileges or require historical predecessor state"
"repository","supabase","supabase/migrations/20260819083354_45444596-dcb6-4c75-8bc7-16a84c57ce92.sql","20260819083354","45444596-dcb6-4c75-8bc7-16a84c57ce92","{""commit"":""c579f23963f8d6eedde4075a7ef840496331c1db"",""time"":""2026-08-19T08:34:45Z""}","c26f7a3f21fa7204e6a827bac11a2febbcb2e687","aa3296b24bc968e1e3d38c3bacdcbd08510a4b2f4023fb0d3f29376b21c09e39","d23c750133f479e6f5e853c78469e2698910095ff08a3721a38fd3a73753586f","","false","","","","[]","not_exported_in_001B; no reconstructed ledger bytes assumed","","unresolved_current_ledger","ambiguous","requires_installed_inspection","","version-based runner may see source identity as pending; exact planned-set/status evidence required","not_approved; source SQL may mutate data/DDL/privileges or require historical predecessor state"
"repository","supabase","supabase/migrations/20260819230435_1c31341c-d115-4b22-b4a7-f6b59bbba208.sql","20260819230435","1c31341c-d115-4b22-b4a7-f6b59bbba208","{""commit"":""5ff2e442d8a56615bc05d392d666324bcd90b80d"",""time"":""2026-08-19T23:04:41Z""}","3908bfafb196a865bc26292d04b4d285f529c64f","c8fa489919fcf5f767c37460d4306658905e50cead0a59420b6b6baf426dae8a","3f94c92583070cd4ba6bdbd860f51379add0daba5095c7330d17a561900a21ae","","false","","","","[]","not_exported_in_001B; no reconstructed ledger bytes assumed","","unresolved_current_ledger","ambiguous","requires_installed_inspection","","version-based runner may see source identity as pending; exact planned-set/status evidence required","not_approved; source SQL may mutate data/DDL/privileges or require historical predecessor state"
"repository","supabase","supabase/migrations/20260821082934_f5fb4043-1d82-42c1-a206-f2a875454ccd.sql","20260821082934","f5fb4043-1d82-42c1-a206-f2a875454ccd","{""commit"":""c04399212122cecb772dcf03d76983ff8914519a"",""time"":""2026-08-21T08:29:39Z""}","541f050d3f3c5b1282c2b39cd7312e454e6b0fa1","3336aa7a447dd7524b7b6c44f23f3a4d7760a21c18945522f490413eeba50500","30201dee78458f4e21dc3ba46a93c7e70fd2c24300692ebe7a851ac80ed12d08","","false","","","","[]","not_exported_in_001B; no reconstructed ledger bytes assumed","","unresolved_current_ledger","ambiguous","requires_installed_inspection","","version-based runner may see source identity as pending; exact planned-set/status evidence required","not_approved; source SQL may mutate data/DDL/privileges or require historical predecessor state"
"repository","supabase","supabase/migrations/20260821180314_5dd8ddba-f99b-4851-a75b-253e9446b705.sql","20260821180314","5dd8ddba-f99b-4851-a75b-253e9446b705","{""commit"":""43ae5e8478dc9c04bb76568ff6be565758ac8348"",""time"":""2026-08-21T18:03:19Z""}","39df072a883db0c65f168cf411797d85b6b3736d","6515f516442de1913d2efa44160aec45b8792ebafa0d953b7e006b0c72973350","aa8778fac76c713bf8ce123688b26a083a964bfffcaf7f6517cae42bcb00f785","","false","","","","[]","not_exported_in_001B; no reconstructed ledger bytes assumed","","unresolved_current_ledger","ambiguous","requires_installed_inspection","","version-based runner may see source identity as pending; exact planned-set/status evidence required","not_approved; source SQL may mutate data/DDL/privileges or require historical predecessor state"
"repository","supabase","supabase/migrations/20260822002236_60e64fb6-3662-4ece-90fd-d1999b996eff.sql","20260822002236","60e64fb6-3662-4ece-90fd-d1999b996eff","{""commit"":""e7f462a4750847da05aa349615cab35ff26b4415"",""time"":""2026-08-22T00:22:41Z""}","c8455ea760bda22ad6a133c6d3b8fde349b7fbfb","7a2b93d413a19085128e8590353c7ccfee68bc8b9ca57575860dc4af46c7406c","fbff56eb4edf69137a5bc01e0979c3ef5c3f65e25f7a7ca02e22f1d24d653484","","false","","","","[]","not_exported_in_001B; no reconstructed ledger bytes assumed","","unresolved_current_ledger","ambiguous","requires_installed_inspection","","version-based runner may see source identity as pending; exact planned-set/status evidence required","not_approved; source SQL may mutate data/DDL/privileges or require historical predecessor state"
"repository","supabase","supabase/migrations/20260822002314_efb0d253-9861-456b-9da7-da29aa107b1e.sql","20260822002314","efb0d253-9861-456b-9da7-da29aa107b1e","{""commit"":""42225cbe21282027d368da3a289b9df2d51300a5"",""time"":""2026-08-22T00:23:17Z""}","5ab2f91991f74d68ea756d1e996259834ef56054","1f5f94eff975fe0b9c4592cc4d6251e7b294b6afe2e0edc702d6a529a7729ac0","97584447fa6d0b2cbfadfca50c278b254c163759bbe3bc722349cbd5e7742d87","","false","","","","[]","not_exported_in_001B; no reconstructed ledger bytes assumed","","unresolved_current_ledger","ambiguous","requires_installed_inspection","","version-based runner may see source identity as pending; exact planned-set/status evidence required","not_approved; source SQL may mutate data/DDL/privileges or require historical predecessor state"
"repository","supabase","supabase/migrations/20260824010343_58a2d74d-8e2d-41e2-adb0-a3e2576785ec.sql","20260824010343","58a2d74d-8e2d-41e2-adb0-a3e2576785ec","{""commit"":""9c7a14aeb96c26cea297df7343ec450f24b8d55a"",""time"":""2026-08-24T01:03:50Z""}","66153faaeb91982ac5705f3592fa2f69bf92affa","3305c93e51fe16bd33a851201f84db431ba880cdee3260ec6ec49a9616303d7a","af98ef64bd38cfcb2716d9281ca6dcfe21c4152e43921ec98ed7ec989014ba54","","false","","","","[]","not_exported_in_001B; no reconstructed ledger bytes assumed","","unresolved_current_ledger","ambiguous","requires_installed_inspection","","version-based runner may see source identity as pending; exact planned-set/status evidence required","not_approved; source SQL may mutate data/DDL/privileges or require historical predecessor state"
"repository","supabase","supabase/migrations/20260825224759_6c59e886-405f-4e7b-a433-9672b55bf9c9.sql","20260825224759","6c59e886-405f-4e7b-a433-9672b55bf9c9","{""commit"":""49a9ca54f6ccb702b9cb65da29d411c5e552ee76"",""time"":""2026-08-25T22:51:14Z""}","8a6d3b1a0895660523d8c3a15cdb7d7bb0fd4cc3","adf88941808147b56cdfabf83d0a225bb4566b04dbc8c254813b47820587004b","cafb45fb8c1144f8fe2a3bfde71aef49b749882182b9df1b663710095ee96494","","false","","","","[]","not_exported_in_001B; no reconstructed ledger bytes assumed","","unresolved_current_ledger","ambiguous","requires_installed_inspection","","version-based runner may see source identity as pending; exact planned-set/status evidence required","not_approved; source SQL may mutate data/DDL/privileges or require historical predecessor state"
"repository","supabase","supabase/migrations/20260827081609_994c3849-b3c4-4849-a515-142bd2abdc1f.sql","20260827081609","994c3849-b3c4-4849-a515-142bd2abdc1f","{""commit"":""1864092f98b526d8b3f8c8f07bd726a3795aec3e"",""time"":""2026-08-27T08:16:14Z""}","64b2b8e381719f49209a6648c9001044e7fb22f0","27600de1ecde8eb6941d32fc702b46e4e9af9738d2eebefe0f89f6cd44b5e34a","27600de1ecde8eb6941d32fc702b46e4e9af9738d2eebefe0f89f6cd44b5e34a","","false","","","","[]","not_exported_in_001B; no reconstructed ledger bytes assumed","","unresolved_current_ledger","ambiguous","requires_installed_inspection","","version-based runner may see source identity as pending; exact planned-set/status evidence required","not_approved; source SQL may mutate data/DDL/privileges or require historical predecessor state"
"repository","supabase","supabase/migrations/20260827094512_37a985a4-cb14-4ce8-9a04-43f75cd26184.sql","20260827094512","37a985a4-cb14-4ce8-9a04-43f75cd26184","{""commit"":""9d2dced64a8e8ada23b9c23f4d45aa319a7f7340"",""time"":""2026-08-27T09:45:20Z""}","0b24d6f9c08da1b05dd132da1de01aa06de9f877","c50c9fb8d5f2be3d2b1e5499fecfd4b7c6a0c6c2d26f069ab699d87e18113ab4","3fff458139315ecfc4e33aad89b05e1bf1b1398bb1e71e58409191a519834cb1","","false","","","","[]","not_exported_in_001B; no reconstructed ledger bytes assumed","","unresolved_current_ledger","ambiguous","requires_installed_inspection","","version-based runner may see source identity as pending; exact planned-set/status evidence required","not_approved; source SQL may mutate data/DDL/privileges or require historical predecessor state"
"repository","supabase","supabase/migrations/20260827094630_b041ec01-598b-4066-ad2f-fff7a83c6d09.sql","20260827094630","b041ec01-598b-4066-ad2f-fff7a83c6d09","{""commit"":""3cd7231201b9a3b77f629cf7741a28a86dfade1c"",""time"":""2026-08-27T09:46:35Z""}","fcb9b5b57bde64bba367922ec4ca67d6c63fe012","3c54d825e839b26b0ad3a4df81b339606fa7038bb671fb8cb1ffe89441d3c657","1463317d17171027cb3e29a5350d45337c408329ebb08ab42307430ada599cd1","","false","","","","[]","not_exported_in_001B; no reconstructed ledger bytes assumed","","unresolved_current_ledger","ambiguous","requires_installed_inspection","","version-based runner may see source identity as pending; exact planned-set/status evidence required","not_approved; source SQL may mutate data/DDL/privileges or require historical predecessor state"
"repository","supabase","supabase/migrations/20260827105027_6d129598-f073-4764-8a77-9a8a37ce71c7.sql","20260827105027","6d129598-f073-4764-8a77-9a8a37ce71c7","{""commit"":""fcaec731d0f7e26a3e64fece59421dc817645efb"",""time"":""2026-08-27T10:50:32Z""}","cdb5fb3adba0d2ada42b8ba13b6132176350818b","397827152ef4b450d152a92c0b6193c1275e1cc52cb06bd4d59d9d1a9d65d559","68fce3d1c4fae90097f0339ae563b8241d08e3bfb67441203131a58ef698398e","","false","","","","[]","not_exported_in_001B; no reconstructed ledger bytes assumed","","unresolved_current_ledger","ambiguous","requires_installed_inspection","","version-based runner may see source identity as pending; exact planned-set/status evidence required","not_approved; source SQL may mutate data/DDL/privileges or require historical predecessor state"
"repository","supabase","supabase/migrations/20260828062331_306b7935-a1e9-4363-b16d-8c65fad03a91.sql","20260828062331","306b7935-a1e9-4363-b16d-8c65fad03a91","{""commit"":""6433abb122648b9e74c6c43c82071d50c9a83ef7"",""time"":""2026-08-28T06:23:38Z""}","927fddbd96b4445c26df265cabe66c45005fa7ed","3b479d469db3aafe4aad13ed940d7bf53fe68ed9975ee7cfc97354d11eb28ee5","dd2974a1a8189a9c8ddc521225e5fe1ed3c21d6a7b38f4b19e448f571f70b379","","false","","","","[]","not_exported_in_001B; no reconstructed ledger bytes assumed","","unresolved_current_ledger","ambiguous","requires_installed_inspection","","version-based runner may see source identity as pending; exact planned-set/status evidence required","not_approved; source SQL may mutate data/DDL/privileges or require historical predecessor state"
"repository","supabase","supabase/migrations/20260828103101_c356df6c-748b-494a-ae8a-5376a829ac5d.sql","20260828103101","c356df6c-748b-494a-ae8a-5376a829ac5d","{""commit"":""d346c89ce18f4304d3d75ebfc67c5da11ad8d23e"",""time"":""2026-08-28T10:36:11Z""}","2ad0f7a7962e8cddfade5fcf23e458e433c3e073","84e9f5cae41e00be5aa2600c0be964e9d18498515de5a22ef554381f2e25518a","84e9f5cae41e00be5aa2600c0be964e9d18498515de5a22ef554381f2e25518a","","false","","","","[]","not_exported_in_001B; no reconstructed ledger bytes assumed","","unresolved_current_ledger","ambiguous","requires_installed_inspection","","version-based runner may see source identity as pending; exact planned-set/status evidence required","not_approved; source SQL may mutate data/DDL/privileges or require historical predecessor state"
"repository","supabase","supabase/migrations/20260828234135_aa140c12-7391-4e61-be4f-f74345668e96.sql","20260828234135","aa140c12-7391-4e61-be4f-f74345668e96","{""commit"":""075abdff03afe8ad51ed8f2f2d0205230e1b3fe7"",""time"":""2026-08-28T23:41:44Z""}","bbde7043d3445d5694c7fd344fb13cb2fe506d5f","c171e085a276c7203f821fb690a9535bb691bf5a94c13b4b2d589e395f39fef9","37ffdcf6378997422922ed2193f2acd9045e368ac51e9aa9907e2b6c8d0c1c96","","false","","","","[]","not_exported_in_001B; no reconstructed ledger bytes assumed","","unresolved_current_ledger","ambiguous","requires_installed_inspection","","version-based runner may see source identity as pending; exact planned-set/status evidence required","not_approved; source SQL may mutate data/DDL/privileges or require historical predecessor state"
"repository","supabase","supabase/migrations/20260828234331_d4dc13e4-60c7-40ea-9aba-df218b152660.sql","20260828234331","d4dc13e4-60c7-40ea-9aba-df218b152660","{""commit"":""98ec9da44953a9491135edeb3bcca3d7e21c2e84"",""time"":""2026-08-28T23:43:38Z""}","7125a0d9ab4a7a49b731c47cc777e0e2d7c22649","36b87fa873de00dd88e14be56673b87b6f7ecb4f51167341f9f7c121a914dbfb","2c8470d47f2f4873fc8b2484c58e083bde264244af0dbe0300ba7802b2764001","","false","","","","[]","not_exported_in_001B; no reconstructed ledger bytes assumed","","unresolved_current_ledger","ambiguous","requires_installed_inspection","","version-based runner may see source identity as pending; exact planned-set/status evidence required","not_approved; source SQL may mutate data/DDL/privileges or require historical predecessor state"
"repository","supabase","supabase/migrations/20260829084704_518ce69a-0799-4ec1-8beb-7fb32baa3cca.sql","20260829084704","518ce69a-0799-4ec1-8beb-7fb32baa3cca","{""commit"":""7ebe32db6b6480762f5574ff8d9714b87001d705"",""time"":""2026-08-29T08:47:10Z""}","b693c82f5722670b3f09b05b4fdcb78a65730862","f9aab459e2c6e64f5b48b6d9b3d2a96fed2149afd43ca587ad0187b640b3f2d9","c94c4c9ab385518cd28d5a9ab824a668768f97569e2bf3208098ef49cf1ad9d1","","false","","","","[]","not_exported_in_001B; no reconstructed ledger bytes assumed","","unresolved_current_ledger","ambiguous","requires_installed_inspection","","version-based runner may see source identity as pending; exact planned-set/status evidence required","not_approved; source SQL may mutate data/DDL/privileges or require historical predecessor state"
"repository","supabase","supabase/migrations/20260829135558_f0037825-ccff-4b35-b0b2-aa6566be826c.sql","20260829135558","f0037825-ccff-4b35-b0b2-aa6566be826c","{""commit"":""294d4f80d489ad57ac1fe3a77b94dad495610938"",""time"":""2026-08-29T13:56:05Z""}","abcaac30f2a8cb7e442375804812c72ba6f7474b","f490e131741efe48d88c5cfbdc8c443af0bf242675643a8bd32bee33c44c929d","e3f5511e74223f188f8e6bef9d68196a6885790e23d79d9b92f1a8338046b192","","false","","","","[]","not_exported_in_001B; no reconstructed ledger bytes assumed","","unresolved_current_ledger","ambiguous","requires_installed_inspection","","version-based runner may see source identity as pending; exact planned-set/status evidence required","not_approved; source SQL may mutate data/DDL/privileges or require historical predecessor state"
"repository","supabase","supabase/migrations/20260829222108_71c46f91-ec43-43d8-a5bb-dd1b124d6bbd.sql","20260829222108","71c46f91-ec43-43d8-a5bb-dd1b124d6bbd","{""commit"":""4cb5749092edccdfa2343549cc4ca2cd80fd8b6b"",""time"":""2026-08-29T22:21:13Z""}","e64832754b5bc8624634d76819133d4f403f60a0","f6028e12883d2bfcc8dff90bf9b7698e4bb2b87b468ba95f83edda48dc170f37","f890449a7819715ac4a2680ade1f8337278158727d3cfc246ccb57c4c84c702b","","false","","","","[]","not_exported_in_001B; no reconstructed ledger bytes assumed","","unresolved_current_ledger","ambiguous","requires_installed_inspection","","version-based runner may see source identity as pending; exact planned-set/status evidence required","not_approved; source SQL may mutate data/DDL/privileges or require historical predecessor state"
"repository","supabase","supabase/migrations/20260829224959_c7869fdc-124e-4ae3-b790-cc40d53523bb.sql","20260829224959","c7869fdc-124e-4ae3-b790-cc40d53523bb","{""commit"":""5ae3782f91cbb400304d56bec85c1967749b39af"",""time"":""2026-08-29T22:50:05Z""}","3a4bb3279e4294018956e5a2ef0a550e87b006e2","0a0da55c6c25da72f5fdf3c56051dcae5cda52b001a19010f52a692fd8384a0b","3126e174ab4adf5a54ca0d6baeb082de4ae9e0c01d9961d482f5126141374a84","","false","","","","[]","not_exported_in_001B; no reconstructed ledger bytes assumed","","unresolved_current_ledger","ambiguous","requires_installed_inspection","","version-based runner may see source identity as pending; exact planned-set/status evidence required","not_approved; source SQL may mutate data/DDL/privileges or require historical predecessor state"
"repository","supabase","supabase/migrations/20260829225139_102f5d84-c1a8-49a7-9b88-cd4cf41288ae.sql","20260829225139","102f5d84-c1a8-49a7-9b88-cd4cf41288ae","{""commit"":""91b12cc733fb9ec9a05d83a1681aa4fa602e5afe"",""time"":""2026-08-29T22:51:44Z""}","7ea3cf6009ec1f56c01a5e06d0ed782ba4478e3b","573f27f5a333b55e86d3be4682ad33b29952a9cb0024b419a032e4dbcb1b3222","acb01a60a57fb266f1b176610644092b8611177d2a72467f3d334029ff06b8dd","","false","","","","[]","not_exported_in_001B; no reconstructed ledger bytes assumed","","unresolved_current_ledger","ambiguous","requires_installed_inspection","","version-based runner may see source identity as pending; exact planned-set/status evidence required","not_approved; source SQL may mutate data/DDL/privileges or require historical predecessor state"
"repository","supabase","supabase/migrations/20260829225242_9933aaa9-aac7-497d-83bc-167c25a51cc9.sql","20260829225242","9933aaa9-aac7-497d-83bc-167c25a51cc9","{""commit"":""bb7b8b6a3d70bef219593eaeb59a30c3ea2a2e1d"",""time"":""2026-08-29T22:52:47Z""}","db7ae0a9e432863b746142d29dd268b008177635","81a0f745c401692c77588e6436e80d1cd9dd703c98e8b2574b5f8b458df0424c","72b8893b7cc0511bd1eaafc01099a07a4604bb1f5617d797d068f47b09675c17","","false","","","","[]","not_exported_in_001B; no reconstructed ledger bytes assumed","","unresolved_current_ledger","ambiguous","requires_installed_inspection","","version-based runner may see source identity as pending; exact planned-set/status evidence required","not_approved; source SQL may mutate data/DDL/privileges or require historical predecessor state"
"repository","supabase","supabase/migrations/20260829231024_d15f96cb-9c4c-44d0-a92d-e89ec9d0bd8a.sql","20260829231024","d15f96cb-9c4c-44d0-a92d-e89ec9d0bd8a","{""commit"":""5f14466b0f3bcb6cef5f7e994ba1cdd52d52e5fd"",""time"":""2026-08-29T23:10:29Z""}","280c121ca62da9b087c249c75cac1a4eb1a71417","04440e32a23097654d95516694160d50c30d75c9658be3597fb1c8cb8b46d4b1","147ffb1187e6ee11d99a14cfc03689a3f851c137455debf81e0029903efe2a47","","false","","","","[]","not_exported_in_001B; no reconstructed ledger bytes assumed","","unresolved_current_ledger","ambiguous","requires_installed_inspection","","version-based runner may see source identity as pending; exact planned-set/status evidence required","not_approved; source SQL may mutate data/DDL/privileges or require historical predecessor state"
"repository","supabase","supabase/migrations/20260829232941_2d13534e-1deb-4374-96d1-ea78ba86fd6e.sql","20260829232941","2d13534e-1deb-4374-96d1-ea78ba86fd6e","{""commit"":""f2a12299c9fed26fbd7f4b1e65f686647879a457"",""time"":""2026-08-29T23:37:26Z""}","387760c9448504c364c5715c1e9dc95a2fe2a237","0c18c5142f58e44810a89ce103d2963da3e1886d39431c104360d2bfa3d40280","a0b3abba6ece86145a2a353b068616f567a5ce3f21bceff362b709e368cfb7fd","","false","","","","[]","not_exported_in_001B; no reconstructed ledger bytes assumed","","unresolved_current_ledger","ambiguous","requires_installed_inspection","","version-based runner may see source identity as pending; exact planned-set/status evidence required","not_approved; source SQL may mutate data/DDL/privileges or require historical predecessor state"
"repository","supabase","supabase/migrations/20260830064542_10f5dc3d-4931-4a0d-8fd9-2c7faa7bb412.sql","20260830064542","10f5dc3d-4931-4a0d-8fd9-2c7faa7bb412","{""commit"":""307e5deefff18542eee48820d07ee36913881418"",""time"":""2026-08-30T06:45:46Z""}","c1b3dcbea703dc79156ba7b1d6992e11c52f7903","edef6df6eba9b7ba7277faa5f4536ef7a160b065e22089b567f8042f52c1e528","c30f0c1fa2f4088a609f5fbbf19da0cba9d7b1b4484d4e268eeef9817c99607a","","false","","","","[]","not_exported_in_001B; no reconstructed ledger bytes assumed","","unresolved_current_ledger","ambiguous","requires_installed_inspection","","version-based runner may see source identity as pending; exact planned-set/status evidence required","not_approved; source SQL may mutate data/DDL/privileges or require historical predecessor state"
"repository","supabase","supabase/migrations/20260831121505_bca8a198-a6ac-4881-827d-c61ef584905a.sql","20260831121505","bca8a198-a6ac-4881-827d-c61ef584905a","{""commit"":""3ae19cc7f8a5ed1a858b69480d83547c35978085"",""time"":""2026-08-31T12:15:12Z""}","c0c06c02ef977fc3975d632dfa344de70922496e","810e0b8832d2259c8a37e5be149d9c0880eec8d3d307c2ba61b757cc9a29781a","a59ad540b2be2c2e0353c4157d58d8f8a85b0ca775a2e3d2e0ed809e7b235d1c","","false","","","","[]","not_exported_in_001B; no reconstructed ledger bytes assumed","","unresolved_current_ledger","ambiguous","requires_installed_inspection","","version-based runner may see source identity as pending; exact planned-set/status evidence required","not_approved; source SQL may mutate data/DDL/privileges or require historical predecessor state"
"repository","supabase","supabase/migrations/20260831133000_combat2_dispatch_scheduler_foundation.sql","20260831133000","combat2_dispatch_scheduler_foundation","{""commit"":""7184265e3c17c5382ea0212cb30e56fc79b58bd8"",""time"":""2026-08-31T15:12:57+02:00""}","138cf1db075d69c4c69e3863b18c402a5bff90c7","619359b4d81e10f7f1927ca16e4a1661c7f7d408c5bf802fed240d7fbcde84a9","619359b4d81e10f7f1927ca16e4a1661c7f7d408c5bf802fed240d7fbcde84a9","","false","","","","[]","not_exported_in_001B; no reconstructed ledger bytes assumed","","unresolved_current_ledger","ambiguous","requires_installed_inspection","","version-based runner may see source identity as pending; exact planned-set/status evidence required","not_approved; source SQL may mutate data/DDL/privileges or require historical predecessor state"
"repository","supabase","supabase/migrations/20260831210148_5d441ae5-f994-4b1d-92ed-1ba8b98742dd.sql","20260831210148","5d441ae5-f994-4b1d-92ed-1ba8b98742dd","{""commit"":""c6d61e74f36c54608acca75688b13c0ce5e1883a"",""time"":""2026-08-31T21:01:56Z""}","ce0ab177da0f99f168f3e68c4cda32beebd57246","cd42fdb14133c1a2207f380c6e4d754e8914a90b05d66690a5dd1d40f58b5898","6fac717c3a8034da6a9c464ed52f23abdc307b5eb3b5e523f6712ab4e8601b37","","false","","","","[]","not_exported_in_001B; no reconstructed ledger bytes assumed","","unresolved_current_ledger","ambiguous","requires_installed_inspection","","version-based runner may see source identity as pending; exact planned-set/status evidence required","not_approved; source SQL may mutate data/DDL/privileges or require historical predecessor state"
"repository","supabase","supabase/migrations/20260831211359_1bb44c0d-f790-435a-8c66-55cca852b997.sql","20260831211359","1bb44c0d-f790-435a-8c66-55cca852b997","{""commit"":""aa38efef7fb55e14364a762a45f2a7b0c7c5b8af"",""time"":""2026-08-31T21:14:03Z""}","b6f0c1c6c675ae65b2045ef358417aaffe1c33b5","6c85a67d2926a58848cd88a7f1f958f06642620de78611248c4ffc1b3081675f","bb020c4ed10239c4b453f6b79685c6d233750450266ccdc6c2c59e5639dfaa79","","false","","","","[]","not_exported_in_001B; no reconstructed ledger bytes assumed","","unresolved_current_ledger","ambiguous","requires_installed_inspection","","version-based runner may see source identity as pending; exact planned-set/status evidence required","not_approved; source SQL may mutate data/DDL/privileges or require historical predecessor state"
"repository","supabase","supabase/migrations/20260901104835_d1bb417e-56d2-4c4b-b34b-afbad1c26d5e.sql","20260901104835","d1bb417e-56d2-4c4b-b34b-afbad1c26d5e","{""commit"":""85f398f4904ea3afda3b8dabfeb726b702a4a385"",""time"":""2026-09-01T10:48:41Z""}","62bc6d3b718c126a65dcc8c38126597be3bfe07b","2fc88f6a8c3f9035e96cbfe246d90f18f5f14d388ccd9f190df501024c5f9226","3026866ecff5dcfeb15c01c68bbcebc56bb6bde31928a67b61506e4cdd892592","","false","","","","[]","not_exported_in_001B; no reconstructed ledger bytes assumed","","unresolved_current_ledger","ambiguous","requires_installed_inspection","","version-based runner may see source identity as pending; exact planned-set/status evidence required","not_approved; source SQL may mutate data/DDL/privileges or require historical predecessor state"
"repository","supabase","supabase/migrations/20260902052308_e24cd7f0-db0b-4a88-85ac-f2908ed7fcad.sql","20260902052308","e24cd7f0-db0b-4a88-85ac-f2908ed7fcad","{""commit"":""01220c3ec784f1eabcd89ef1230fe82feefb2608"",""time"":""2026-09-02T05:23:13Z""}","b5893157b80194784630a42b2d7a7e59be2c879a","d3910f1ac0f4116c395fc611f307c5892a657a5448718b5d90a9f88722b4b521","c21e02eec0ce2550c88dc2d7a2fd266bf5a626eda1276d4faedabfb7f4429564","","false","","","","[]","not_exported_in_001B; no reconstructed ledger bytes assumed","","unresolved_current_ledger","ambiguous","requires_installed_inspection","","version-based runner may see source identity as pending; exact planned-set/status evidence required","not_approved; source SQL may mutate data/DDL/privileges or require historical predecessor state"
"repository","supabase","supabase/migrations/20260902093129_6e2ff6de-db65-4d4d-83e1-dadcfebaa70c.sql","20260902093129","6e2ff6de-db65-4d4d-83e1-dadcfebaa70c","{""commit"":""3782f16af35798425391e139713d53330a2a848a"",""time"":""2026-09-02T09:31:34Z""}","c6de5dbf4e85601e5647f92979142183b9d07767","a288b1804673f950a221b6963a7ab3e3b385411bbbc96387b8d27a3229d2e959","a288b1804673f950a221b6963a7ab3e3b385411bbbc96387b8d27a3229d2e959","","false","","","","[]","not_exported_in_001B; no reconstructed ledger bytes assumed","","unresolved_current_ledger","ambiguous","requires_installed_inspection","","version-based runner may see source identity as pending; exact planned-set/status evidence required","not_approved; source SQL may mutate data/DDL/privileges or require historical predecessor state"
"repository","supabase","supabase/migrations/20260902123413_f5e0f14f-b91d-451a-a267-fbe6fea9665c.sql","20260902123413","f5e0f14f-b91d-451a-a267-fbe6fea9665c","{""commit"":""962d3921e294fa6cfcb0732a744285dd4d683b96"",""time"":""2026-09-02T12:34:17Z""}","1fedbeb52a26f6f653673c88a2aaf15a875c8a04","fdd5d412ba3bb03a72d19f29d15925056aa0ef915c6b98579697657a5f7bcc30","a5a6de7e1d281f08289705fe4c58667a04f924b0cbf30cebadc727d7cdfae88b","","false","","","","[]","not_exported_in_001B; no reconstructed ledger bytes assumed","","unresolved_current_ledger","ambiguous","requires_installed_inspection","","version-based runner may see source identity as pending; exact planned-set/status evidence required","not_approved; source SQL may mutate data/DDL/privileges or require historical predecessor state"
"repository","supabase","supabase/migrations/20260902194101_e3b1caf6-58cf-4028-b292-49cc3c283914.sql","20260902194101","e3b1caf6-58cf-4028-b292-49cc3c283914","{""commit"":""8b554048442bc347c3e2e0ca430f36c7ed527ef7"",""time"":""2026-09-02T19:41:04Z""}","25ec41714dc592e8ea7b2cd68c9922b8a9623c7c","ea520d8563565084bac8d9aee0fe7401aa843c5fe69bbaa297e5b4b52f2d70dd","8c62b46b49f140364d76344b0bf2eeaaddaf9900bfcf3d8b71d4ac6e5cf30917","","false","","","","[]","not_exported_in_001B; no reconstructed ledger bytes assumed","","unresolved_current_ledger","ambiguous","requires_installed_inspection","","version-based runner may see source identity as pending; exact planned-set/status evidence required","not_approved; source SQL may mutate data/DDL/privileges or require historical predecessor state"
"repository","supabase","supabase/migrations/20260903061136_4c6938e6-7905-44c5-8a1c-ab1a56a823e4.sql","20260903061136","4c6938e6-7905-44c5-8a1c-ab1a56a823e4","{""commit"":""8c0aa12023b61219ff96c28bdb7948a64e129dc7"",""time"":""2026-09-03T06:11:41Z""}","558060d66fe279d7eb1c4062e66dc108cbf6a4cc","ee8aac8eb818b6843ce9e77d93b9cf05d600942362911841eecc27126509a0c4","bf945aa2506f44bb79367ad6e16492b5dbebd1b228b2db9ae0ef7f6af0521842","","false","","","","[]","not_exported_in_001B; no reconstructed ledger bytes assumed","","unresolved_current_ledger","ambiguous","requires_installed_inspection","","version-based runner may see source identity as pending; exact planned-set/status evidence required","not_approved; source SQL may mutate data/DDL/privileges or require historical predecessor state"
"repository","supabase","supabase/migrations/20260905082334_5d50f67c-0c25-4ac3-a726-a6aeaaee583b.sql","20260905082334","5d50f67c-0c25-4ac3-a726-a6aeaaee583b","{""commit"":""b7af4d9d4c51f7e45d71eb4b3f22ee09aa270964"",""time"":""2026-09-05T08:23:38Z""}","bd4e3be5428154e9249b08daa695da265d36f2ae","269e1b568738b9653532d55955067a24a03d5ac279947a8536ae005569a5e61f","48d52874fa585fc2f39340679848d20fbcfd66b7d99c4d53db9a2b3cc2db929a","","false","","","","[{""path"":""supabase/migrations/20260905090000_combat2_continued_basic_attack.sql"",""version"":""20260905090000"",""byteIdentical"":false}]","not_exported_in_001B; no reconstructed ledger bytes assumed","","source_text_equivalence_only","duplicate_content_alias","requires_installed_inspection","","version-based runner may see source identity as pending; exact planned-set/status evidence required","not_approved; source SQL may mutate data/DDL/privileges or require historical predecessor state"
"repository","supabase","supabase/migrations/20260905090000_combat2_continued_basic_attack.sql","20260905090000","combat2_continued_basic_attack","{""commit"":""bfd1e357e278695fe3bf2f3b23b7111c4bea502f"",""time"":""2026-09-05T10:19:09+02:00""}","4ba6277f30d876ec67b4751951ed07683161a495","48d52874fa585fc2f39340679848d20fbcfd66b7d99c4d53db9a2b3cc2db929a","48d52874fa585fc2f39340679848d20fbcfd66b7d99c4d53db9a2b3cc2db929a","","false","","","","[{""path"":""supabase/migrations/20260905082334_5d50f67c-0c25-4ac3-a726-a6aeaaee583b.sql"",""version"":""20260905082334"",""byteIdentical"":false}]","not_exported_in_001B; no reconstructed ledger bytes assumed","","source_text_equivalence_only","duplicate_content_alias","requires_installed_inspection","","version-based runner may see source identity as pending; exact planned-set/status evidence required","not_approved; source SQL may mutate data/DDL/privileges or require historical predecessor state"
"repository","supabase","supabase/migrations/20260905122354_fe51d6aa-fe6f-4ccb-93ca-51405314682e.sql","20260905122354","fe51d6aa-fe6f-4ccb-93ca-51405314682e","{""commit"":""0c1836a9428c0607f1e2ed310fcfb73d954d381b"",""time"":""2026-09-05T12:24:01Z""}","74140e484fbbdec652b57445c8ba36ff11e6d228","a715db163c88bcb565a29c9666c6a547f825a87acd8342254ac089bf63bc6216","e1219238a8db8b2167c31430d22e82b95cb8763ca676f2ce8fb9e475ca20c7e2","","false","","","","[]","not_exported_in_001B; no reconstructed ledger bytes assumed","","unresolved_current_ledger","ambiguous","requires_installed_inspection","","version-based runner may see source identity as pending; exact planned-set/status evidence required","not_approved; source SQL may mutate data/DDL/privileges or require historical predecessor state"
"repository","supabase","supabase/migrations/20260905194227_fbe2e172-650d-43c2-a3d2-b6dff0c3210a.sql","20260905194227","fbe2e172-650d-43c2-a3d2-b6dff0c3210a","{""commit"":""983305fcff6dc8e6dfcd900555ad844994896a62"",""time"":""2026-09-05T19:42:34Z""}","6ae6f67164332713952e8ca353339306de8e3c14","d6ce3571f7f3a58fc7e2bc5af7c9ac3f46b0e13f48f9dfc93189bd357e997c95","d443570c0dab33000eb640aaacb7c015ef02dad4984f2689f0121a3b4929f2bb","","false","","","","[]","not_exported_in_001B; no reconstructed ledger bytes assumed","","unresolved_current_ledger","ambiguous","requires_installed_inspection","","version-based runner may see source identity as pending; exact planned-set/status evidence required","not_approved; source SQL may mutate data/DDL/privileges or require historical predecessor state"
"repository","supabase","supabase/migrations/20260905223641_ab9fdebc-0a3a-4b6a-a0a3-b99b944953a8.sql","20260905223641","ab9fdebc-0a3a-4b6a-a0a3-b99b944953a8","{""commit"":""57c60203a48e3917d91e0093883543542f1fe974"",""time"":""2026-09-05T22:36:45Z""}","d98b4666386996ddb9c64e9d946ad9f97277f2ba","752ce5f0e5b232adccfb03335aaa901417c7ae89bc0fc0d101cbc939ab61f3ab","b9f620759fee832f893b1e1bb7413554c04844e83b3de9cbe6e92c1990f27c3b","","false","","","","[]","not_exported_in_001B; no reconstructed ledger bytes assumed","","unresolved_current_ledger","ambiguous","requires_installed_inspection","","version-based runner may see source identity as pending; exact planned-set/status evidence required","not_approved; source SQL may mutate data/DDL/privileges or require historical predecessor state"
"repository","supabase","supabase/migrations/20260906001238_8c52869c-2e3d-4602-aa5a-96ea750f63d6.sql","20260906001238","8c52869c-2e3d-4602-aa5a-96ea750f63d6","{""commit"":""6fb03c2fdd8ece2f873987ed20b8b609024e4a7f"",""time"":""2026-09-06T00:12:43Z""}","4568d5f8b58ba40cf774828c828810a975e360c0","cb09515215021008a2c0c218a0cdf2446fea50e5ca0e2bcb56fbb634b86e36d6","0eb25946340530e720acf5464947536f7ccdeb2742187145e72251c7cd71e966","","false","","","","[]","not_exported_in_001B; no reconstructed ledger bytes assumed","","unresolved_current_ledger","ambiguous","requires_installed_inspection","","version-based runner may see source identity as pending; exact planned-set/status evidence required","not_approved; source SQL may mutate data/DDL/privileges or require historical predecessor state"
"repository","supabase","supabase/migrations/20260906001327_2c0c7a72-6eea-4cb2-b282-2175f4c1d2ca.sql","20260906001327","2c0c7a72-6eea-4cb2-b282-2175f4c1d2ca","{""commit"":""8f768269a1b8aa30e0dd9f68206df92a5e776ac8"",""time"":""2026-09-06T00:13:31Z""}","36aedee00f1030c93a59eefcedbc89f43a4223c6","65ea84149115d51a35890c23d0fba43ead3315d800205513cdaeaa2b0efbcdf4","290892c651610773979d0dccc885c2f7e31c151e7e159097b974a30a4cd16501","","false","","","","[]","not_exported_in_001B; no reconstructed ledger bytes assumed","","unresolved_current_ledger","ambiguous","requires_installed_inspection","","version-based runner may see source identity as pending; exact planned-set/status evidence required","not_approved; source SQL may mutate data/DDL/privileges or require historical predecessor state"
"repository","supabase","supabase/migrations/20260906131558_19f87cbf-1f77-4f69-b04d-d29fbf0edb7b.sql","20260906131558","19f87cbf-1f77-4f69-b04d-d29fbf0edb7b","{""commit"":""48a20cea12dc8d28a7801ca9c23b86a16e6ad5dc"",""time"":""2026-09-06T13:16:06Z""}","04265cf2557e88144d6dd3b9e4b7e535bb44f539","ab4be87ac1a8c9d00e09c54010ce32df9e921912babdbb602da177fe79912a15","460c0a5cec3ebd38c12d91519a52ed1f84aed3c4e76b8190980ce87e640453e1","","false","","","","[]","not_exported_in_001B; no reconstructed ledger bytes assumed","","unresolved_current_ledger","ambiguous","requires_installed_inspection","","version-based runner may see source identity as pending; exact planned-set/status evidence required","not_approved; source SQL may mutate data/DDL/privileges or require historical predecessor state"
"repository","supabase","supabase/migrations/20260906134803_7ca9b782-4f52-47e1-9691-8b286ca26c48.sql","20260906134803","7ca9b782-4f52-47e1-9691-8b286ca26c48","{""commit"":""076663d1cb21ea791a78030a75cf0a133b7b0e4e"",""time"":""2026-09-06T13:48:07Z""}","43060853296e8776d47d7fea7036c4d540187186","b6aa460afcbb733b2099d841d9ea89fd9c884bbcd5e881c13b10b57c288bf9ea","32119163bb70ee756ea6d599b50fd987a40a953d74064486876067d95497d53b","","false","","","","[]","not_exported_in_001B; no reconstructed ledger bytes assumed","","unresolved_current_ledger","ambiguous","requires_installed_inspection","","version-based runner may see source identity as pending; exact planned-set/status evidence required","not_approved; source SQL may mutate data/DDL/privileges or require historical predecessor state"
"repository","supabase","supabase/migrations/20260906144044_f8e846c5-a26e-447b-9328-a0c5e57af6ee.sql","20260906144044","f8e846c5-a26e-447b-9328-a0c5e57af6ee","{""commit"":""13fcf311db59cce156214db4c2e47f55f8d65fdc"",""time"":""2026-09-06T14:40:51Z""}","a4ca571b50e3d5bd1ff01c75ff321c5a854ec7dd","1eafdabb386f6b62822d538c1b0b51b53630b97cd08e8e45e72e589de847d4f9","ee4e7bd3bf76bdb3ab922bc65fd2a654f8888f98d900c7a511282c4e5b1d0b2e","","false","","","","[]","not_exported_in_001B; no reconstructed ledger bytes assumed","","unresolved_current_ledger","ambiguous","requires_installed_inspection","","version-based runner may see source identity as pending; exact planned-set/status evidence required","not_approved; source SQL may mutate data/DDL/privileges or require historical predecessor state"
"repository","supabase","supabase/migrations/20260906144149_14cfbe5d-c375-4c2a-af37-ee4e7e0fca5a.sql","20260906144149","14cfbe5d-c375-4c2a-af37-ee4e7e0fca5a","{""commit"":""d95bee3f5f31dec00ba2c279a63b2f6286585cf0"",""time"":""2026-09-06T14:41:53Z""}","9a412bf1b613c31921f62bb33665220b226a11d2","ee50342002cc35c05d256ac06766b71f18aad5a5960d5e2ec684c4620ee29acc","0bc62938c280a6bdb39d7ab529d3546e84e2b3542654dd4d2b8256bf81b67df6","","false","","","","[]","not_exported_in_001B; no reconstructed ledger bytes assumed","","unresolved_current_ledger","ambiguous","requires_installed_inspection","","version-based runner may see source identity as pending; exact planned-set/status evidence required","not_approved; source SQL may mutate data/DDL/privileges or require historical predecessor state"
"repository","supabase","supabase/migrations/20260906160000_combat2_test_environment_controls.sql","20260906160000","combat2_test_environment_controls","{""commit"":""86e9aa3a250b082e8907dfae9e9982c1966f3f00"",""time"":""2026-09-06T16:25:44+02:00""}","889dee5b76f060743653cf0ef670838f5c6a1e43","173155f3f39b42b3be95b35112a586c1de65deaaf00a5da19af95367ff96aa58","173155f3f39b42b3be95b35112a586c1de65deaaf00a5da19af95367ff96aa58","","false","","","","[]","not_exported_in_001B; no reconstructed ledger bytes assumed","","unresolved_current_ledger","ambiguous","requires_installed_inspection","","version-based runner may see source identity as pending; exact planned-set/status evidence required","not_approved; source SQL may mutate data/DDL/privileges or require historical predecessor state"
"repository","supabase","supabase/migrations/20260907051948_f907b2a9-78e9-4e38-a179-68f04e0cbc7d.sql","20260907051948","f907b2a9-78e9-4e38-a179-68f04e0cbc7d","{""commit"":""d821dadeccd454f6c5d13a8724f23ccc74576019"",""time"":""2026-09-07T05:19:52Z""}","0b134fd55d3aeddf479aabdd1d71d5928e7f49cd","81fb589322256ee64903455d91c2401758bf9073c7e43bc6153341a318e9fe04","69f6c3dec6892eb30e2eb7a7a89af20ddbca729af1d6ba081f03f35f88b36238","","false","","","","[]","not_exported_in_001B; no reconstructed ledger bytes assumed","","unresolved_current_ledger","ambiguous","requires_installed_inspection","","version-based runner may see source identity as pending; exact planned-set/status evidence required","not_approved; source SQL may mutate data/DDL/privileges or require historical predecessor state"
"repository","supabase","supabase/migrations/20260907055519_afa767b2-4995-40e0-a8aa-8f1af2463794.sql","20260907055519","afa767b2-4995-40e0-a8aa-8f1af2463794","{""commit"":""3e367fe737cbeb6bb2f780ed377ba6ca4dbc3e0e"",""time"":""2026-09-07T05:55:24Z""}","d6e748de974aafec5e4dee1d2f2f68d158899480","b28641e19a24474b9c759237a80eddbb1783831a479035975a3bb154b147d3aa","b28641e19a24474b9c759237a80eddbb1783831a479035975a3bb154b147d3aa","","false","","","","[]","not_exported_in_001B; no reconstructed ledger bytes assumed","","unresolved_current_ledger","ambiguous","requires_installed_inspection","","version-based runner may see source identity as pending; exact planned-set/status evidence required","not_approved; source SQL may mutate data/DDL/privileges or require historical predecessor state"
"repository","supabase","supabase/migrations/20260907055727_c6b1b60c-d04e-4592-9cab-a25c62f41227.sql","20260907055727","c6b1b60c-d04e-4592-9cab-a25c62f41227","{""commit"":""8bb527b5007b91c25803b1c83e8553d61e84edb3"",""time"":""2026-09-07T05:57:32Z""}","4d0b87eeac41537d965d36b413d62758f48292d9","af7efffbb815d6bf5526272386ff3b3f3e32f54ec1c1aca06e31c9f2be3b0f41","af7efffbb815d6bf5526272386ff3b3f3e32f54ec1c1aca06e31c9f2be3b0f41","","false","","","","[]","not_exported_in_001B; no reconstructed ledger bytes assumed","","unresolved_current_ledger","ambiguous","requires_installed_inspection","","version-based runner may see source identity as pending; exact planned-set/status evidence required","not_approved; source SQL may mutate data/DDL/privileges or require historical predecessor state"
"repository","supabase","supabase/migrations/20260907105429_656d5fe4-3405-40f5-8ece-66802dd61dd2.sql","20260907105429","656d5fe4-3405-40f5-8ece-66802dd61dd2","{""commit"":""562624b00adce9b960c74cd0fdc79891e176bf2e"",""time"":""2026-09-07T10:54:36Z""}","db8382d9a55711def103b91db0bd39ba93c01860","6e6bad14664527b12b32b103096ba086aaa74b7b56e32f7e2b1b803b3ffb6013","3a02a83483e1f71b65669701e45c584de9eabbab3be50cc47211015e96620384","","false","","","","[]","not_exported_in_001B; no reconstructed ledger bytes assumed","","unresolved_current_ledger","ambiguous","requires_installed_inspection","","version-based runner may see source identity as pending; exact planned-set/status evidence required","not_approved; source SQL may mutate data/DDL/privileges or require historical predecessor state"
"repository","supabase","supabase/migrations/20260907105500_fa9113ec-a477-4b9b-ba16-4ca58e6eb836.sql","20260907105500","fa9113ec-a477-4b9b-ba16-4ca58e6eb836","{""commit"":""d3d052d7ad74c56d57f6e14c4fac00924b051236"",""time"":""2026-09-07T10:55:08Z""}","981448b26905e78bc02b107fcac6e1e001132344","b74b4be0d9e09594d0374df6fdb6ae92026550d1dd25f8c392ba3bba4e263ede","e357d8ea7b7dbcc1816eaa40940e890e79b729dfbda7707c2fb65e66aba03fbf","","false","","","","[]","not_exported_in_001B; no reconstructed ledger bytes assumed","","unresolved_current_ledger","ambiguous","requires_installed_inspection","","version-based runner may see source identity as pending; exact planned-set/status evidence required","not_approved; source SQL may mutate data/DDL/privileges or require historical predecessor state"
"repository","supabase","supabase/migrations/20260907110000_combat2_test_runs.sql","20260907110000","combat2_test_runs","{""commit"":""7420ca102eee1c5fbfe9d2e68a421e053b910fdf"",""time"":""2026-09-07T07:48:29+02:00""}","dd106b78a3a0bf6f50dda4b3aaee926717375e43","b9c94d267b4e3e730bfe0d871ab0df5b64e3be28faed43726ef30319648623f4","b9c94d267b4e3e730bfe0d871ab0df5b64e3be28faed43726ef30319648623f4","","false","","","","[]","not_exported_in_001B; no reconstructed ledger bytes assumed","","unresolved_current_ledger","ambiguous","requires_installed_inspection","","version-based runner may see source identity as pending; exact planned-set/status evidence required","not_approved; source SQL may mutate data/DDL/privileges or require historical predecessor state"
"repository","supabase","supabase/migrations/20260907123241_1498e0d0-d1ff-4ad2-b149-7a8390b888bb.sql","20260907123241","1498e0d0-d1ff-4ad2-b149-7a8390b888bb","{""commit"":""300226c01d164f92d5331922e5cd51fbb55f6c49"",""time"":""2026-09-07T12:32:49Z""}","5f03b5c13c5fc63cbb33c83d7f80e91379b67c1f","b9f04e374384f064e662eb443b74ae06a48c8847a9f299be95d77d111ace3e44","a192b9f698a1b5a6cff7b3b9f7df733f611184ad296c374e709777df765a5e8d","","false","","","","[]","not_exported_in_001B; no reconstructed ledger bytes assumed","","unresolved_current_ledger","ambiguous","requires_installed_inspection","","version-based runner may see source identity as pending; exact planned-set/status evidence required","not_approved; source SQL may mutate data/DDL/privileges or require historical predecessor state"
"repository","supabase","supabase/migrations/20260907175312_a1267bef-2b48-4d6e-b932-471139504a93.sql","20260907175312","a1267bef-2b48-4d6e-b932-471139504a93","{""commit"":""bd028ee21eb5dd1a2802b43e53822d404bd5d10e"",""time"":""2026-09-07T17:53:19Z""}","259b26615ba6fc8fb20235e26a20b194a64f7e04","1a68dbaf9b4a7058c309c16b2a3c91c716cc454bea07934a8ee679a3040afa82","1186da66b1155b1032a705f846c241b47e73ff9a798fc9fcdd5d4db98afe7ced","","false","","","","[]","not_exported_in_001B; no reconstructed ledger bytes assumed","","unresolved_current_ledger","ambiguous","requires_installed_inspection","","version-based runner may see source identity as pending; exact planned-set/status evidence required","not_approved; source SQL may mutate data/DDL/privileges or require historical predecessor state"
"repository","supabase","supabase/migrations/20260907200000_combat2_final_ability_closure.sql","20260907200000","combat2_final_ability_closure","{""commit"":""aad5be8058e12eb1e8e3cf2f5ea69f5ac362f0ae"",""time"":""2026-09-07T21:16:29+02:00""}","2212c80120751b2b9a8f9ffb69b0b80ae27a03fe","02d133b26fbccf2d988cc1baff892a29a76ddb953cff11484d8c9f64e32adb23","02d133b26fbccf2d988cc1baff892a29a76ddb953cff11484d8c9f64e32adb23","","false","","","","[]","not_exported_in_001B; no reconstructed ledger bytes assumed","","unresolved_current_ledger","ambiguous","requires_installed_inspection","","version-based runner may see source identity as pending; exact planned-set/status evidence required","not_approved; source SQL may mutate data/DDL/privileges or require historical predecessor state"
"repository","supabase","supabase/migrations/20260908101012_50a06710-aefe-4487-a7ed-f0c2e5858ab2.sql","20260908101012","50a06710-aefe-4487-a7ed-f0c2e5858ab2","{""commit"":""5e3f156fd21741794849c9af5e659c40a462080c"",""time"":""2026-09-08T10:10:20Z""}","963c4f23613cadb8e267d3c91fc4c7b4b23af989","13756846b47dd8caf9a4ef5cec2e54c55ac0801630e223660aef69339ab13191","0dfde89c967b0603fa9e6d5565da9f06123699a3a08c45fd8860fee51bab87fd","","false","","","","[]","not_exported_in_001B; no reconstructed ledger bytes assumed","","unresolved_current_ledger","ambiguous","requires_installed_inspection","","version-based runner may see source identity as pending; exact planned-set/status evidence required","not_approved; source SQL may mutate data/DDL/privileges or require historical predecessor state"
"repository","supabase","supabase/migrations/20260908112320_21e93e42-d887-4725-83f3-95379c287b76.sql","20260908112320","21e93e42-d887-4725-83f3-95379c287b76","{""commit"":""abae0b285e2120be535aa63439f0d65c692c0eec"",""time"":""2026-09-08T11:23:27Z""}","ad99f16089d4400495544165141d96f61aa52156","4df6b7d40ecac1f60c2098666a90c4caee75a44817cf8d464d8cfb68e8f6f7d8","aa310f58f97c413efe35e765ec497bf298401aa7c878b56e4857c01f6ce05dfa","","false","","","","[]","not_exported_in_001B; no reconstructed ledger bytes assumed","","unresolved_current_ledger","ambiguous","requires_installed_inspection","","version-based runner may see source identity as pending; exact planned-set/status evidence required","not_approved; source SQL may mutate data/DDL/privileges or require historical predecessor state"
"repository","supabase","supabase/migrations/20260908122530_e728cbda-72d0-415c-96bf-a8758fe327ac.sql","20260908122530","e728cbda-72d0-415c-96bf-a8758fe327ac","{""commit"":""45b6df60031c1a0d6db6e1b3447e81333ea51e77"",""time"":""2026-09-08T12:25:36Z""}","9b64043b30de460ee5fecc7027368233c87f415d","a2f1d0476fed074ed408d901815ac696e20de14ed41aa41970eec03817dbd8bf","b71752c6a158065ec76d82c461590d5a59d7e75c449ed599be371960b919169f","","false","","","","[]","not_exported_in_001B; no reconstructed ledger bytes assumed","","unresolved_current_ledger","ambiguous","requires_installed_inspection","","version-based runner may see source identity as pending; exact planned-set/status evidence required","not_approved; source SQL may mutate data/DDL/privileges or require historical predecessor state"
"repository","supabase","supabase/migrations/20260908175256_2e41c1c0-9b14-40a2-9627-68f6cf7dbc2b.sql","20260908175256","2e41c1c0-9b14-40a2-9627-68f6cf7dbc2b","{""commit"":""9357e17d0314deee140abb51c3293ab3b6510b1e"",""time"":""2026-09-08T17:59:39Z""}","5c762d08375dd0464b65b0c6bcec0676bd25e4ab","f2b57cf4e0163d2127ff77317afcf004fed73208d9d1c7862068914166aa35ef","0a65aec1abfbcb319a35ba4452513a0defa5dcfb0ade1e6259fe004c25e84c7c","","false","","","","[]","not_exported_in_001B; no reconstructed ledger bytes assumed","","unresolved_current_ledger","ambiguous","requires_installed_inspection","","version-based runner may see source identity as pending; exact planned-set/status evidence required","not_approved; source SQL may mutate data/DDL/privileges or require historical predecessor state"
"repository","supabase","supabase/migrations/20260908210000_inventory_character_authority.sql","20260908210000","inventory_character_authority","{""commit"":""61823885c290f594d89dfc25ecb52fdf750ffa4b"",""time"":""2026-09-08T22:29:24+02:00""}","0f925d4ab83aad1951ec4fd2abbf8a027f1db941","dd495174f8f47272f8ddc5fd60c6cc3c77d41f0ab1bf7fc3d1a4db700081a3bd","dd495174f8f47272f8ddc5fd60c6cc3c77d41f0ab1bf7fc3d1a4db700081a3bd","","false","","","","[{""path"":""supabase/migrations/20260908213420_bbfa1b05-0000-4dbf-b662-1ab7e37699c9.sql"",""version"":""20260908213420"",""byteIdentical"":false}]","not_exported_in_001B; no reconstructed ledger bytes assumed","","source_text_equivalence_only","duplicate_content_alias","requires_installed_inspection","","version-based runner may see source identity as pending; exact planned-set/status evidence required","not_approved; source SQL may mutate data/DDL/privileges or require historical predecessor state"
"repository","supabase","supabase/migrations/20260908213420_bbfa1b05-0000-4dbf-b662-1ab7e37699c9.sql","20260908213420","bbfa1b05-0000-4dbf-b662-1ab7e37699c9","{""commit"":""a50930b903556c77ba890255cbc59bf96864e954"",""time"":""2026-09-08T21:34:28Z""}","03a7b5179dba0ce07eae8ab1e2fafb8611e07c5b","f5d9eb46b00dabd5f7392f503a1ca58632f4c3d294c2d24c15d3f4d3d3ee704e","dd495174f8f47272f8ddc5fd60c6cc3c77d41f0ab1bf7fc3d1a4db700081a3bd","","false","","","","[{""path"":""supabase/migrations/20260908210000_inventory_character_authority.sql"",""version"":""20260908210000"",""byteIdentical"":false}]","not_exported_in_001B; no reconstructed ledger bytes assumed","","source_text_equivalence_only","duplicate_content_alias","requires_installed_inspection","","version-based runner may see source identity as pending; exact planned-set/status evidence required","not_approved; source SQL may mutate data/DDL/privileges or require historical predecessor state"
"repository","supabase","supabase/migrations/20260909055849_0c556823-d241-4047-af69-e45a508523a5.sql","20260909055849","0c556823-d241-4047-af69-e45a508523a5","{""commit"":""b732712cba893275cdb75cffe00b55954fd939b2"",""time"":""2026-09-09T05:58:54Z""}","bc7f80b70337a181e36d5c876cacaa14fdea278a","0b7c384bde8f42505a29eefc42974ffd36b4075cd70fbc58b4502e0e7a364bc5","b177733a79ac0a18d2aa4308e5b18ab4aafbd1de7d2c5bb40336dfcbd23adfae","","false","","","","[{""path"":""supabase/migrations/20260909090000_authoritative_hidden_path_search.sql"",""version"":""20260909090000"",""byteIdentical"":false}]","not_exported_in_001B; no reconstructed ledger bytes assumed","","source_text_equivalence_only","duplicate_content_alias","requires_installed_inspection","","version-based runner may see source identity as pending; exact planned-set/status evidence required","not_approved; source SQL may mutate data/DDL/privileges or require historical predecessor state"
"repository","supabase","supabase/migrations/20260909090000_authoritative_hidden_path_search.sql","20260909090000","authoritative_hidden_path_search","{""commit"":""26f860fea8cdefef91ebbadd60fd0fcf17c69dad"",""time"":""2026-09-09T00:15:34+02:00""}","47a6d9c01ba2d2287c2d2a4ad71ce1a1fcc63f89","b177733a79ac0a18d2aa4308e5b18ab4aafbd1de7d2c5bb40336dfcbd23adfae","b177733a79ac0a18d2aa4308e5b18ab4aafbd1de7d2c5bb40336dfcbd23adfae","","false","","","","[{""path"":""supabase/migrations/20260909055849_0c556823-d241-4047-af69-e45a508523a5.sql"",""version"":""20260909055849"",""byteIdentical"":false}]","not_exported_in_001B; no reconstructed ledger bytes assumed","","source_text_equivalence_only","duplicate_content_alias","requires_installed_inspection","","version-based runner may see source identity as pending; exact planned-set/status evidence required","not_approved; source SQL may mutate data/DDL/privileges or require historical predecessor state"
"repository","supabase","supabase/migrations/20260909120000_combat2_authoritative_rewards_loot.sql","20260909120000","combat2_authoritative_rewards_loot","{""commit"":""a4b701ea363d716417244f46a18faa05e3072c65"",""time"":""2026-09-09T15:07:58+02:00""}","9aaa8ac4da8590cbefc6321a33728bcfe2b62f4c","604967d973e196a3da1107452c127a6f78a974cc03bbbcb2642d7b96d5358506","604967d973e196a3da1107452c127a6f78a974cc03bbbcb2642d7b96d5358506","","false","","","","[{""path"":""supabase/migrations/20260909133041_4e1b901d-4adc-4ce3-a8fa-9efd960d88b3.sql"",""version"":""20260909133041"",""byteIdentical"":false}]","not_exported_in_001B; no reconstructed ledger bytes assumed","","source_text_equivalence_only","duplicate_content_alias","requires_installed_inspection","","version-based runner may see source identity as pending; exact planned-set/status evidence required","not_approved; source SQL may mutate data/DDL/privileges or require historical predecessor state"
"repository","supabase","supabase/migrations/20260909133041_4e1b901d-4adc-4ce3-a8fa-9efd960d88b3.sql","20260909133041","4e1b901d-4adc-4ce3-a8fa-9efd960d88b3","{""commit"":""1b9cf23b4f5c59ca0fa64e14ad360572d3b70ff9"",""time"":""2026-09-09T13:30:49Z""}","ece481bc30db058448c672b210da6a88c9f979e7","8e3d5c1d04b745c3e603aaedfb3db467bf800fe04e5eee1fa091f8ce193f23e5","604967d973e196a3da1107452c127a6f78a974cc03bbbcb2642d7b96d5358506","","false","","","","[{""path"":""supabase/migrations/20260909120000_combat2_authoritative_rewards_loot.sql"",""version"":""20260909120000"",""byteIdentical"":false}]","not_exported_in_001B; no reconstructed ledger bytes assumed","","source_text_equivalence_only","duplicate_content_alias","requires_installed_inspection","","version-based runner may see source identity as pending; exact planned-set/status evidence required","not_approved; source SQL may mutate data/DDL/privileges or require historical predecessor state"
"repository","supabase","supabase/migrations/20260909150000_combat2_equipment_durability.sql","20260909150000","combat2_equipment_durability","{""commit"":""0a5d06216072e56587a6eaf49c40c45de97937a8"",""time"":""2026-09-09T19:47:54+02:00""}","95bfe0ee290b91de0be418f52c6afc15d0671029","1af6121524af31580dd9ba250bdb1f1fa4b089b72045d540cf9f12ac582fb75f","1af6121524af31580dd9ba250bdb1f1fa4b089b72045d540cf9f12ac582fb75f","","false","","","","[{""path"":""supabase/migrations/20260909195259_2f0ee956-21cb-4eeb-94ff-2be48319b7af.sql"",""version"":""20260909195259"",""byteIdentical"":false}]","not_exported_in_001B; no reconstructed ledger bytes assumed","","source_text_equivalence_only","duplicate_content_alias","requires_installed_inspection","","version-based runner may see source identity as pending; exact planned-set/status evidence required","not_approved; source SQL may mutate data/DDL/privileges or require historical predecessor state"
"repository","supabase","supabase/migrations/20260909195259_2f0ee956-21cb-4eeb-94ff-2be48319b7af.sql","20260909195259","2f0ee956-21cb-4eeb-94ff-2be48319b7af","{""commit"":""20b46391ec0ebf194ea815c936fb8dca17878ade"",""time"":""2026-09-09T19:53:03Z""}","9d5f3cb27163250028c533cd3bcd3bf4816bd061","37bad0ad93336fffa5c95063e4efbe94cbc15b4b0738762614f4627ca36273b2","1af6121524af31580dd9ba250bdb1f1fa4b089b72045d540cf9f12ac582fb75f","","false","","","","[{""path"":""supabase/migrations/20260909150000_combat2_equipment_durability.sql"",""version"":""20260909150000"",""byteIdentical"":false}]","not_exported_in_001B; no reconstructed ledger bytes assumed","","source_text_equivalence_only","duplicate_content_alias","requires_installed_inspection","","version-based runner may see source identity as pending; exact planned-set/status evidence required","not_approved; source SQL may mutate data/DDL/privileges or require historical predecessor state"
"repository","supabase","supabase/migrations/20260909210000_combat2_node_canary_control.sql","20260909210000","combat2_node_canary_control","{""commit"":""68e4782ab7159fbc13f6a029fcdfedc2b01d4e44"",""time"":""2026-09-09T22:25:43+02:00""}","3fc14557d91f06825c258324e87518d803a11454","3890c38964baea546e50be4bda422e238e3ae75cd68323571fabb35d18a763e1","3890c38964baea546e50be4bda422e238e3ae75cd68323571fabb35d18a763e1","","false","","","","[{""path"":""supabase/migrations/20260909220525_d15f854b-107c-4813-b8c6-be58bc5b8c1d.sql"",""version"":""20260909220525"",""byteIdentical"":false}]","not_exported_in_001B; no reconstructed ledger bytes assumed","","source_text_equivalence_only","duplicate_content_alias","requires_installed_inspection","","version-based runner may see source identity as pending; exact planned-set/status evidence required","not_approved; source SQL may mutate data/DDL/privileges or require historical predecessor state"
"repository","supabase","supabase/migrations/20260909220525_d15f854b-107c-4813-b8c6-be58bc5b8c1d.sql","20260909220525","d15f854b-107c-4813-b8c6-be58bc5b8c1d","{""commit"":""ec9cb9d97afbff2cea219dab0343f7d5d6cf29ec"",""time"":""2026-09-09T22:05:32Z""}","2b511463d8be292bdd85d5ae0d829171658e0ac1","ef8a7756edac02d132934cd36f2bbfedcef6d16ff1c85ab2a7a3010dbb598d8d","3890c38964baea546e50be4bda422e238e3ae75cd68323571fabb35d18a763e1","","false","","","","[{""path"":""supabase/migrations/20260909210000_combat2_node_canary_control.sql"",""version"":""20260909210000"",""byteIdentical"":false}]","not_exported_in_001B; no reconstructed ledger bytes assumed","","source_text_equivalence_only","duplicate_content_alias","requires_installed_inspection","","version-based runner may see source identity as pending; exact planned-set/status evidence required","not_approved; source SQL may mutate data/DDL/privileges or require historical predecessor state"
"repository","supabase","supabase/migrations/20260910090000_combat2_test_arena_lifecycle_repair.sql","20260910090000","combat2_test_arena_lifecycle_repair","{""commit"":""212311464c21a30bf327146bfde9cc1957db8286"",""time"":""2026-09-11T00:04:06+02:00""}","dd2ddfc97385e19e2a1e80ce4c974a8786f9e4f0","bae1315f898febd5d84ca34beeaefa8d0dab35b5e88fe7a47b9d73e6019b614a","bae1315f898febd5d84ca34beeaefa8d0dab35b5e88fe7a47b9d73e6019b614a","","false","","","","[{""path"":""supabase/migrations/20260910220826_bacf628a-c62f-4890-9694-58494a7d6614.sql"",""version"":""20260910220826"",""byteIdentical"":false}]","not_exported_in_001B; no reconstructed ledger bytes assumed","","source_text_equivalence_only","duplicate_content_alias","requires_installed_inspection","","version-based runner may see source identity as pending; exact planned-set/status evidence required","not_approved; source SQL may mutate data/DDL/privileges or require historical predecessor state"
"repository","supabase","supabase/migrations/20260910220826_bacf628a-c62f-4890-9694-58494a7d6614.sql","20260910220826","bacf628a-c62f-4890-9694-58494a7d6614","{""commit"":""79958776de02126126ba8f24eef5357eaf5480d9"",""time"":""2026-09-10T22:08:32Z""}","33212010ece5273be3fb057317a5f03fd76cb2e4","1345ca17fe61065e03d97c5574c5dd294cdad29c3d47e4af8ceac3619e31753c","bae1315f898febd5d84ca34beeaefa8d0dab35b5e88fe7a47b9d73e6019b614a","","false","","","","[{""path"":""supabase/migrations/20260910090000_combat2_test_arena_lifecycle_repair.sql"",""version"":""20260910090000"",""byteIdentical"":false}]","not_exported_in_001B; no reconstructed ledger bytes assumed","","source_text_equivalence_only","duplicate_content_alias","requires_installed_inspection","","version-based runner may see source identity as pending; exact planned-set/status evidence required","not_approved; source SQL may mutate data/DDL/privileges or require historical predecessor state"
"repository","supabase","supabase/migrations/20260911100000_combat2_test_arena_runtime_repair.sql","20260911100000","combat2_test_arena_runtime_repair","{""commit"":""97244393b6e78bb8078d24f3716c9373d3260041"",""time"":""2026-09-11T10:30:48+02:00""}","2207b741f43660c6dc0e26a99e283c44a42c5b72","503f8dbbf22e89db74b568cd7cdf80b2f63d9e23032c9bd8100035a2be7b8672","503f8dbbf22e89db74b568cd7cdf80b2f63d9e23032c9bd8100035a2be7b8672","","false","","","","[{""path"":""supabase/migrations/20260911211108_ba48e45e-1b5c-44bb-9f50-db8e70180936.sql"",""version"":""20260911211108"",""byteIdentical"":false}]","not_exported_in_001B; no reconstructed ledger bytes assumed","","source_text_equivalence_only","duplicate_content_alias","requires_installed_inspection","","version-based runner may see source identity as pending; exact planned-set/status evidence required","not_approved; source SQL may mutate data/DDL/privileges or require historical predecessor state"
"repository","supabase","supabase/migrations/20260911211108_ba48e45e-1b5c-44bb-9f50-db8e70180936.sql","20260911211108","ba48e45e-1b5c-44bb-9f50-db8e70180936","{""commit"":""aaccff90e3738b484ac21b146a54c2d3b53488d2"",""time"":""2026-09-11T21:11:16Z""}","fc833ac761ad4470aeccc503c3ee06020c3cba04","b03b7964b8c425da48d2c812ab9862f8ac2bc50f8dd2841e91b9f892da2edd6c","503f8dbbf22e89db74b568cd7cdf80b2f63d9e23032c9bd8100035a2be7b8672","","false","","","","[{""path"":""supabase/migrations/20260911100000_combat2_test_arena_runtime_repair.sql"",""version"":""20260911100000"",""byteIdentical"":false}]","not_exported_in_001B; no reconstructed ledger bytes assumed","","source_text_equivalence_only","duplicate_content_alias","requires_installed_inspection","","version-based runner may see source identity as pending; exact planned-set/status evidence required","not_approved; source SQL may mutate data/DDL/privileges or require historical predecessor state"
"repository","supabase","supabase/migrations/20260911222513_76362b2d-cdb0-4f60-82e3-52754aacfde6.sql","20260911222513","76362b2d-cdb0-4f60-82e3-52754aacfde6","{""commit"":""182eea826793066b10276a76beadbaf505d1d7cf"",""time"":""2026-09-11T22:25:21Z""}","8511d4a2536a7b71226456c570a0672699f57d0e","157876955fc6c29518e07a4fc36a02ba4f09555f207b66fa74487a941170dc37","e01ec2a2069d15da785e4a57f827b722d7fc80478227b8c88aede7b21d1a4e98","","false","","","","[{""path"":""supabase/migrations/20260912100000_combat2_commit_and_automatic_arena_lifecycle.sql"",""version"":""20260912100000"",""byteIdentical"":false}]","not_exported_in_001B; no reconstructed ledger bytes assumed","","source_text_equivalence_only","duplicate_content_alias","requires_installed_inspection","","version-based runner may see source identity as pending; exact planned-set/status evidence required","not_approved; source SQL may mutate data/DDL/privileges or require historical predecessor state"
"repository","supabase","supabase/migrations/20260912100000_combat2_commit_and_automatic_arena_lifecycle.sql","20260912100000","combat2_commit_and_automatic_arena_lifecycle","{""commit"":""d5c30b9bb4701c7fc4d8431c14d091fcb2345156"",""time"":""2026-09-12T00:19:20+02:00""}","a722e7d31e884b4ced30dee97fbf4f11478f96e8","e01ec2a2069d15da785e4a57f827b722d7fc80478227b8c88aede7b21d1a4e98","e01ec2a2069d15da785e4a57f827b722d7fc80478227b8c88aede7b21d1a4e98","","false","","","","[{""path"":""supabase/migrations/20260911222513_76362b2d-cdb0-4f60-82e3-52754aacfde6.sql"",""version"":""20260911222513"",""byteIdentical"":false}]","not_exported_in_001B; no reconstructed ledger bytes assumed","","source_text_equivalence_only","duplicate_content_alias","requires_installed_inspection","","version-based runner may see source identity as pending; exact planned-set/status evidence required","not_approved; source SQL may mutate data/DDL/privileges or require historical predecessor state"
"repository","supabase","supabase/migrations/20260912140000_combat2_departure_state_projection.sql","20260912140000","combat2_departure_state_projection","{""commit"":""c508b91c6d93cfa3b3195df6a2ccbd42a274787e"",""time"":""2026-09-12T01:01:30+02:00""}","b06c232447a78f6817bc1cca861054892dff2cdf","5ef99efb653b54f31578931e204266ceb7fb720c6f0f9ddaec532d0cf89b3795","5ef99efb653b54f31578931e204266ceb7fb720c6f0f9ddaec532d0cf89b3795","","false","","","","[{""path"":""supabase/migrations/20260913212845_6e9e221b-672b-4dd5-a804-1d657ab3b6bc.sql"",""version"":""20260913212845"",""byteIdentical"":false}]","not_exported_in_001B; no reconstructed ledger bytes assumed","","source_text_equivalence_only","duplicate_content_alias","requires_installed_inspection","","version-based runner may see source identity as pending; exact planned-set/status evidence required","not_approved; source SQL may mutate data/DDL/privileges or require historical predecessor state"
"repository","supabase","supabase/migrations/20260913100000_combat2_production_cutover.sql","20260913100000","combat2_production_cutover","{""commit"":""0c39646412ecfd40fbfa81dcee06b8d5b50eed4f"",""time"":""2026-09-13T23:21:49+02:00""}","a83ef8b3b333c4a869f7f3d094be95781aad677d","0e3c94c2a5c5256f50c3146509f3ae9d7223e96877ee185813194e77c3491c84","0e3c94c2a5c5256f50c3146509f3ae9d7223e96877ee185813194e77c3491c84","","false","","","","[{""path"":""supabase/migrations/20260913212930_792138d6-ff33-4dd1-868c-85d0e930f112.sql"",""version"":""20260913212930"",""byteIdentical"":false}]","not_exported_in_001B; no reconstructed ledger bytes assumed","","source_text_equivalence_only","duplicate_content_alias","requires_installed_inspection","","version-based runner may see source identity as pending; exact planned-set/status evidence required","not_approved; source SQL may mutate data/DDL/privileges or require historical predecessor state"
"repository","supabase","supabase/migrations/20260913212845_6e9e221b-672b-4dd5-a804-1d657ab3b6bc.sql","20260913212845","6e9e221b-672b-4dd5-a804-1d657ab3b6bc","{""commit"":""94c1675ff992cb3d9bcf3dc5863c84ff55ee0acc"",""time"":""2026-09-13T21:28:50Z""}","7a376a5548f5906ca5b8f5b91c82d9e516d93bb6","f1c5089f5e7a15197989a21fa54fe27328ba210fb3c773087da571cdbadbbd7e","5ef99efb653b54f31578931e204266ceb7fb720c6f0f9ddaec532d0cf89b3795","","false","","","","[{""path"":""supabase/migrations/20260912140000_combat2_departure_state_projection.sql"",""version"":""20260912140000"",""byteIdentical"":false}]","not_exported_in_001B; no reconstructed ledger bytes assumed","","source_text_equivalence_only","duplicate_content_alias","requires_installed_inspection","","version-based runner may see source identity as pending; exact planned-set/status evidence required","not_approved; source SQL may mutate data/DDL/privileges or require historical predecessor state"
"repository","supabase","supabase/migrations/20260913212930_792138d6-ff33-4dd1-868c-85d0e930f112.sql","20260913212930","792138d6-ff33-4dd1-868c-85d0e930f112","{""commit"":""fbf22febd7d2de107696ad2696ea4d9b95c0fc90"",""time"":""2026-09-13T21:29:34Z""}","02b03f756e93b8a374aedf602dc5529be92ce924","43d2715c2523dea969b910891afa72d0729752fd360e9348e9f52ef70cc5d47c","0e3c94c2a5c5256f50c3146509f3ae9d7223e96877ee185813194e77c3491c84","","false","","","","[{""path"":""supabase/migrations/20260913100000_combat2_production_cutover.sql"",""version"":""20260913100000"",""byteIdentical"":false}]","not_exported_in_001B; no reconstructed ledger bytes assumed","","source_text_equivalence_only","duplicate_content_alias","requires_installed_inspection","","version-based runner may see source identity as pending; exact planned-set/status evidence required","not_approved; source SQL may mutate data/DDL/privileges or require historical predecessor state"
"repository","supabase","supabase/migrations/20260914080422_2363a563-fe6c-4a67-b49e-ef6531184c23.sql","20260914080422","2363a563-fe6c-4a67-b49e-ef6531184c23","{""commit"":""bdd1b7b7550f407ec3ea971bf5db619c46ae1a61"",""time"":""2026-09-14T08:04:29Z""}","4bd77772ec7571cdcbe8bc5f700ac8a1cb8c4a89","b9725507317cab0b44f85e7d9c5b6c729a9be3528b47778a9f81298acf686d4d","bebea55e28a28b5cfc2d5ff006d0126545048e3b730785c66d64a19a3382cd81","","false","","","","[{""path"":""supabase/migrations/20260914100000_combat2_boss_catalogue_normalization.sql"",""version"":""20260914100000"",""byteIdentical"":false}]","not_exported_in_001B; no reconstructed ledger bytes assumed","","source_text_equivalence_only","duplicate_content_alias","requires_installed_inspection","","version-based runner may see source identity as pending; exact planned-set/status evidence required","not_approved; source SQL may mutate data/DDL/privileges or require historical predecessor state"
"repository","supabase","supabase/migrations/20260914080520_a3a5b23b-ef86-4820-a67e-98eb1bb760cd.sql","20260914080520","a3a5b23b-ef86-4820-a67e-98eb1bb760cd","{""commit"":""48f9551087c0d9b76c637ce133533f4a09005aaf"",""time"":""2026-09-14T08:05:24Z""}","150128f3a13237d21137c915bb1c375e21c1d0fc","cf273ee8eec32614d74c968dc28efe83df183283e2d20f4c5a7edad01687c644","61376b6e5867b7141375d9319d43c4cbcc62ccae8dbbd00e2401240c95f2fdbd","","false","","","","[{""path"":""supabase/migrations/20260914110000_combat2_boss_tick_timing.sql"",""version"":""20260914110000"",""byteIdentical"":false}]","not_exported_in_001B; no reconstructed ledger bytes assumed","","source_text_equivalence_only","duplicate_content_alias","requires_installed_inspection","","version-based runner may see source identity as pending; exact planned-set/status evidence required","not_approved; source SQL may mutate data/DDL/privileges or require historical predecessor state"
"repository","supabase","supabase/migrations/20260914100000_combat2_boss_catalogue_normalization.sql","20260914100000","combat2_boss_catalogue_normalization","{""commit"":""d0e082f2cbb900ea5cba58a72fd13abdc5e622f3"",""time"":""2026-09-13T23:51:34+02:00""}","60b974a11898db2a78c534604a95594652e86238","bebea55e28a28b5cfc2d5ff006d0126545048e3b730785c66d64a19a3382cd81","bebea55e28a28b5cfc2d5ff006d0126545048e3b730785c66d64a19a3382cd81","","false","","","","[{""path"":""supabase/migrations/20260914080422_2363a563-fe6c-4a67-b49e-ef6531184c23.sql"",""version"":""20260914080422"",""byteIdentical"":false}]","not_exported_in_001B; no reconstructed ledger bytes assumed","","source_text_equivalence_only","duplicate_content_alias","requires_installed_inspection","","version-based runner may see source identity as pending; exact planned-set/status evidence required","not_approved; source SQL may mutate data/DDL/privileges or require historical predecessor state"
"repository","supabase","supabase/migrations/20260914110000_combat2_boss_tick_timing.sql","20260914110000","combat2_boss_tick_timing","{""commit"":""366cf68dcc04ea743304f4cd6cd7b48ceb083667"",""time"":""2026-09-14T06:43:20+02:00""}","53f42c50a34fc08d967c6e38257db9ccfc6fe362","61376b6e5867b7141375d9319d43c4cbcc62ccae8dbbd00e2401240c95f2fdbd","61376b6e5867b7141375d9319d43c4cbcc62ccae8dbbd00e2401240c95f2fdbd","","false","","","","[{""path"":""supabase/migrations/20260914080520_a3a5b23b-ef86-4820-a67e-98eb1bb760cd.sql"",""version"":""20260914080520"",""byteIdentical"":false}]","not_exported_in_001B; no reconstructed ledger bytes assumed","","source_text_equivalence_only","duplicate_content_alias","requires_installed_inspection","","version-based runner may see source identity as pending; exact planned-set/status evidence required","not_approved; source SQL may mutate data/DDL/privileges or require historical predecessor state"
"repository","supabase","supabase/migrations/20260914122540_257e8c25-12a0-4b99-8139-46b6fa17fa8f.sql","20260914122540","257e8c25-12a0-4b99-8139-46b6fa17fa8f","{""commit"":""c72b4d0f2dd43a598bf7cbd5f764413b6a5031a2"",""time"":""2026-09-14T12:25:44Z""}","2669cf8c994f72cc51c8382e5ca25ce9e1b5903d","eaeff195129b4c961a92e0bae213f31b5cd2ca77da60c8859ae99848c897036a","9d3cedba46f5ecd90fc8976301737cb3a1bc76bfd9f59862c18bad9966535f0e","","false","","","","[{""path"":""supabase/migrations/20260915100000_combat2_special_transition_fences.sql"",""version"":""20260915100000"",""byteIdentical"":false}]","not_exported_in_001B; no reconstructed ledger bytes assumed","","source_text_equivalence_only","duplicate_content_alias","requires_installed_inspection","","version-based runner may see source identity as pending; exact planned-set/status evidence required","not_approved; source SQL may mutate data/DDL/privileges or require historical predecessor state"
"repository","supabase","supabase/migrations/20260914125929_4019a56a-54d2-49dd-b46f-6c2edd93a2a9.sql","20260914125929","4019a56a-54d2-49dd-b46f-6c2edd93a2a9","{""commit"":""2242a78616cbe938b898efdde3c473f7bf20843f"",""time"":""2026-09-14T12:59:33Z""}","eaa790f149f26ab95263b96cb7e16ef0be1cb086","6f4b01bb44eb7b3361a8dd1f9859c387f5195c9ded0e78f2ee54d99946029652","c37982ac2324822438551846d62e4c5f8989019569875d696d1ecdcb7467f4e0","","false","","","","[{""path"":""supabase/migrations/20260915120000_combat2_inactive_fighter_lifecycle.sql"",""version"":""20260915120000"",""byteIdentical"":false}]","not_exported_in_001B; no reconstructed ledger bytes assumed","","source_text_equivalence_only","duplicate_content_alias","requires_installed_inspection","","version-based runner may see source identity as pending; exact planned-set/status evidence required","not_approved; source SQL may mutate data/DDL/privileges or require historical predecessor state"
"repository","supabase","supabase/migrations/20260915100000_combat2_special_transition_fences.sql","20260915100000","combat2_special_transition_fences","{""commit"":""d49e2e3b9aa72a596fb8f66e0a6ce7de2c7ee4a8"",""time"":""2026-09-14T13:40:09+02:00""}","a541bba38ffd70971c516082f9e474b4d055a363","9d3cedba46f5ecd90fc8976301737cb3a1bc76bfd9f59862c18bad9966535f0e","9d3cedba46f5ecd90fc8976301737cb3a1bc76bfd9f59862c18bad9966535f0e","","false","","","","[{""path"":""supabase/migrations/20260914122540_257e8c25-12a0-4b99-8139-46b6fa17fa8f.sql"",""version"":""20260914122540"",""byteIdentical"":false}]","not_exported_in_001B; no reconstructed ledger bytes assumed","","source_text_equivalence_only","duplicate_content_alias","requires_installed_inspection","","version-based runner may see source identity as pending; exact planned-set/status evidence required","not_approved; source SQL may mutate data/DDL/privileges or require historical predecessor state"
"repository","supabase","supabase/migrations/20260915120000_combat2_inactive_fighter_lifecycle.sql","20260915120000","combat2_inactive_fighter_lifecycle","{""commit"":""d9f6f08e9ccb11cee735a2c2d9b69b1ad57ba543"",""time"":""2026-09-14T14:46:16+02:00""}","c79c2aa40a5b4dd81604bc339428097d1e11af89","c37982ac2324822438551846d62e4c5f8989019569875d696d1ecdcb7467f4e0","c37982ac2324822438551846d62e4c5f8989019569875d696d1ecdcb7467f4e0","","false","","","","[{""path"":""supabase/migrations/20260914125929_4019a56a-54d2-49dd-b46f-6c2edd93a2a9.sql"",""version"":""20260914125929"",""byteIdentical"":false}]","not_exported_in_001B; no reconstructed ledger bytes assumed","","source_text_equivalence_only","duplicate_content_alias","requires_installed_inspection","","version-based runner may see source identity as pending; exact planned-set/status evidence required","not_approved; source SQL may mutate data/DDL/privileges or require historical predecessor state"
"repository","supabase","supabase/migrations/20260915130000_admin_area_type_rename.sql","20260915130000","admin_area_type_rename","{""commit"":""818872de3872dee7a0c9607aa81d2806735b4ff7"",""time"":""2026-09-14T22:32:30+02:00""}","a71cd247fd95951590a331dbe50e81ca82aa6fd6","b79065a66f315c1d95364f5786cf49f5e892de39ed9525a1cc3a8c720cd5c986","b79065a66f315c1d95364f5786cf49f5e892de39ed9525a1cc3a8c720cd5c986","","false","","","","[{""path"":""supabase/migrations/20260917132836_8fd4df86-2c59-4bd2-aa64-5f841b37e46c.sql"",""version"":""20260917132836"",""byteIdentical"":false}]","not_exported_in_001B; no reconstructed ledger bytes assumed","","source_text_equivalence_only","duplicate_content_alias","requires_installed_inspection","","version-based runner may see source identity as pending; exact planned-set/status evidence required","not_approved; source SQL may mutate data/DDL/privileges or require historical predecessor state"
"repository","supabase","supabase/migrations/20260915140000_admin_reciprocal_node_connections.sql","20260915140000","admin_reciprocal_node_connections","{""commit"":""072235fbc21917e14ce5f12eae67fa32361055a9"",""time"":""2026-09-15T00:25:42+02:00""}","d4ac98f4c312c1227e8db663c8471c20a7710e83","02d70a6174bc775dce3f5dea1fe2ae314204134f2a0577bb05324f6fb93b6366","02d70a6174bc775dce3f5dea1fe2ae314204134f2a0577bb05324f6fb93b6366","","false","","","","[{""path"":""supabase/migrations/20260917132943_e13f0804-89c2-43b5-88d1-0a5cc88c8af9.sql"",""version"":""20260917132943"",""byteIdentical"":false}]","not_exported_in_001B; no reconstructed ledger bytes assumed","","source_text_equivalence_only","duplicate_content_alias","requires_installed_inspection","","version-based runner may see source identity as pending; exact planned-set/status evidence required","not_approved; source SQL may mutate data/DDL/privileges or require historical predecessor state"
"repository","supabase","supabase/migrations/20260915150000_admin_region_initial_node_creation.sql","20260915150000","admin_region_initial_node_creation","{""commit"":""325ab8f4fc30719219c29501fc51298dde1534f0"",""time"":""2026-09-15T00:39:54+02:00""}","bd6494f7f2cc866229b23f813294c60dff1b3e74","a93342093adb1b38fa9273b25efe441defb08fd6136af71c89ddc2f3e24b9b1e","a93342093adb1b38fa9273b25efe441defb08fd6136af71c89ddc2f3e24b9b1e","","false","","","","[{""path"":""supabase/migrations/20260917133016_34f930e7-7795-4fbd-99aa-f5a87b390b84.sql"",""version"":""20260917133016"",""byteIdentical"":false}]","not_exported_in_001B; no reconstructed ledger bytes assumed","","source_text_equivalence_only","duplicate_content_alias","requires_installed_inspection","","version-based runner may see source identity as pending; exact planned-set/status evidence required","not_approved; source SQL may mutate data/DDL/privileges or require historical predecessor state"
"repository","supabase","supabase/migrations/20260915160000_admin_adjacent_node_creation.sql","20260915160000","admin_adjacent_node_creation","{""commit"":""59e3b6eb5e9b6e73aeee238eaeae301251e634f4"",""time"":""2026-09-15T00:57:58+02:00""}","4c8b5f05b735362df77329bd8ca7cd09477bbebe","d823e4b3c8813197767181fa10b457087464ae23e184139f9d030943cc1bc771","d823e4b3c8813197767181fa10b457087464ae23e184139f9d030943cc1bc771","","false","","","","[{""path"":""supabase/migrations/20260917133107_c49ddc4a-c27a-4973-bb3e-5acb29d39b5d.sql"",""version"":""20260917133107"",""byteIdentical"":false}]","not_exported_in_001B; no reconstructed ledger bytes assumed","","source_text_equivalence_only","duplicate_content_alias","requires_installed_inspection","","version-based runner may see source identity as pending; exact planned-set/status evidence required","not_approved; source SQL may mutate data/DDL/privileges or require historical predecessor state"
"repository","supabase","supabase/migrations/20260915170000_admin_batch_node_mutation.sql","20260915170000","admin_batch_node_mutation","{""commit"":""9f930ce49bd10452be4bd35b98c6faffa2a36afb"",""time"":""2026-09-15T07:49:14+02:00""}","acdc7a3afa1a079bc84370c625555579306c918f","076155947198a8aa0dfa9d8b13ad27350cb374e533b4681c08f0b37c72b841ad","076155947198a8aa0dfa9d8b13ad27350cb374e533b4681c08f0b37c72b841ad","","false","","","","[{""path"":""supabase/migrations/20260917133154_c5911ee4-a930-431e-831c-c22a31fbf8ba.sql"",""version"":""20260917133154"",""byteIdentical"":false}]","not_exported_in_001B; no reconstructed ledger bytes assumed","","source_text_equivalence_only","duplicate_content_alias","requires_installed_inspection","","version-based runner may see source identity as pending; exact planned-set/status evidence required","not_approved; source SQL may mutate data/DDL/privileges or require historical predecessor state"
"repository","supabase","supabase/migrations/20260915180000_admin_loot_table_mutation.sql","20260915180000","admin_loot_table_mutation","{""commit"":""3a8ed1468441944e249140a9e423b6d2ecd8d6f7"",""time"":""2026-09-15T08:20:24+02:00""}","6629a2f97f1c31c647dcd0e92ac75431695ab5da","44dd9e9411d0614e516810614bc10a80227e1dbdb66fa68e133115fd9d196351","44dd9e9411d0614e516810614bc10a80227e1dbdb66fa68e133115fd9d196351","","false","","","","[{""path"":""supabase/migrations/20260917133256_dc1edbc9-46cd-4f57-a839-66e427769cb2.sql"",""version"":""20260917133256"",""byteIdentical"":false}]","not_exported_in_001B; no reconstructed ledger bytes assumed","","source_text_equivalence_only","duplicate_content_alias","requires_installed_inspection","","version-based runner may see source identity as pending; exact planned-set/status evidence required","not_approved; source SQL may mutate data/DDL/privileges or require historical predecessor state"
"repository","supabase","supabase/migrations/20260915190000_combat2_authoritative_reward_model.sql","20260915190000","combat2_authoritative_reward_model","{""commit"":""560a3c4266939fef24bce5edce01ca96a1a68bc2"",""time"":""2026-09-15T22:28:14+02:00""}","dc0d5d55c015f170da852dc0bab147135d44480b","229374a259d7e91837c4a0901c676d584dba1cb0c96cb3836fe822391a68adb2","229374a259d7e91837c4a0901c676d584dba1cb0c96cb3836fe822391a68adb2","","false","","","","[{""path"":""supabase/migrations/20260917133413_fc7e672e-18b4-4103-9e8a-40f493fa167f.sql"",""version"":""20260917133413"",""byteIdentical"":false}]","not_exported_in_001B; no reconstructed ledger bytes assumed","","source_text_equivalence_only","duplicate_content_alias","requires_installed_inspection","","version-based runner may see source identity as pending; exact planned-set/status evidence required","not_approved; source SQL may mutate data/DDL/privileges or require historical predecessor state"
"repository","supabase","supabase/migrations/20260915200000_combat2_authoritative_reward_channels.sql","20260915200000","combat2_authoritative_reward_channels","{""commit"":""3450c00147c9f5f77a69e4e73e35d58865422b17"",""time"":""2026-09-15T23:50:32+02:00""}","feb9017c932487ff528af4231458df0b82863b4e","0e485d69a6a6c3cdff6aba492ff301f95fd93609ba0bdf1f1e5e60b859eb4fcc","0e485d69a6a6c3cdff6aba492ff301f95fd93609ba0bdf1f1e5e60b859eb4fcc","","false","","","","[]","not_exported_in_001B; no reconstructed ledger bytes assumed","","explicit_prior_exclusion; no_new_installation_evidence","repository_only","requires_separate_migration_analysis","docs/operations/project-state.json:20260915200000 explicitly unapplied; fresh 001B H0 unmatched list","version-based runner may see source identity as pending; exact planned-set/status evidence required","not_approved; source SQL may mutate data/DDL/privileges or require historical predecessor state"
"repository","supabase","supabase/migrations/20260916112047_236c1f40-146d-4205-805e-718169631d12.sql","20260916112047","236c1f40-146d-4205-805e-718169631d12","{""commit"":""e0776e8c723caca571bfb6af2614a2b798c71e27"",""time"":""2026-09-16T11:20:51Z""}","29fab3f8df54373b0ac5d9c179b7a53b135378bd","e7d081c3a6f9e19c9e7cf7842b2a5ba454f03a7cb464f32fcd11a9815abe39ad","5417724f9ef4ebafa61ff90cd709b1121184c4ff6164ab963181cb1b28d8647b","","false","","","","[]","not_exported_in_001B; no reconstructed ledger bytes assumed","","unresolved_current_ledger","ambiguous","requires_installed_inspection","","version-based runner may see source identity as pending; exact planned-set/status evidence required","not_approved; source SQL may mutate data/DDL/privileges or require historical predecessor state"
"repository","supabase","supabase/migrations/20260917132836_8fd4df86-2c59-4bd2-aa64-5f841b37e46c.sql","20260917132836","8fd4df86-2c59-4bd2-aa64-5f841b37e46c","{""commit"":""0bf8741d659d3c52ef492b4ca5f5cd8c1dff30c8"",""time"":""2026-09-17T13:28:40Z""}","4fabe896da91e0d4040768773c06c817dd9cc515","1481111287837c1e119049ae1b69595374dcc641b9943790015dba65f7bef43f","b79065a66f315c1d95364f5786cf49f5e892de39ed9525a1cc3a8c720cd5c986","","false","","","","[{""path"":""supabase/migrations/20260915130000_admin_area_type_rename.sql"",""version"":""20260915130000"",""byteIdentical"":false}]","not_exported_in_001B; no reconstructed ledger bytes assumed","","source_text_equivalence_only","duplicate_content_alias","requires_installed_inspection","","version-based runner may see source identity as pending; exact planned-set/status evidence required","not_approved; source SQL may mutate data/DDL/privileges or require historical predecessor state"
"repository","supabase","supabase/migrations/20260917132943_e13f0804-89c2-43b5-88d1-0a5cc88c8af9.sql","20260917132943","e13f0804-89c2-43b5-88d1-0a5cc88c8af9","{""commit"":""dbbc34884e586ef1c8ecfb9b7ab7729b02082abe"",""time"":""2026-09-17T13:29:45Z""}","21c744b7f25a2b560337e333b8b9ba13536f9f94","cd693340dd6af786243f181a103c1b5536915f65b51cc82897019627204be2e2","02d70a6174bc775dce3f5dea1fe2ae314204134f2a0577bb05324f6fb93b6366","","false","","","","[{""path"":""supabase/migrations/20260915140000_admin_reciprocal_node_connections.sql"",""version"":""20260915140000"",""byteIdentical"":false}]","not_exported_in_001B; no reconstructed ledger bytes assumed","","source_text_equivalence_only","duplicate_content_alias","requires_installed_inspection","","version-based runner may see source identity as pending; exact planned-set/status evidence required","not_approved; source SQL may mutate data/DDL/privileges or require historical predecessor state"
"repository","supabase","supabase/migrations/20260917133016_34f930e7-7795-4fbd-99aa-f5a87b390b84.sql","20260917133016","34f930e7-7795-4fbd-99aa-f5a87b390b84","{""commit"":""70e89db07f80ed8746f0e1fbbea0313a67b00b78"",""time"":""2026-09-17T13:30:19Z""}","6918b1aa202057db92e3c6c2dcbeab136c166dd1","d7d644f47b3b903094d1c9f71b12bc925f3e5193a214a592a3afb4c28525aa64","a93342093adb1b38fa9273b25efe441defb08fd6136af71c89ddc2f3e24b9b1e","","false","","","","[{""path"":""supabase/migrations/20260915150000_admin_region_initial_node_creation.sql"",""version"":""20260915150000"",""byteIdentical"":false}]","not_exported_in_001B; no reconstructed ledger bytes assumed","","source_text_equivalence_only","duplicate_content_alias","requires_installed_inspection","","version-based runner may see source identity as pending; exact planned-set/status evidence required","not_approved; source SQL may mutate data/DDL/privileges or require historical predecessor state"
"repository","supabase","supabase/migrations/20260917133107_c49ddc4a-c27a-4973-bb3e-5acb29d39b5d.sql","20260917133107","c49ddc4a-c27a-4973-bb3e-5acb29d39b5d","{""commit"":""68fc5114b63adb1ba23e97fb43a867e9a9e8b293"",""time"":""2026-09-17T13:31:12Z""}","92c671272481430acb9b4e4702ac7f91c2f5eec1","f8efb80bd5901409ac140f61e4d47bf09f548af095695ce164a1da86dcdb2163","d823e4b3c8813197767181fa10b457087464ae23e184139f9d030943cc1bc771","","false","","","","[{""path"":""supabase/migrations/20260915160000_admin_adjacent_node_creation.sql"",""version"":""20260915160000"",""byteIdentical"":false}]","not_exported_in_001B; no reconstructed ledger bytes assumed","","source_text_equivalence_only","duplicate_content_alias","requires_installed_inspection","","version-based runner may see source identity as pending; exact planned-set/status evidence required","not_approved; source SQL may mutate data/DDL/privileges or require historical predecessor state"
"repository","supabase","supabase/migrations/20260917133154_c5911ee4-a930-431e-831c-c22a31fbf8ba.sql","20260917133154","c5911ee4-a930-431e-831c-c22a31fbf8ba","{""commit"":""3fe3043e953f661d2aee4a96342151368762dfec"",""time"":""2026-09-17T13:31:56Z""}","511fb248068a2ca0861930b58b961689e33c42f5","1f53cb6f628a8137e5c8a0c4b28208e0921c23545ab84cb1f7149728688b7178","076155947198a8aa0dfa9d8b13ad27350cb374e533b4681c08f0b37c72b841ad","","false","","","","[{""path"":""supabase/migrations/20260915170000_admin_batch_node_mutation.sql"",""version"":""20260915170000"",""byteIdentical"":false}]","not_exported_in_001B; no reconstructed ledger bytes assumed","","source_text_equivalence_only","duplicate_content_alias","requires_installed_inspection","","version-based runner may see source identity as pending; exact planned-set/status evidence required","not_approved; source SQL may mutate data/DDL/privileges or require historical predecessor state"
"repository","supabase","supabase/migrations/20260917133256_dc1edbc9-46cd-4f57-a839-66e427769cb2.sql","20260917133256","dc1edbc9-46cd-4f57-a839-66e427769cb2","{""commit"":""93aa19394ea3163c36a3d0aea44cb747d105f40a"",""time"":""2026-09-17T13:32:59Z""}","c2f3ba07083f29e00288a70b785511647ca4f8f3","46267f7c3f77615a031839f61f37f0ec72d4737709c1e858f7872d09be7b854e","44dd9e9411d0614e516810614bc10a80227e1dbdb66fa68e133115fd9d196351","","false","","","","[{""path"":""supabase/migrations/20260915180000_admin_loot_table_mutation.sql"",""version"":""20260915180000"",""byteIdentical"":false}]","not_exported_in_001B; no reconstructed ledger bytes assumed","","source_text_equivalence_only","duplicate_content_alias","requires_installed_inspection","","version-based runner may see source identity as pending; exact planned-set/status evidence required","not_approved; source SQL may mutate data/DDL/privileges or require historical predecessor state"
"repository","supabase","supabase/migrations/20260917133413_fc7e672e-18b4-4103-9e8a-40f493fa167f.sql","20260917133413","fc7e672e-18b4-4103-9e8a-40f493fa167f","{""commit"":""83c8a83af76f5fe40d50a3fb24fc19d1e341d435"",""time"":""2026-09-17T13:34:20Z""}","94c361e5353d7d6f7d4cbdd28a81b56724cc857e","cc593a02e3fa2e54152bc8848d0522adae6fd20ca583125864b63988184b957e","229374a259d7e91837c4a0901c676d584dba1cb0c96cb3836fe822391a68adb2","","false","","","","[{""path"":""supabase/migrations/20260915190000_combat2_authoritative_reward_model.sql"",""version"":""20260915190000"",""byteIdentical"":false}]","not_exported_in_001B; no reconstructed ledger bytes assumed","","source_text_equivalence_only","duplicate_content_alias","requires_installed_inspection","","version-based runner may see source identity as pending; exact planned-set/status evidence required","not_approved; source SQL may mutate data/DDL/privileges or require historical predecessor state"
"repository","supabase","supabase/migrations/20260920234050_6123eb9c-3809-4694-8c05-52c9442d80ef.sql","20260920234050","6123eb9c-3809-4694-8c05-52c9442d80ef","{""commit"":""3344c38746dbb7b5cb10db5a707a605dff48a14f"",""time"":""2026-09-20T23:40:52Z""}","068d39d4c9be2f985643685775899ba52b1fa45a","298f62b9dc1b756ab814abcf3cbb103ac7ea092fc5d9a3c2bc80e277da379243","044fea76b743580be495669a642fa2d6dedfdb396bb84b807b5bb00347e67c64","20260920234050","false","","0","","[{""path"":""supabase/migrations/20260921100000_combat2_bounded_diagnostics.sql"",""version"":""20260921100000"",""byteIdentical"":false}]","not_exported_in_001B; no reconstructed ledger bytes assumed","","prior_attributed_ledger_identity; current_row_needs_export","exact_match","no_action","docs/operations/project-state.json:database_migrations[20260921100000_combat2_bounded_diagnostics.sql]","version-based runner may see source identity as pending; exact planned-set/status evidence required","not_approved; source SQL may mutate data/DDL/privileges or require historical predecessor state"
"repository","supabase","supabase/migrations/20260920234117_97de82ce-f036-4d99-b390-82a4872aa0ed.sql","20260920234117","97de82ce-f036-4d99-b390-82a4872aa0ed","{""commit"":""e238c1ba113d2c554362a7e1185f2342f71e769e"",""time"":""2026-09-20T23:41:19Z""}","3c21741de278fa1bcdfdabf0d33adf2dd0e6df0d","38521c906fc3df0fdce7916803f320fbee6a9965f3152370fa8b95fe98b0a537","a91116e4c0a634fa5b61807e9fb29ef37742a0a5d4ac495c1eafd64101ab65fe","20260920234117","false","","0","","[{""path"":""supabase/migrations/20260921110000_combat2_diagnostic_dispatch_integration.sql"",""version"":""20260921110000"",""byteIdentical"":false}]","not_exported_in_001B; no reconstructed ledger bytes assumed","","prior_attributed_ledger_identity; current_row_needs_export","exact_match","no_action","docs/operations/project-state.json:database_migrations[20260921110000_combat2_diagnostic_dispatch_integration.sql]","version-based runner may see source identity as pending; exact planned-set/status evidence required","not_approved; source SQL may mutate data/DDL/privileges or require historical predecessor state"
"repository","supabase","supabase/migrations/20260921100000_combat2_bounded_diagnostics.sql","20260921100000","combat2_bounded_diagnostics","{""commit"":""94542b9ec9c3cc27cf4b894c2b2d3b1180f11214"",""time"":""2026-09-21T01:09:20+02:00""}","2fa61e1cd7653c652fa35e1acbaa48a171092d9e","044fea76b743580be495669a642fa2d6dedfdb396bb84b807b5bb00347e67c64","044fea76b743580be495669a642fa2d6dedfdb396bb84b807b5bb00347e67c64","20260920234050","false","20260920234050","-37150","","[{""path"":""supabase/migrations/20260920234050_6123eb9c-3809-4694-8c05-52c9442d80ef.sql"",""version"":""20260920234050"",""byteIdentical"":false}]","not_exported_in_001B; no reconstructed ledger bytes assumed","","prior_attributed_installation_alias; current_row_needs_export","generated_alias","recognize_alias_only","docs/operations/project-state.json:database_migrations[20260921100000_combat2_bounded_diagnostics.sql]","version-based runner may see source identity as pending; exact planned-set/status evidence required","not_approved; source SQL may mutate data/DDL/privileges or require historical predecessor state"
"repository","supabase","supabase/migrations/20260921110000_combat2_diagnostic_dispatch_integration.sql","20260921110000","combat2_diagnostic_dispatch_integration","{""commit"":""bd0a2aca976891d6f0849cd53f5b8e8260b70aa4"",""time"":""2026-09-21T01:29:12+02:00""}","f8b52a13bf00c8a807005e881168cf61f7fe3ef3","a91116e4c0a634fa5b61807e9fb29ef37742a0a5d4ac495c1eafd64101ab65fe","a91116e4c0a634fa5b61807e9fb29ef37742a0a5d4ac495c1eafd64101ab65fe","20260920234117","false","20260920234117","-40723","","[{""path"":""supabase/migrations/20260920234117_97de82ce-f036-4d99-b390-82a4872aa0ed.sql"",""version"":""20260920234117"",""byteIdentical"":false}]","not_exported_in_001B; no reconstructed ledger bytes assumed","","prior_attributed_installation_alias; current_row_needs_export","generated_alias","recognize_alias_only","docs/operations/project-state.json:database_migrations[20260921110000_combat2_diagnostic_dispatch_integration.sql]","version-based runner may see source identity as pending; exact planned-set/status evidence required","not_approved; source SQL may mutate data/DDL/privileges or require historical predecessor state"
"repository","supabase","supabase/migrations/20260921223049_274ba4d5-ba04-41c3-90fd-ab79cd77b566.sql","20260921223049","274ba4d5-ba04-41c3-90fd-ab79cd77b566","{""commit"":""60cb1e13a08905e97f3036df3a0e2abce06f696e"",""time"":""2026-09-21T22:30:56Z""}","71bdddfc31571d72a80dc42c3ebcaefb8908fac9","21607d456320fda72477a03dc1c3d572eebfd05ae85a72322d10bc09208e6d14","5adfadf9e624671091da03487cc1d240f81c34338214b98ca0f954cc943d69b7","","false","","","","[{""path"":""supabase/pending/20260922000000_combat2_claim_reward_channel_contract.sql"",""version"":""20260922000000"",""byteIdentical"":true}]","not_exported_in_001B; no reconstructed ledger bytes assumed","","source_text_equivalence_only","duplicate_content_alias","requires_installed_inspection","","version-based runner may see source identity as pending; exact planned-set/status evidence required","not_approved; source SQL may mutate data/DDL/privileges or require historical predecessor state"
"repository","supabase","supabase/migrations/20260922100000_int_wis_max_cp_and_combat2_regen.sql","20260922100000","int_wis_max_cp_and_combat2_regen","{""commit"":""d3d21fc2275ac0cce2cf4fa968e847ee0adcbac4"",""time"":""2026-09-22T13:07:23+02:00""}","5ecf0d8752aede35fa687c9cc2029c997b66aa4d","3d2b99b1e08a9ed9b50c677ae1ca130580c6c9c7657395beb9ddefc4011d14f2","3d2b99b1e08a9ed9b50c677ae1ca130580c6c9c7657395beb9ddefc4011d14f2","20260922112544","false","20260922112544","5144","","[{""path"":""supabase/migrations/20260922112544_a2d63b3d-4f07-4641-a911-f6cf25ee1b45.sql"",""version"":""20260922112544"",""byteIdentical"":false}]","not_exported_in_001B; no reconstructed ledger bytes assumed","","prior_attributed_installation_alias; current_row_needs_export","generated_alias","recognize_alias_only","docs/operations/project-state.json:database_migrations[20260922100000_int_wis_max_cp_and_combat2_regen.sql]","version-based runner may see source identity as pending; exact planned-set/status evidence required","not_approved; source SQL may mutate data/DDL/privileges or require historical predecessor state"
"repository","supabase","supabase/migrations/20260922112544_a2d63b3d-4f07-4641-a911-f6cf25ee1b45.sql","20260922112544","a2d63b3d-4f07-4641-a911-f6cf25ee1b45","{""commit"":""e89d105f2c7b6bbd6a692d3cd463e600cc8d8e0c"",""time"":""2026-09-22T11:25:46Z""}","e0d892acdbf2db737ee671c4251e7cbdcd358a15","c821118f6e534dfbe11bce4886f75bc09e99d1922fa70bc6919d2e85827be4a6","3d2b99b1e08a9ed9b50c677ae1ca130580c6c9c7657395beb9ddefc4011d14f2","20260922112544","false","","0","","[{""path"":""supabase/migrations/20260922100000_int_wis_max_cp_and_combat2_regen.sql"",""version"":""20260922100000"",""byteIdentical"":false}]","not_exported_in_001B; no reconstructed ledger bytes assumed","","prior_attributed_ledger_identity; current_row_needs_export","exact_match","no_action","docs/operations/project-state.json:database_migrations[20260922100000_int_wis_max_cp_and_combat2_regen.sql]","version-based runner may see source identity as pending; exact planned-set/status evidence required","not_approved; source SQL may mutate data/DDL/privileges or require historical predecessor state"
"repository","supabase","supabase/migrations/20260922140000_combat2_engagement_release_lifecycle.sql","20260922140000","combat2_engagement_release_lifecycle","{""commit"":""2d754dbf816bf8edf83ebd6434f8cd17f0dd2634"",""time"":""2026-09-22T19:50:59+02:00""}","8281ade3ad7af94528460be62579e1039c42160f","c23bd4a47beea002241e542529cccbf39d36f69adacb3bf9535cd4c976b31501","c23bd4a47beea002241e542529cccbf39d36f69adacb3bf9535cd4c976b31501","20260922210004","false","20260922210004","25204","","[{""path"":""supabase/migrations/20260922210004_378f1214-3c89-404b-a8f9-49642fc2a46a.sql"",""version"":""20260922210004"",""byteIdentical"":false}]","not_exported_in_001B; no reconstructed ledger bytes assumed","","prior_attributed_installation_alias; current_row_needs_export","generated_alias","recognize_alias_only","docs/operations/project-state.json:database_migrations[20260922140000_combat2_engagement_release_lifecycle.sql]","version-based runner may see source identity as pending; exact planned-set/status evidence required","not_approved; source SQL may mutate data/DDL/privileges or require historical predecessor state"
"repository","supabase","supabase/migrations/20260922210004_378f1214-3c89-404b-a8f9-49642fc2a46a.sql","20260922210004","378f1214-3c89-404b-a8f9-49642fc2a46a","{""commit"":""5cecd97a2ad0080a46a5f43972a9db7452d14157"",""time"":""2026-09-22T21:00:07Z""}","f956624664f41f6e00ce07ff3ab34b758a28902f","f9789a76b3736decfd73c63d6014b49596e88680e8120ab5d0807d2ff2ab5ace","c23bd4a47beea002241e542529cccbf39d36f69adacb3bf9535cd4c976b31501","20260922210004","false","","0","","[{""path"":""supabase/migrations/20260922140000_combat2_engagement_release_lifecycle.sql"",""version"":""20260922140000"",""byteIdentical"":false}]","not_exported_in_001B; no reconstructed ledger bytes assumed","","prior_attributed_ledger_identity; current_row_needs_export","exact_match","no_action","docs/operations/project-state.json:database_migrations[20260922140000_combat2_engagement_release_lifecycle.sql]","version-based runner may see source identity as pending; exact planned-set/status evidence required","not_approved; source SQL may mutate data/DDL/privileges or require historical predecessor state"
"repository","supabase","supabase/migrations/20260923084603_63ed1235-60fa-4f63-a4a6-f37673d50ae8.sql","20260923084603","63ed1235-60fa-4f63-a4a6-f37673d50ae8","{""commit"":""bcdff64d8abdbfaca7c7664df0a89a146f554e8b"",""time"":""2026-09-23T08:47:49Z""}","3aabc2adc0725147b115128e54e8c3b4c35f3e5d","4f30b604887f6d24e04dfc3d6cf24adfbc4a4f9676bef21076d28982872b60d4","1ac05f09d69c49746d0b900359c88a5a21f3570f1067a909b10a81237bcda0a1","20260923084603","false","20260923084603","0","","[]","not_exported_in_001B; no reconstructed ledger bytes assumed","","prior_attributed_ledger_identity; current_row_needs_export","exact_match","no_action","docs/operations/project-state.json:database_migrations[20260923084603_63ed1235-60fa-4f63-a4a6-f37673d50ae8.sql]","version-based runner may see source identity as pending; exact planned-set/status evidence required","not_approved; source SQL may mutate data/DDL/privileges or require historical predecessor state"
"repository","supabase","supabase/migrations/20260923100000_authoritative_ooc_resource_settlement.sql","20260923100000","authoritative_ooc_resource_settlement","{""commit"":""4008dc9bfd8ab0ae89be389556719a3d5ebebdb8"",""time"":""2026-09-23T11:30:18+02:00""}","63fd53f7b0009850efa8e9c5f7b4c04b1c1b0dfa","b973e4fe9cbc7b8c787c12ac6e623e65c3ffe7a5ea8937446fc58f90acbae6b9","b973e4fe9cbc7b8c787c12ac6e623e65c3ffe7a5ea8937446fc58f90acbae6b9","20260923101233","false","20260923101233","753","","[{""path"":""supabase/migrations/20260923101233_3c56c1fc-a209-492b-a3ec-7eb752390f4c.sql"",""version"":""20260923101233"",""byteIdentical"":false}]","not_exported_in_001B; no reconstructed ledger bytes assumed","","prior_attributed_installation_alias; current_row_needs_export","generated_alias","recognize_alias_only","docs/operations/project-state.json:database_migrations[20260923100000_authoritative_ooc_resource_settlement.sql]","version-based runner may see source identity as pending; exact planned-set/status evidence required","not_approved; source SQL may mutate data/DDL/privileges or require historical predecessor state"
"repository","supabase","supabase/migrations/20260923101233_3c56c1fc-a209-492b-a3ec-7eb752390f4c.sql","20260923101233","3c56c1fc-a209-492b-a3ec-7eb752390f4c","{""commit"":""43f5cc5623a59c2e3e2f723ecd1c564d86ff96b5"",""time"":""2026-09-23T10:12:37Z""}","e8ac0a9024306db87248c80b1fc32c2fdeeb2a6f","00076c1691b70ff026b69de01d8de928123e1babc06b71901f41bc89f9f90ad2","b973e4fe9cbc7b8c787c12ac6e623e65c3ffe7a5ea8937446fc58f90acbae6b9","20260923101233","false","","0","","[{""path"":""supabase/migrations/20260923100000_authoritative_ooc_resource_settlement.sql"",""version"":""20260923100000"",""byteIdentical"":false}]","not_exported_in_001B; no reconstructed ledger bytes assumed","","prior_attributed_ledger_identity; current_row_needs_export","exact_match","no_action","docs/operations/project-state.json:database_migrations[20260923100000_authoritative_ooc_resource_settlement.sql]","version-based runner may see source identity as pending; exact planned-set/status evidence required","not_approved; source SQL may mutate data/DDL/privileges or require historical predecessor state"
"repository","supabase","supabase/migrations/20260924100000_combat2_post_completion_settlement_ownership.sql","20260924100000","combat2_post_completion_settlement_ownership","{""commit"":""da992d6eedee45e3e45db22ad5181e4acbbafa50"",""time"":""2026-09-24T01:47:02+02:00""}","69a8e2ce914d2114173f15affff5d47444d966a7","fda4238a3c96eebfd82131788ab06688be9541c70dcc369daeb77f86033d7473","fda4238a3c96eebfd82131788ab06688be9541c70dcc369daeb77f86033d7473","20260924100000","false","20260924100000","0","","[]","not_exported_in_001B; no reconstructed ledger bytes assumed","","prior_attributed_ledger_identity; current_row_needs_export","exact_match","no_action","docs/operations/project-state.json:database_migrations[20260924100000_combat2_post_completion_settlement_ownership.sql]","version-based runner may see source identity as pending; exact planned-set/status evidence required","not_approved; source SQL may mutate data/DDL/privileges or require historical predecessor state"
"repository","supabase","supabase/migrations/20260924110000_combat2_intent_spendable_cp_preflight.sql","20260924110000","combat2_intent_spendable_cp_preflight","{""commit"":""a1da978240edda2b118760ddd6439668a0b899ab"",""time"":""2026-09-24T15:19:04+02:00""}","a38e30e98caab741cca383211750292cb328599f","aeb009491e54e43bb899c7d43fd33519ff38af1a947e864799b396f9d216440f","aeb009491e54e43bb899c7d43fd33519ff38af1a947e864799b396f9d216440f","20260924110000","false","20260924110000","0","","[]","not_exported_in_001B; no reconstructed ledger bytes assumed","","prior_attributed_ledger_identity; current_row_needs_export","exact_match","no_action","docs/operations/project-state.json:database_migrations[20260924110000_combat2_intent_spendable_cp_preflight.sql]","version-based runner may see source identity as pending; exact planned-set/status evidence required","not_approved; source SQL may mutate data/DDL/privileges or require historical predecessor state"
"repository","supabase","supabase/migrations/20260928100000_combat2_authoritative_arrival_hostile_initiation.sql","20260928100000","combat2_authoritative_arrival_hostile_initiation","{""commit"":""82abebc5ba17165c62dc427a627bef206f0d1312"",""time"":""2026-09-28T12:02:34+02:00""}","9b337eb26a3a09f232b1db474429c807566523b6","540e2d44d853e641bc5b3f04db3067e3e459d3815f575c057b2ffb7ce4c63095","540e2d44d853e641bc5b3f04db3067e3e459d3815f575c057b2ffb7ce4c63095","20260928213905","false","20260928213905","41945","","[{""path"":""supabase/migrations/20260928213905_bbf754d1-f039-447c-8b43-eacf987b77eb.sql"",""version"":""20260928213905"",""byteIdentical"":false}]","not_exported_in_001B; no reconstructed ledger bytes assumed","","prior_attributed_installation_alias; current_row_needs_export","generated_alias","recognize_alias_only","docs/operations/project-state.json:database_migrations[20260928100000_combat2_authoritative_arrival_hostile_initiation.sql]","version-based runner may see source identity as pending; exact planned-set/status evidence required","not_approved; source SQL may mutate data/DDL/privileges or require historical predecessor state"
"repository","supabase","supabase/migrations/20260928213905_bbf754d1-f039-447c-8b43-eacf987b77eb.sql","20260928213905","bbf754d1-f039-447c-8b43-eacf987b77eb","{""commit"":""b75a09aa48d217b11c43e22af0b85113e006e0df"",""time"":""2026-09-28T21:39:07Z""}","1efa1731c60d1cfbfe9b45a2782dd5848c02d469","df5a8017b8012eaa2555eb787c86551c7c0d3819d17c72cb7538dd6c91b9c45f","540e2d44d853e641bc5b3f04db3067e3e459d3815f575c057b2ffb7ce4c63095","20260928213905","false","","0","","[{""path"":""supabase/migrations/20260928100000_combat2_authoritative_arrival_hostile_initiation.sql"",""version"":""20260928100000"",""byteIdentical"":false}]","not_exported_in_001B; no reconstructed ledger bytes assumed","","prior_attributed_ledger_identity; current_row_needs_export","exact_match","no_action","docs/operations/project-state.json:database_migrations[20260928100000_combat2_authoritative_arrival_hostile_initiation.sql]","version-based runner may see source identity as pending; exact planned-set/status evidence required","not_approved; source SQL may mutate data/DDL/privileges or require historical predecessor state"
"repository","supabase","supabase/migrations/20260929093442_8b9ada16-f768-4652-9a47-5fd1c147699d.sql","20260929093442","8b9ada16-f768-4652-9a47-5fd1c147699d","{""commit"":""51ae2512d395988528786651a22f8e46edcc4f6c"",""time"":""2026-09-29T09:34:45Z""}","59a980565a2d33a5691c594a2c13a44a9ce8c35b","0c17218c75e4d2ddda33d2ff633dc95e2e16db3a8401fd859960cb99b4ea3239","11b2778c84de0fde6714a06e0d5c8da549365afe6365b669aa1f60f859677fdb","20260929093442","true","","0","","[{""path"":""supabase/migrations/20260929100000_combat2_immediate_authoritative_departure.sql"",""version"":""20260929100000"",""byteIdentical"":false}]","not_exported_in_001B; no reconstructed ledger bytes assumed","","fresh_identity; split_statement_content_unavailable","exact_match","no_action","docs/operations/progression-001B-evidence-report.md:H0","version-based runner may see source identity as pending; exact planned-set/status evidence required","not_approved; source SQL may mutate data/DDL/privileges or require historical predecessor state"
"repository","supabase","supabase/migrations/20260929100000_combat2_immediate_authoritative_departure.sql","20260929100000","combat2_immediate_authoritative_departure","{""commit"":""0554810e3b744920fa6e0a350350eecb68ecb397"",""time"":""2026-09-29T00:14:02+02:00""}","61ea6ced712f1da894b7a17b0fbdaa2b7dd959d1","11b2778c84de0fde6714a06e0d5c8da549365afe6365b669aa1f60f859677fdb","11b2778c84de0fde6714a06e0d5c8da549365afe6365b669aa1f60f859677fdb","20260929093442","true","20260929093442","-1518","","[{""path"":""supabase/migrations/20260929093442_8b9ada16-f768-4652-9a47-5fd1c147699d.sql"",""version"":""20260929093442"",""byteIdentical"":false}]","not_exported_in_001B; no reconstructed ledger bytes assumed","","fresh_001B_alias; statement_hash_not_exported","generated_alias","recognize_alias_only","docs/operations/progression-001B-evidence-report.md:H0 examples","version-based runner may see source identity as pending; exact planned-set/status evidence required","not_approved; source SQL may mutate data/DDL/privileges or require historical predecessor state"
"repository","supabase","supabase/migrations/20260929130000_combat2_world_heartbeat_identity.sql","20260929130000","combat2_world_heartbeat_identity","{""commit"":""d78c13572fd27f78c092be0f54440e0e62195ba0"",""time"":""2026-09-29T19:12:07+02:00""}","c0308e2c04e8365120d006052d7c411df60dc661","5b07923d158ea30c297b8acdd3767e6e5a0fac1f49db2f2f1ff080daf44887cd","5b07923d158ea30c297b8acdd3767e6e5a0fac1f49db2f2f1ff080daf44887cd","20260929211804","true","20260929211804","29884","","[{""path"":""supabase/migrations/20260929211804_761d0556-953f-4c59-92d2-da56eca4b29e.sql"",""version"":""20260929211804"",""byteIdentical"":false}]","not_exported_in_001B; no reconstructed ledger bytes assumed","","fresh_001B_alias; statement_hash_not_exported","generated_alias","recognize_alias_only","docs/operations/progression-001B-evidence-report.md:H0 examples","version-based runner may see source identity as pending; exact planned-set/status evidence required","not_approved; source SQL may mutate data/DDL/privileges or require historical predecessor state"
"repository","supabase","supabase/migrations/20260929211804_761d0556-953f-4c59-92d2-da56eca4b29e.sql","20260929211804","761d0556-953f-4c59-92d2-da56eca4b29e","{""commit"":""d9506c89379af680a1dc60870745307647b3c661"",""time"":""2026-09-29T21:18:11Z""}","ed848cb12cc92d00fc7522cd8a1865deab311a2c","f66ae5f784b3adafd499227d302c12afb0e1e51697b4e7722e9246f3baa35eae","5b07923d158ea30c297b8acdd3767e6e5a0fac1f49db2f2f1ff080daf44887cd","20260929211804","true","","0","","[{""path"":""supabase/migrations/20260929130000_combat2_world_heartbeat_identity.sql"",""version"":""20260929130000"",""byteIdentical"":false}]","not_exported_in_001B; no reconstructed ledger bytes assumed","","fresh_identity; split_statement_content_unavailable","exact_match","no_action","docs/operations/progression-001B-evidence-report.md:H0","version-based runner may see source identity as pending; exact planned-set/status evidence required","not_approved; source SQL may mutate data/DDL/privileges or require historical predecessor state"
"repository","supabase","supabase/migrations/20260930130000_combat2_encounter_schedule_drift.sql","20260930130000","combat2_encounter_schedule_drift","{""commit"":""c5c2e0de49b8c16a08afa5f294508e5123d79c11"",""time"":""2026-09-30T21:32:07+02:00""}","5b9752cd01315b543a144f650b534c2bcb631e0e","7f7aaaa87a35ade39559b3e494a5e034aed62bd7a8aa61fb5dd7c0bc94ada05e","7f7aaaa87a35ade39559b3e494a5e034aed62bd7a8aa61fb5dd7c0bc94ada05e","20260930130000","false","20260930130000","0","","[]","not_exported_in_001B; no reconstructed ledger bytes assumed","","prior_attributed_ledger_identity; current_row_needs_export","exact_match","no_action","docs/operations/project-state.json:database_migrations[20260930130000_combat2_encounter_schedule_drift.sql]","version-based runner may see source identity as pending; exact planned-set/status evidence required","not_approved; source SQL may mutate data/DDL/privileges or require historical predecessor state"
"repository","supabase","supabase/migrations/20261001100000_combat2_present_equipment_fencing.sql","20261001100000","combat2_present_equipment_fencing","{""commit"":""07206094e851b2869dd5d6a6a5d401b4b9759dff"",""time"":""2026-10-01T09:46:38+02:00""}","b12e2bceb9341809a77b3515bf6574692fe360b6","66a7bc34f40553e8e59d572fdfcaaaeaf963844be6e8dabd33d9ec56d0a492ff","66a7bc34f40553e8e59d572fdfcaaaeaf963844be6e8dabd33d9ec56d0a492ff","20261001100000","false","20261001100000","0","","[]","not_exported_in_001B; no reconstructed ledger bytes assumed","","prior_attributed_ledger_identity; current_row_needs_export","exact_match","no_action","docs/operations/project-state.json:database_migrations[20261001100000_combat2_present_equipment_fencing.sql]","version-based runner may see source identity as pending; exact planned-set/status evidence required","not_approved; source SQL may mutate data/DDL/privileges or require historical predecessor state"
"repository","supabase","supabase/migrations/20261001130000_combat2_character_persistent_stances.sql","20261001130000","combat2_character_persistent_stances","{""commit"":""f7be8595d7291d98b7ba7dae76f1a9cc362a2b3a"",""time"":""2026-10-01T13:58:38+02:00""}","b667e6af80316fc52c02033adb6501acc8b47504","71cac9fb25698507f591f76aa93c72071f0edd8b59ddde125c3d2feee290c923","71cac9fb25698507f591f76aa93c72071f0edd8b59ddde125c3d2feee290c923","20261001213148","true","20261001213148","30708","","[{""path"":""supabase/migrations/20261001213148_dec8975a-1fb3-43c9-b5a8-73620bd1e0e8.sql"",""version"":""20261001213148"",""byteIdentical"":false}]","not_exported_in_001B; no reconstructed ledger bytes assumed","","fresh_001B_alias; statement_hash_not_exported","generated_alias","recognize_alias_only","docs/operations/progression-001B-evidence-report.md:H0 examples","version-based runner may see source identity as pending; exact planned-set/status evidence required","not_approved; source SQL may mutate data/DDL/privileges or require historical predecessor state"
"repository","supabase","supabase/migrations/20261001213148_dec8975a-1fb3-43c9-b5a8-73620bd1e0e8.sql","20261001213148","dec8975a-1fb3-43c9-b5a8-73620bd1e0e8","{""commit"":""96b8720858ec491ca8d26becd87b2aaa1103368e"",""time"":""2026-10-01T21:32:33Z""}","3a6b2f7c79f91bff1cbd0d30afec5c74040ed80c","08675990dbf72370cd68f60cf0a77a1ea151da6961084a98b68b8e5de01773f8","71cac9fb25698507f591f76aa93c72071f0edd8b59ddde125c3d2feee290c923","20261001213148","true","","0","","[{""path"":""supabase/migrations/20261001130000_combat2_character_persistent_stances.sql"",""version"":""20261001130000"",""byteIdentical"":false}]","not_exported_in_001B; no reconstructed ledger bytes assumed","","fresh_identity; split_statement_content_unavailable","exact_match","no_action","docs/operations/progression-001B-evidence-report.md:H0","version-based runner may see source identity as pending; exact planned-set/status evidence required","not_approved; source SQL may mutate data/DDL/privileges or require historical predecessor state"
"repository","supabase","supabase/migrations/20261001230000_combat2_stance_helper_privileges.sql","20261001230000","combat2_stance_helper_privileges","{""commit"":""9980d8956b60e29d55ad117b216291dc9ad7edbe"",""time"":""2026-10-01T23:53:37+02:00""}","631921d403c2470156a6e1fb9a8ddf0336d6a614","deae78d14dc3474d44e83450beafc903dddb96d6c36b2dcc715e3c335ef71a5c","deae78d14dc3474d44e83450beafc903dddb96d6c36b2dcc715e3c335ef71a5c","20261001230000","true","20261001230000","0","","[]","not_exported_in_001B; no reconstructed ledger bytes assumed","","fresh_identity; split_statement_content_unavailable","exact_match","no_action","docs/operations/progression-001B-evidence-report.md:H0","version-based runner may see source identity as pending; exact planned-set/status evidence required","not_approved; source SQL may mutate data/DDL/privileges or require historical predecessor state"
"repository","supabase","supabase/migrations/20261002190000_combat2_legacy_browser_privileges.sql","20261002190000","combat2_legacy_browser_privileges","{""commit"":""2910080df9a4dcd7fa154512ae0b776914639a9d"",""time"":""2026-10-03T00:02:51+02:00""}","8387794e0fea37b4baec858d7f509a089e30fc9e","73df81b17ee54a0294e231d2f91a70ecc3a9da37508c027f00674d8181b92b65","73df81b17ee54a0294e231d2f91a70ecc3a9da37508c027f00674d8181b92b65","","true","","","{""id"":1,""hash"":""73df81b17ee54a0294e231d2f91a70ecc3a9da37508c027f00674d8181b92b65"",""createdAt"":1791021613818,""journalTag"":""0000_combat2_legacy_browser_privileges""}","[{""path"":""drizzle/migrations/0000_combat2_legacy_browser_privileges.sql"",""version"":""0000"",""byteIdentical"":true}]","not_exported_in_001B; no reconstructed ledger bytes assumed","docs/operations/progression-001B-evidence-report.md:H0 five function ACLs/full MD5s","fresh_001B_effect_and_exact_drizzle_artifact","installed_but_unrecorded_canonical","metadata_repair_candidate","docs/operations/progression-001B-evidence-report.md:H0","version-based runner may see source identity as pending; exact planned-set/status evidence required","not_approved; source SQL may mutate data/DDL/privileges or require historical predecessor state"
"repository","supabase_pending","supabase/pending/20260824_judgment_combat_text.sql","20260824","judgment_combat_text","{""commit"":""6341541cd04a458610a11c9cd2bda8641c2a16bb"",""time"":""2026-08-24T01:45:40Z""}","2123f420fb510b7b2d34c20272f07dc937586516","24bace110598e6d46153bfce333e83374ff531e51e43f4a317583bb37b2c1e83","24bace110598e6d46153bfce333e83374ff531e51e43f4a317583bb37b2c1e83","","false","","","","[]","not_exported_in_001B; no reconstructed ledger bytes assumed","","unresolved_current_ledger","ambiguous","requires_installed_inspection","","not_supabase_migrations_directory; hosted runner must verify exclusion","not_approved; source SQL may mutate data/DDL/privileges or require historical predecessor state"
"repository","supabase_pending","supabase/pending/20260825_boss_cast_mechanical_backfill.sql","20260825","boss_cast_mechanical_backfill","{""commit"":""dbd88a47ed6265d10d07596bbce3312409dbc278"",""time"":""2026-08-24T10:11:07Z""}","21fd7fb250d5520444a954d526114557c97e7680","e2109992a051d80775cbe68378ec8c34d0ac3334a63b9a61a060f13886d4e472","e2109992a051d80775cbe68378ec8c34d0ac3334a63b9a61a060f13886d4e472","","false","","","","[]","not_exported_in_001B; no reconstructed ledger bytes assumed","","unresolved_current_ledger","ambiguous","requires_installed_inspection","","not_supabase_migrations_directory; hosted runner must verify exclusion","not_approved; source SQL may mutate data/DDL/privileges or require historical predecessor state"
"repository","supabase_pending","supabase/pending/20260827_bosscast_lifecycle_prerelease_corrections.sql","20260827","bosscast_lifecycle_prerelease_corrections","{""commit"":""54d37df7720d107828aca6ac76dc6fb6dcc48392"",""time"":""2026-08-27T09:01:32Z""}","9f5b50dd4479bac47dd46ebfd0127ec4c5534612","2a010e0211efae00ff021d52d7ad6c2a483928d66e0a823dcf91b707e6f2d0cf","2a010e0211efae00ff021d52d7ad6c2a483928d66e0a823dcf91b707e6f2d0cf","","false","","","","[]","not_exported_in_001B; no reconstructed ledger bytes assumed","","unresolved_current_ledger","ambiguous","requires_installed_inspection","","not_supabase_migrations_directory; hosted runner must verify exclusion","not_approved; source SQL may mutate data/DDL/privileges or require historical predecessor state"
"repository","supabase_pending","supabase/pending/20260922000000_combat2_claim_reward_channel_contract.sql","20260922000000","combat2_claim_reward_channel_contract","{""commit"":""fd9ef5e7a08574828c0fb23288898f5eb62e8abf"",""time"":""2026-09-21T22:12:22Z""}","71bdddfc31571d72a80dc42c3ebcaefb8908fac9","21607d456320fda72477a03dc1c3d572eebfd05ae85a72322d10bc09208e6d14","5adfadf9e624671091da03487cc1d240f81c34338214b98ca0f954cc943d69b7","","false","","","","[{""path"":""supabase/migrations/20260921223049_274ba4d5-ba04-41c3-90fd-ab79cd77b566.sql"",""version"":""20260921223049"",""byteIdentical"":true}]","not_exported_in_001B; no reconstructed ledger bytes assumed","","source_text_equivalence_only","duplicate_content_alias","requires_installed_inspection","","not_supabase_migrations_directory; hosted runner must verify exclusion","not_approved; source SQL may mutate data/DDL/privileges or require historical predecessor state"
"ledger_evidence","supabase_ledger","","20260219140203","","","","","","20260219140203","true","","","","","","","fresh_identity_without_proven_source_content","ledger_only","requires_installed_inspection","docs/operations/progression-001B-evidence-report.md:H0 six ledger-only/adjacent-pair identities","do_not_delete_or_rekey; content/collision resolution needed","not_approved"
"ledger_evidence","supabase_ledger","","20260329075051","","","","","","20260329075051","true","","","","","","","fresh_identity_without_proven_source_content","ledger_only","requires_installed_inspection","docs/operations/progression-001B-evidence-report.md:H0 six ledger-only/adjacent-pair identities","do_not_delete_or_rekey; content/collision resolution needed","not_approved"
"ledger_evidence","supabase_ledger","","20260430152859","","","","","","20260430152859","true","","","","","","","fresh_identity_without_proven_source_content","ledger_only","requires_installed_inspection","docs/operations/progression-001B-evidence-report.md:H0 six ledger-only/adjacent-pair identities","do_not_delete_or_rekey; content/collision resolution needed","not_approved"
"ledger_evidence","supabase_ledger","","20260511100550","","","","","","20260511100550","true","","","","","","","fresh_identity_without_proven_source_content","ledger_only","requires_installed_inspection","docs/operations/progression-001B-evidence-report.md:H0 six ledger-only/adjacent-pair identities","do_not_delete_or_rekey; content/collision resolution needed","not_approved"
"ledger_evidence","supabase_ledger","","20260629080343","","","","","","20260629080343","true","","","","","","","fresh_identity_without_proven_source_content","ledger_only","requires_installed_inspection","docs/operations/progression-001B-evidence-report.md:H0 six ledger-only/adjacent-pair identities","do_not_delete_or_rekey; content/collision resolution needed","not_approved"
"ledger_evidence","supabase_ledger","","20260728070225","","","","","","20260728070225","true","","","","","","","fresh_identity_without_proven_source_content","ledger_only","requires_installed_inspection","docs/operations/progression-001B-evidence-report.md:H0 six ledger-only/adjacent-pair identities","do_not_delete_or_rekey; content/collision resolution needed","not_approved"
